timestamp,temperature_c,occupancy_flag,is_weekend,is_grid_stress_window,voltage_v,current_a,active_power_kw,reactive_power_kvar,power_factor,kwh_interval,monthly_cum_kwh,energy_charge_running_inr,fixed_charge_for_month_inr,duty_running_inr,gt_hvac_kw,gt_hvac_aging_factor,gt_lighting_kw,gt_fridge_kw,gt_water_heater_kw,gt_plug_loads_kw,anomaly_flag,waste_event_flag,anomaly_type,addon_thd_percent,addon_current_leakage_ma,addon_neutral_ground_v,addon_voltage_fault_v_delta,addon_fault_flag,addon_fault_type
2026-03-01 00:00:00,22.96,1,1,0,230.33,3.89,0.83,0.339,0.926,0.2075,0.21,0.67,40,0.07,0.0,1.0,0.346,0.02,0.0,0.464,0,0,Normal,2.31,3.59,0.21,0.0,0,None
2026-03-01 00:15:00,22.28,1,1,0,229.83,3.63,0.77,0.323,0.922,0.1925,0.4,1.3,40,0.13,0.0,1.0,0.356,0.123,0.0,0.291,0,0,Normal,2.65,1.6,0.7,0.0,0,None
2026-03-01 00:30:00,23.18,1,1,0,228.74,3.37,0.726,0.261,0.941,0.1815,0.58,1.89,40,0.19,0.0,1.0,0.352,0.113,0.0,0.261,0,0,Normal,3.01,3.44,0.8,0.0,0,None
2026-03-01 00:45:00,23.27,1,1,0,232.19,3.16,0.694,0.24,0.945,0.1735,0.76,2.45,40,0.25,0.0,1.0,0.354,0.02,0.0,0.32,0,0,Normal,4.42,3.04,0.96,0.0,0,None
2026-03-01 01:00:00,21.23,1,1,0,230.5,3.06,0.65,0.275,0.921,0.1625,0.92,2.98,40,0.3,0.0,1.0,0.329,0.02,0.0,0.301,0,0,Normal,2.41,1.77,0.97,0.0,0,None
2026-03-01 01:15:00,21.55,1,1,0,232.51,3.27,0.716,0.254,0.942,0.179,1.1,3.56,40,0.36,0.0,1.0,0.344,0.02,0.0,0.352,0,0,Normal,4.14,3.92,1.0,0.0,0,None
2026-03-01 01:30:00,22.27,1,1,0,231.78,3.36,0.734,0.257,0.944,0.1835,1.28,4.16,40,0.42,0.0,1.0,0.343,0.02,0.0,0.371,0,0,Normal,2.41,3.25,0.27,0.0,0,None
2026-03-01 01:45:00,22.05,1,1,0,232.71,3.93,0.848,0.342,0.928,0.212,1.49,4.85,40,0.48,0.0,1.0,0.349,0.108,0.0,0.391,0,0,Normal,2.84,2.66,0.55,0.0,0,None
2026-03-01 02:00:00,21.99,1,1,0,232.44,3.51,0.744,0.333,0.913,0.186,1.68,5.45,40,0.55,0.0,1.0,0.341,0.119,0.0,0.284,0,0,Normal,3.69,1.52,0.43,0.0,0,None
2026-03-01 02:15:00,21.57,1,1,0,231.3,3.85,0.832,0.319,0.934,0.208,1.89,6.13,40,0.61,0.0,1.0,0.355,0.02,0.0,0.457,0,0,Normal,3.54,2.84,0.8,0.0,0,None
2026-03-01 02:30:00,22.44,1,1,0,230.03,2.98,0.637,0.251,0.93,0.1592,2.05,6.65,40,0.66,0.0,1.0,0.339,0.02,0.0,0.278,0,0,Normal,4.39,2.54,0.56,0.0,0,None
2026-03-01 02:45:00,22.39,1,1,0,233.69,3.21,0.711,0.241,0.947,0.1778,2.22,7.22,40,0.72,0.0,1.0,0.34,0.02,0.0,0.351,0,0,Normal,3.03,2.49,0.37,0.0,0,None
2026-03-01 03:00:00,22.24,1,1,0,232.63,4.07,0.887,0.328,0.938,0.2218,2.44,7.95,40,0.79,0.0,1.0,0.354,0.02,0.0,0.513,0,0,Normal,4.35,1.39,0.89,0.0,0,None
2026-03-01 03:15:00,22.77,1,1,0,232.22,3.92,0.84,0.352,0.922,0.21,2.65,8.63,40,0.86,0.0,1.0,0.357,0.133,0.0,0.35,0,0,Normal,4.32,1.01,0.83,0.0,0,None
2026-03-01 03:30:00,22.44,1,1,0,232.44,3.94,0.876,0.265,0.957,0.219,2.87,9.34,40,0.93,0.0,1.001,0.349,0.112,0.0,0.415,0,0,Normal,3.79,1.69,0.74,0.0,0,None
2026-03-01 03:45:00,21.77,1,1,0,231.27,3.71,0.787,0.341,0.918,0.1967,3.07,9.98,40,1.0,0.0,1.001,0.344,0.02,0.0,0.423,0,0,Normal,2.05,3.9,0.21,0.0,0,None
2026-03-01 04:00:00,22.99,1,1,0,233.02,2.88,0.635,0.22,0.945,0.1588,3.23,10.5,40,1.05,0.0,1.001,0.355,0.02,0.0,0.26,0,0,Normal,3.99,3.71,0.56,0.0,0,None
2026-03-01 04:15:00,22.32,1,1,0,231.99,2.72,0.598,0.198,0.949,0.1495,3.38,10.98,40,1.1,0.0,1.001,0.337,0.02,0.0,0.241,0,0,Normal,4.25,3.56,0.55,0.0,0,None
2026-03-01 04:30:00,23.24,1,1,0,233.71,3.76,0.818,0.322,0.93,0.2045,3.58,11.65,40,1.16,0.0,1.001,0.361,0.02,0.0,0.437,0,0,Normal,3.31,1.19,0.83,0.0,0,None
2026-03-01 04:45:00,22.78,1,1,0,234.55,4.59,0.951,0.504,0.884,0.2378,3.82,12.42,40,1.24,0.0,1.001,0.356,0.122,0.0,0.473,0,0,Normal,2.49,3.43,0.4,0.0,0,None
2026-03-01 05:00:00,23.66,1,1,0,235.76,4.59,0.957,0.505,0.884,0.2392,4.06,13.2,40,1.32,0.0,1.001,0.36,0.108,0.0,0.489,0,0,Normal,2.45,3.09,0.32,0.0,0,None
2026-03-01 05:15:00,23.42,1,1,0,236.42,3.44,0.723,0.371,0.89,0.1808,4.24,13.78,40,1.38,0.0,1.001,0.338,0.02,0.0,0.365,0,0,Normal,4.11,1.27,0.79,0.0,0,None
2026-03-01 05:30:00,24.37,1,1,0,235.29,3.65,0.803,0.302,0.936,0.2007,4.44,14.44,40,1.44,0.0,1.001,0.368,0.02,0.0,0.415,0,0,Normal,2.22,3.8,0.76,0.0,0,None
2026-03-01 05:45:00,23.68,1,1,0,235.09,3.78,0.786,0.417,0.884,0.1965,4.64,15.07,40,1.51,0.0,1.001,0.333,0.02,0.0,0.433,0,0,Normal,3.37,2.49,0.72,0.0,0,None
2026-03-01 06:00:00,24.79,1,1,0,233.76,9.36,2.049,0.77,0.936,0.5123,5.15,16.74,40,1.67,0.0,1.001,0.346,0.02,1.314,0.369,0,0,Normal,2.51,1.44,0.99,0.0,0,None
2026-03-01 06:15:00,24.82,1,1,0,232.89,11.25,2.393,1.065,0.914,0.5982,5.75,18.68,40,1.87,0.0,1.001,0.338,0.115,1.597,0.343,0,0,Normal,2.75,2.47,0.85,0.0,0,None
2026-03-01 06:30:00,25.27,1,1,0,234.78,10.42,2.225,1.017,0.91,0.5562,6.3,20.49,40,2.05,0.0,1.001,0.36,0.119,1.219,0.527,0,0,Normal,4.44,3.71,0.62,0.0,0,None
2026-03-01 06:45:00,25.18,1,1,0,234.76,11.77,2.465,1.247,0.892,0.6162,6.92,22.49,40,2.25,0.0,1.001,0.361,0.02,1.658,0.426,0,0,Normal,2.69,2.13,0.24,0.0,0,None
2026-03-01 07:00:00,26.65,1,1,0,235.95,12.23,2.564,1.324,0.889,0.641,7.56,24.58,40,2.46,0.461,1.001,0.037,0.02,1.707,0.339,0,0,Normal,3.71,3.31,0.74,0.0,0,None
2026-03-01 07:15:00,26.66,1,1,0,232.9,10.4,2.156,1.104,0.89,0.539,8.1,26.33,40,2.63,0.362,1.001,0.063,0.02,1.311,0.4,0,0,Normal,3.92,3.26,0.39,0.0,0,None
2026-03-01 07:30:00,27.52,1,1,0,232.57,13.1,2.87,1.02,0.942,0.7175,8.82,28.66,40,2.87,0.837,1.001,0.056,0.02,1.639,0.318,0,0,Normal,2.72,3.75,0.97,0.0,0,None
2026-03-01 07:45:00,26.24,1,1,0,234.15,10.66,2.232,1.119,0.894,0.558,9.38,30.47,40,3.05,0.316,1.001,0.055,0.122,1.412,0.327,0,0,Normal,2.37,2.47,0.43,0.0,0,None
2026-03-01 08:00:00,27.74,1,1,0,232.64,15.13,3.297,1.232,0.937,0.8242,10.2,33.15,40,3.32,0.838,1.001,0.038,0.118,1.878,0.425,0,0,Normal,3.93,2.59,0.5,0.0,0,None
2026-03-01 08:15:00,27.59,1,1,0,234.41,14.37,3.153,1.184,0.936,0.7882,10.99,35.72,40,3.57,0.933,1.001,0.06,0.02,1.801,0.339,0,0,Normal,3.13,2.7,0.7,0.0,0,None
2026-03-01 08:30:00,28.31,1,1,0,231.51,13.42,2.863,1.204,0.922,0.7158,11.7,38.04,40,3.8,1.064,1.001,0.056,0.02,1.344,0.379,0,0,Normal,2.72,2.1,0.87,0.0,0,None
2026-03-01 08:45:00,28.56,1,1,0,231.91,12.89,2.86,0.869,0.957,0.715,12.42,40.36,40,4.04,1.142,1.001,0.035,0.02,1.329,0.334,0,0,Normal,2.53,1.2,0.24,0.0,0,None
2026-03-01 09:00:00,29.5,1,1,0,235.12,9.32,1.993,0.909,0.91,0.4982,12.92,41.98,40,4.2,1.512,1.001,0.073,0.02,0.0,0.388,0,0,Normal,4.46,2.76,0.31,0.0,0,None
2026-03-01 09:15:00,29.13,1,1,0,232.94,9.82,2.02,1.075,0.883,0.505,13.42,43.63,40,4.36,1.455,1.001,0.047,0.128,0.0,0.39,0,0,Normal,3.62,3.95,0.77,0.0,0,None
2026-03-01 09:30:00,29.14,1,1,0,231.55,8.87,1.889,0.807,0.92,0.4722,13.9,45.16,40,4.52,1.475,1.001,0.053,0.123,0.0,0.238,0,0,Normal,3.31,1.35,0.96,0.0,0,None
2026-03-01 09:45:00,29.88,1,1,0,233.27,10.83,2.264,1.121,0.896,0.566,14.46,47.0,40,4.7,1.777,1.001,0.042,0.02,0.0,0.425,0,0,Normal,2.29,3.03,0.2,0.0,0,None
2026-03-01 10:00:00,31.37,1,1,0,232.91,13.45,2.787,1.428,0.89,0.6968,15.16,49.26,40,4.93,2.335,1.002,0.062,0.02,0.0,0.37,0,0,Normal,4.28,1.45,0.74,0.0,0,None
2026-03-01 10:15:00,31.27,1,1,0,230.59,12.39,2.74,0.806,0.959,0.685,15.84,51.49,40,5.15,2.271,1.002,0.06,0.02,0.0,0.389,0,0,Normal,2.83,2.42,0.9,0.0,0,None
2026-03-01 10:30:00,30.67,1,1,0,230.63,12.21,2.559,1.176,0.909,0.6398,16.48,53.57,40,5.36,2.114,1.002,0.036,0.02,0.0,0.389,0,0,Normal,3.98,1.98,0.65,0.0,0,None
2026-03-01 10:45:00,31.12,1,1,0,230.8,13.05,2.817,1.065,0.935,0.7042,17.19,55.86,40,5.59,2.207,1.002,0.046,0.121,0.0,0.443,0,0,Normal,4.26,2.02,0.94,0.0,0,None
2026-03-01 11:00:00,32.3,0,1,0,232.79,1.65,0.345,0.17,0.897,0.0862,17.27,56.14,40,5.61,0.0,1.002,0.047,0.12,0.0,0.178,0,0,Normal,2.51,1.48,0.77,0.0,0,None
2026-03-01 11:15:00,32.35,0,1,0,232.13,1.31,0.267,0.143,0.881,0.0668,17.34,56.36,40,5.64,0.0,1.002,0.055,0.02,0.0,0.192,0,0,Normal,4.44,3.03,0.25,0.0,0,None
2026-03-01 11:30:00,32.68,0,1,0,229.56,1.42,0.313,0.094,0.958,0.0782,17.42,56.61,40,5.66,0.0,1.002,0.059,0.02,0.0,0.234,0,0,Normal,4.24,2.51,0.91,0.0,0,None
2026-03-01 11:45:00,32.35,0,1,0,229.99,0.68,0.146,0.054,0.938,0.0365,17.45,56.73,40,5.67,0.0,1.002,0.033,0.02,0.0,0.093,0,0,Normal,3.42,1.34,0.76,0.0,0,None
2026-03-01 12:00:00,33.54,0,1,0,230.92,1.2,0.26,0.097,0.937,0.065,17.52,56.94,40,5.69,0.0,1.002,0.054,0.02,0.0,0.186,0,0,Normal,3.81,1.82,0.44,0.0,0,None
2026-03-01 12:15:00,33.23,0,1,0,231.62,1.66,0.364,0.125,0.945,0.091,17.61,57.24,40,5.72,0.0,1.002,0.056,0.128,0.0,0.18,0,0,Normal,2.69,3.38,0.9,0.0,0,None
2026-03-01 12:30:00,33.34,0,1,0,227.49,1.64,0.337,0.158,0.906,0.0842,17.7,57.51,40,5.75,0.0,1.002,0.045,0.121,0.0,0.171,0,0,Normal,3.81,2.52,0.67,0.0,0,None
2026-03-01 12:45:00,33.51,0,1,0,227.49,0.85,0.177,0.078,0.915,0.0442,17.74,57.65,40,5.77,0.0,1.002,0.047,0.02,0.0,0.11,0,0,Normal,3.08,2.35,0.52,0.0,0,None
2026-03-01 13:00:00,33.07,0,1,0,228.35,1.57,0.327,0.149,0.91,0.0818,17.82,57.92,40,5.79,0.0,1.002,0.073,0.02,0.0,0.234,0,0,Normal,2.81,3.93,0.75,0.0,0,None
2026-03-01 13:15:00,33.64,0,1,0,226.59,0.93,0.2,0.066,0.95,0.05,17.87,58.08,40,5.81,0.0,1.002,0.034,0.02,0.0,0.146,0,0,Normal,3.74,1.59,0.36,0.0,0,None
2026-03-01 13:30:00,33.56,0,1,0,228.2,0.81,0.168,0.079,0.905,0.042,17.91,58.22,40,5.82,0.0,1.002,0.057,0.02,0.0,0.091,0,0,Normal,2.96,3.72,0.93,0.0,0,None
2026-03-01 13:45:00,33.48,0,1,0,228.52,1.68,0.349,0.162,0.907,0.0872,18.0,58.5,40,5.85,0.0,1.002,0.059,0.118,0.0,0.172,0,0,Normal,3.76,1.52,0.66,0.0,0,None
2026-03-01 14:00:00,33.86,0,1,0,227.81,1.7,0.364,0.132,0.94,0.091,18.09,58.8,40,5.88,0.0,1.002,0.059,0.121,0.0,0.184,0,0,Normal,4.13,2.95,0.5,0.0,0,None
2026-03-01 14:15:00,34.75,0,1,0,228.02,0.81,0.171,0.068,0.929,0.0427,18.13,58.94,40,5.89,0.0,1.002,0.045,0.02,0.0,0.106,0,0,Normal,2.68,2.0,0.68,0.0,0,None
2026-03-01 14:30:00,33.57,0,1,0,228.09,0.86,0.181,0.076,0.922,0.0452,18.18,59.08,40,5.91,0.0,1.002,0.048,0.02,0.0,0.113,0,0,Normal,2.52,2.99,0.97,0.0,0,None
2026-03-01 14:45:00,34.48,0,1,0,228.41,1.5,0.305,0.155,0.891,0.0762,18.26,59.33,40,5.93,0.0,1.002,0.053,0.02,0.0,0.232,0,0,Normal,2.8,2.13,0.99,0.0,0,None
2026-03-01 15:00:00,32.95,1,1,0,228.19,16.98,3.529,1.601,0.911,0.8822,19.14,62.2,40,6.22,3.05,1.002,0.037,0.02,0.0,0.422,0,0,Normal,3.06,1.96,0.56,0.0,0,None
2026-03-01 15:15:00,33.63,1,1,0,226.07,16.85,3.626,1.167,0.952,0.9065,20.04,65.14,40,6.51,3.203,1.002,0.04,0.125,0.0,0.258,0,0,Normal,3.82,1.51,0.74,0.0,0,None
2026-03-01 15:30:00,33.88,1,1,0,228.86,18.36,3.731,1.935,0.888,0.9328,20.98,68.18,40,6.82,3.333,1.002,0.051,0.118,0.0,0.229,0,0,Normal,3.09,3.23,0.31,0.0,0,None
2026-03-01 15:45:00,34.09,1,1,0,227.56,17.98,3.866,1.338,0.945,0.9665,21.94,71.32,40,7.13,3.439,1.002,0.048,0.02,0.0,0.359,0,0,Normal,3.73,1.36,0.29,0.0,0,None
2026-03-01 16:00:00,33.55,1,1,0,226.98,16.75,3.552,1.357,0.934,0.888,22.83,74.2,40,7.42,3.237,1.002,0.041,0.02,0.0,0.254,0,0,Normal,4.49,2.63,0.43,0.0,0,None
2026-03-01 16:15:00,33.59,1,1,0,228.0,17.85,3.619,1.863,0.889,0.9048,23.74,77.14,40,7.71,3.288,1.002,0.05,0.02,0.0,0.261,0,0,Normal,2.58,2.44,0.29,0.0,0,None
2026-03-01 16:30:00,33.02,1,1,0,228.56,15.56,3.359,1.171,0.944,0.8398,24.58,79.87,40,7.99,3.031,1.003,0.053,0.02,0.0,0.255,0,0,Normal,3.9,1.49,0.67,0.0,0,None
2026-03-01 16:45:00,32.96,1,1,0,225.89,16.95,3.523,1.5,0.92,0.8808,25.46,82.74,40,8.27,2.993,1.003,0.029,0.117,0.0,0.384,0,0,Normal,3.19,1.99,0.29,0.0,0,None
2026-03-01 17:00:00,32.67,1,1,0,224.76,16.78,3.443,1.542,0.913,0.8608,26.32,85.53,40,8.55,2.927,1.003,0.055,0.12,0.0,0.341,0,0,Normal,3.05,3.44,0.65,0.0,0,None
2026-03-01 17:15:00,32.15,1,1,0,225.5,15.39,3.228,1.278,0.93,0.807,27.12,88.16,40,8.82,2.772,1.003,0.046,0.02,0.0,0.39,0,0,Normal,3.5,2.01,0.31,0.0,0,None
2026-03-01 17:30:00,31.6,1,1,0,223.74,13.22,2.674,1.267,0.904,0.6685,27.79,90.33,40,9.03,2.379,1.003,0.072,0.02,0.0,0.203,0,0,Normal,2.3,3.43,0.53,0.0,0,None
2026-03-01 17:45:00,31.68,1,1,0,227.4,14.09,2.839,1.485,0.886,0.7098,28.5,92.63,40,9.26,2.478,1.003,0.053,0.02,0.0,0.288,0,0,Normal,2.79,1.93,0.25,0.0,0,None
2026-03-01 18:00:00,30.54,1,1,1,224.69,14.43,2.913,1.422,0.899,0.7282,29.23,95.0,40,9.5,2.06,1.003,0.349,0.02,0.0,0.484,0,0,Normal,2.68,1.02,0.43,0.0,0,None
2026-03-01 18:15:00,31.25,1,1,1,224.19,15.67,3.142,1.57,0.895,0.7855,30.02,97.55,40,9.76,2.311,1.003,0.356,0.13,0.0,0.345,0,0,Normal,3.53,3.97,0.23,0.0,0,None
2026-03-01 18:30:00,31.07,1,1,1,227.3,15.01,3.117,1.39,0.913,0.7792,30.8,100.09,40,10.01,2.306,1.003,0.356,0.125,0.0,0.33,0,0,Normal,2.56,2.72,0.93,0.0,0,None
2026-03-01 18:45:00,31.35,1,1,1,227.23,14.06,2.944,1.243,0.921,0.736,31.53,102.48,40,10.25,2.33,1.003,0.349,0.02,0.0,0.245,0,0,Normal,2.12,1.54,0.59,0.0,0,None
2026-03-01 19:00:00,29.34,1,1,1,225.19,21.18,4.29,2.082,0.9,1.0725,32.6,105.96,40,10.6,1.49,1.003,0.344,0.02,1.931,0.505,0,0,Normal,2.1,1.88,0.75,0.0,0,None
2026-03-01 19:15:00,29.63,1,1,1,226.35,18.03,3.848,1.356,0.943,0.962,33.57,109.09,40,10.91,1.701,1.003,0.357,0.02,1.433,0.337,0,0,Normal,3.94,1.45,0.5,0.0,0,None
2026-03-01 19:30:00,29.87,1,1,1,226.46,20.31,4.181,1.916,0.909,1.0452,34.61,112.49,40,11.25,1.614,1.003,0.35,0.02,1.715,0.482,0,0,Normal,3.71,1.57,0.31,0.0,0,None
2026-03-01 19:45:00,29.4,1,1,1,227.59,20.34,4.301,1.713,0.929,1.0752,35.69,115.98,40,11.6,1.541,1.003,0.358,0.114,1.944,0.344,0,0,Normal,4.12,2.46,0.31,0.0,0,None
2026-03-01 20:00:00,28.23,1,1,1,226.17,17.24,3.647,1.378,0.935,0.9118,36.6,118.95,40,11.89,1.214,1.003,0.349,0.117,1.632,0.335,0,0,Normal,3.69,2.81,0.32,0.0,0,None
2026-03-01 20:15:00,27.67,1,1,1,227.14,15.66,3.351,1.196,0.942,0.8378,37.44,121.67,40,12.17,0.872,1.003,0.353,0.02,1.697,0.409,0,0,Normal,2.13,3.82,0.42,0.0,0,None
2026-03-01 20:30:00,27.82,1,1,1,226.5,18.73,3.787,1.911,0.893,0.9468,38.38,124.75,40,12.47,0.949,1.003,0.349,0.02,1.997,0.472,0,0,Normal,3.75,2.64,0.26,0.0,0,None
2026-03-01 20:45:00,27.81,1,1,1,225.55,13.87,2.831,1.333,0.905,0.7077,39.09,127.05,40,12.7,0.879,1.003,0.348,0.02,1.26,0.324,0,0,Normal,3.37,3.93,0.99,0.0,0,None
2026-03-01 21:00:00,25.85,1,1,1,225.51,11.36,2.423,0.83,0.946,0.6058,39.7,129.01,40,12.9,0.139,1.003,0.338,0.02,1.506,0.42,0,0,Normal,4.4,2.26,0.77,0.0,0,None
2026-03-01 21:15:00,26.69,1,1,1,229.16,15.4,3.304,1.238,0.936,0.826,40.52,131.7,40,13.17,0.47,1.003,0.341,0.122,1.958,0.413,0,0,Normal,2.57,2.36,0.55,0.0,0,None
2026-03-01 21:30:00,26.21,1,1,1,228.12,15.57,3.272,1.381,0.921,0.818,41.34,134.36,40,13.44,0.378,1.003,0.353,0.119,1.918,0.504,0,0,Normal,2.19,3.67,0.84,0.0,0,None
2026-03-01 21:45:00,26.45,1,1,1,226.71,11.41,2.466,0.784,0.953,0.6165,41.96,136.36,40,13.64,0.331,1.003,0.356,0.02,1.312,0.447,0,0,Normal,4.08,2.03,0.55,0.0,0,None
2026-03-01 22:00:00,25.24,1,1,1,228.91,3.38,0.697,0.338,0.9,0.1743,42.13,136.93,40,13.69,0.0,1.003,0.341,0.02,0.0,0.336,0,0,Normal,3.06,1.7,0.42,0.0,0,None
2026-03-01 22:15:00,25.22,1,1,1,229.99,3.36,0.708,0.31,0.916,0.177,42.31,137.5,40,13.75,0.0,1.003,0.352,0.02,0.0,0.336,0,0,Normal,3.17,3.85,0.23,0.0,0,None
2026-03-01 22:30:00,25.33,1,1,1,229.38,3.83,0.808,0.346,0.919,0.202,42.51,138.16,40,13.82,0.01,1.003,0.364,0.02,0.0,0.414,0,0,Normal,3.79,1.25,0.9,0.0,0,None
2026-03-01 22:45:00,24.95,1,1,1,227.92,3.68,0.75,0.376,0.894,0.1875,42.7,138.77,40,13.88,0.0,1.003,0.34,0.124,0.0,0.286,0,0,Normal,2.46,3.7,0.46,0.0,0,None
2026-03-01 23:00:00,23.55,1,1,1,228.67,4.6,0.943,0.466,0.897,0.2358,42.93,139.53,40,13.95,0.0,1.004,0.346,0.118,0.0,0.479,0,0,Normal,3.13,2.44,0.96,0.0,0,None
2026-03-01 23:15:00,23.72,1,1,1,230.15,2.81,0.601,0.236,0.931,0.1502,43.08,140.02,40,14.0,0.0,1.004,0.356,0.02,0.0,0.225,0,0,Normal,4.01,2.62,0.24,0.0,0,None
2026-03-01 23:30:00,22.91,1,1,1,231.4,3.66,0.746,0.403,0.88,0.1865,43.27,140.63,40,14.06,0.0,1.004,0.357,0.02,0.0,0.369,0,0,Normal,3.49,3.01,0.95,0.0,0,None
2026-03-01 23:45:00,23.03,1,1,1,228.75,3.59,0.749,0.337,0.912,0.1872,43.46,141.24,40,14.12,0.0,1.004,0.35,0.02,0.0,0.379,0,0,Normal,4.26,2.93,0.65,0.0,0,None
2026-03-02 00:00:00,22.14,1,0,0,229.1,3.18,0.658,0.312,0.903,0.1645,43.62,141.77,40,14.18,0.0,1.004,0.341,0.02,0.0,0.297,0,0,Normal,4.16,2.98,0.74,0.0,0,None
2026-03-02 00:15:00,22.31,1,0,0,228.55,4.34,0.933,0.334,0.942,0.2332,43.86,142.53,40,14.25,0.0,1.004,0.345,0.126,0.0,0.462,0,0,Normal,2.68,1.55,0.77,0.0,0,None
2026-03-02 00:30:00,23.0,1,0,0,231.16,3.93,0.832,0.366,0.915,0.208,44.06,143.21,40,14.32,0.0,1.004,0.35,0.123,0.0,0.359,0,0,Normal,3.99,2.97,0.58,0.0,0,None
2026-03-02 00:45:00,22.35,1,0,0,229.48,3.25,0.712,0.225,0.954,0.178,44.24,143.78,40,14.38,0.0,1.004,0.368,0.02,0.0,0.324,0,0,Normal,3.59,3.18,0.91,0.0,0,None
2026-03-02 01:00:00,22.02,1,0,0,231.61,2.76,0.606,0.205,0.947,0.1515,44.39,144.28,40,14.43,0.0,1.004,0.356,0.02,0.0,0.23,0,0,Normal,2.3,3.81,0.47,0.0,0,None
2026-03-02 01:15:00,22.85,1,0,0,229.61,3.44,0.708,0.352,0.895,0.177,44.57,144.85,40,14.49,0.0,1.004,0.349,0.02,0.0,0.339,0,0,Normal,2.66,1.91,0.86,0.0,0,None
2026-03-02 01:30:00,22.03,1,0,0,231.27,3.62,0.798,0.252,0.954,0.1995,44.77,145.5,40,14.55,0.0,1.004,0.358,0.02,0.0,0.42,0,0,Normal,3.88,3.81,0.47,0.0,0,None
2026-03-02 01:45:00,22.57,1,0,0,233.86,4.03,0.874,0.353,0.927,0.2185,44.99,146.21,40,14.62,0.0,1.004,0.333,0.119,0.0,0.422,0,0,Normal,4.11,2.7,0.25,0.0,0,None
2026-03-02 02:00:00,21.53,1,0,0,234.51,4.35,0.908,0.467,0.889,0.227,45.22,146.95,40,14.69,0.0,1.004,0.365,0.123,0.0,0.42,0,0,Normal,2.39,1.36,0.51,0.0,0,None
2026-03-02 02:15:00,21.9,1,0,0,232.32,3.02,0.624,0.32,0.89,0.156,45.37,147.46,40,14.75,0.0,1.004,0.36,0.02,0.0,0.244,0,0,Normal,3.76,1.07,0.21,0.0,0,None
2026-03-02 02:30:00,21.52,1,0,0,232.35,3.31,0.704,0.308,0.916,0.176,45.55,148.03,40,14.8,0.0,1.004,0.346,0.02,0.0,0.338,0,0,Normal,2.81,2.56,0.94,0.0,0,None
2026-03-02 02:45:00,21.83,1,0,0,231.63,3.06,0.651,0.281,0.918,0.1628,45.71,148.56,40,14.86,0.0,1.004,0.344,0.02,0.0,0.287,0,0,Normal,2.46,2.61,0.4,0.0,0,None
2026-03-02 03:00:00,22.62,1,0,0,232.22,3.99,0.887,0.264,0.958,0.2218,45.93,149.28,40,14.93,0.0,1.004,0.339,0.02,0.0,0.528,0,0,Normal,2.25,2.91,0.33,0.0,0,None
2026-03-02 03:15:00,21.34,1,0,0,233.69,3.66,0.765,0.382,0.895,0.1912,46.12,149.9,40,14.99,0.0,1.004,0.341,0.117,0.0,0.307,0,0,Normal,2.25,2.64,0.88,0.0,0,None
2026-03-02 03:30:00,22.42,1,0,0,233.94,4.16,0.868,0.44,0.892,0.217,46.34,150.6,40,15.06,0.0,1.004,0.351,0.116,0.0,0.401,0,0,Normal,3.16,2.5,0.43,0.0,0,None
2026-03-02 03:45:00,22.32,1,0,0,234.02,3.5,0.766,0.288,0.936,0.1915,46.53,151.23,40,15.12,0.0,1.004,0.325,0.02,0.0,0.421,0,0,Normal,2.29,2.57,0.64,0.0,0,None
2026-03-02 04:00:00,22.51,1,0,0,233.15,3.29,0.71,0.29,0.926,0.1775,46.71,151.8,40,15.18,0.0,1.004,0.372,0.02,0.0,0.318,0,0,Normal,3.52,1.87,0.3,0.0,0,None
2026-03-02 04:15:00,22.08,1,0,0,235.03,3.72,0.779,0.397,0.891,0.1948,46.9,152.44,40,15.24,0.0,1.004,0.358,0.02,0.0,0.401,0,0,Normal,4.06,1.15,0.7,0.0,0,None
2026-03-02 04:30:00,22.84,1,0,0,233.24,3.4,0.717,0.339,0.904,0.1793,47.08,153.02,40,15.3,0.0,1.004,0.375,0.02,0.0,0.322,0,0,Normal,3.06,2.51,0.93,0.0,0,None
2026-03-02 04:45:00,22.54,1,0,0,232.17,4.82,1.006,0.492,0.898,0.2515,47.33,153.84,40,15.38,0.0,1.004,0.349,0.117,0.0,0.54,0,0,Normal,3.55,1.29,0.52,0.0,0,None
2026-03-02 05:00:00,23.87,1,0,0,233.67,3.53,0.759,0.322,0.921,0.1898,47.52,154.45,40,15.45,0.0,1.004,0.362,0.122,0.0,0.275,0,0,Normal,4.09,2.61,0.33,0.0,0,None
2026-03-02 05:15:00,23.77,1,0,0,234.34,2.74,0.575,0.285,0.896,0.1438,47.67,154.92,40,15.49,0.0,1.004,0.352,0.02,0.0,0.203,0,0,Normal,4.06,3.66,0.94,0.0,0,None
2026-03-02 05:30:00,24.56,1,0,0,235.72,2.98,0.658,0.243,0.938,0.1645,47.83,155.45,40,15.55,0.0,1.005,0.35,0.02,0.0,0.288,0,0,Normal,2.78,1.49,0.79,0.0,0,None
2026-03-02 05:45:00,23.64,1,0,0,234.79,3.2,0.69,0.294,0.92,0.1725,48.0,156.02,40,15.6,0.0,1.005,0.348,0.02,0.0,0.322,0,0,Normal,3.41,1.2,0.55,0.0,0,None
2026-03-02 06:00:00,24.49,1,0,0,235.21,12.08,2.518,1.317,0.886,0.6295,48.63,158.06,40,15.81,0.0,1.005,0.34,0.02,1.839,0.319,0,0,Normal,3.19,3.04,0.62,0.0,0,None
2026-03-02 06:15:00,25.09,1,0,0,232.95,10.29,2.205,0.943,0.92,0.5512,49.19,159.85,40,15.99,0.0,1.005,0.359,0.119,1.255,0.472,0,0,Normal,2.3,1.21,0.73,0.0,0,None
2026-03-02 06:30:00,25.11,1,0,0,234.3,10.77,2.34,0.944,0.927,0.585,49.77,161.75,40,16.18,0.0,1.005,0.356,0.126,1.59,0.268,0,0,Normal,2.5,3.16,0.56,0.0,0,None
2026-03-02 06:45:00,25.68,1,0,0,232.99,11.05,2.37,1.005,0.921,0.5925,50.36,163.97,65,16.4,0.028,1.005,0.358,0.02,1.538,0.426,0,0,Normal,2.21,3.03,0.71,0.0,0,None
2026-03-02 07:00:00,26.86,1,0,0,234.17,12.86,2.705,1.325,0.898,0.6762,51.04,166.71,65,16.67,0.542,1.005,0.051,0.02,1.567,0.525,0,0,Normal,2.56,2.07,0.81,0.0,0,None
2026-03-02 07:15:00,26.63,1,0,0,234.88,11.11,2.492,0.773,0.955,0.623,51.66,169.23,65,16.92,0.415,1.005,0.051,0.02,1.649,0.357,0,0,Normal,4.39,1.88,0.77,0.0,0,None
2026-03-02 07:30:00,27.18,1,0,0,233.06,12.5,2.615,1.286,0.897,0.6538,52.32,171.88,65,17.19,0.721,1.005,0.046,0.02,1.563,0.265,0,0,Normal,4.27,2.17,0.97,0.0,0,None
2026-03-02 07:45:00,25.85,1,0,0,235.12,11.6,2.444,1.21,0.896,0.611,52.93,174.35,65,17.44,0.026,1.005,0.066,0.125,1.981,0.246,0,0,Normal,4.06,3.04,0.58,0.0,0,None
2026-03-02 08:00:00,27.68,1,0,0,231.98,14.05,2.98,1.322,0.914,0.745,53.67,177.37,65,17.74,0.892,1.005,0.045,0.118,1.609,0.316,0,0,Normal,4.12,2.77,0.97,0.0,0,None
2026-03-02 08:15:00,27.54,1,0,0,231.88,12.78,2.683,1.258,0.905,0.6708,54.34,180.09,65,18.01,0.786,1.005,0.042,0.02,1.501,0.334,0,0,Normal,4.3,1.28,0.73,0.0,0,None
2026-03-02 08:30:00,27.81,1,0,0,233.38,13.94,3.065,1.087,0.942,0.7662,55.11,183.19,65,18.32,0.947,1.005,0.058,0.02,1.66,0.38,0,0,Normal,2.47,1.21,0.57,0.0,0,None
2026-03-02 08:45:00,27.31,1,0,0,233.29,12.45,2.582,1.332,0.889,0.6455,55.75,185.81,65,18.58,0.822,1.005,0.05,0.02,1.268,0.422,0,0,Normal,3.45,3.42,0.33,0.0,0,None
2026-03-02 09:00:00,29.87,0,0,0,232.86,0.77,0.169,0.058,0.946,0.0422,55.8,185.98,65,18.6,0.0,1.005,0.046,0.02,0.0,0.103,0,0,Normal,2.94,3.07,0.72,0.0,0,None
2026-03-02 09:15:00,29.44,0,0,0,231.62,1.71,0.368,0.147,0.929,0.092,55.89,186.35,65,18.63,0.0,1.005,0.05,0.117,0.0,0.201,0,0,Normal,2.48,3.82,0.93,0.0,0,None
2026-03-02 09:30:00,28.82,0,0,0,232.92,1.61,0.354,0.122,0.945,0.0885,55.98,186.71,65,18.67,0.0,1.005,0.047,0.12,0.0,0.187,0,0,Normal,2.34,1.97,0.51,0.0,0,None
2026-03-02 09:45:00,29.05,0,0,0,232.08,1.44,0.298,0.151,0.891,0.0745,56.05,187.01,65,18.7,0.0,1.005,0.057,0.02,0.0,0.221,0,0,Normal,4.17,2.46,0.33,0.0,0,None
2026-03-02 10:00:00,31.16,0,0,0,233.43,1.25,0.268,0.117,0.916,0.067,56.12,187.28,65,18.73,0.0,1.005,0.039,0.02,0.0,0.209,0,0,Normal,3.6,1.39,0.71,0.0,0,None
2026-03-02 10:15:00,31.42,0,0,0,231.6,0.76,0.167,0.054,0.952,0.0418,56.16,187.45,65,18.75,0.0,1.005,0.048,0.02,0.0,0.099,0,0,Normal,3.77,3.21,0.79,0.0,0,None
2026-03-02 10:30:00,32.0,0,0,0,233.09,1.21,0.268,0.087,0.951,0.067,56.23,187.72,65,18.77,0.0,1.005,0.051,0.02,0.0,0.197,0,0,Normal,4.23,1.63,0.31,0.0,0,None
2026-03-02 10:45:00,32.46,0,0,0,232.97,1.62,0.342,0.161,0.905,0.0855,56.31,188.07,65,18.81,0.0,1.005,0.06,0.116,0.0,0.166,0,0,Normal,2.47,2.72,0.28,0.0,0,None
2026-03-02 11:00:00,32.45,0,0,0,231.02,1.44,0.314,0.111,0.943,0.0785,56.39,188.39,65,18.84,0.0,1.005,0.029,0.116,0.0,0.169,0,0,Normal,4.48,1.03,0.95,0.0,0,None
2026-03-02 11:15:00,31.75,0,0,0,230.1,1.08,0.233,0.088,0.935,0.0582,56.45,188.62,65,18.86,0.0,1.005,0.051,0.02,0.0,0.162,0,0,Normal,3.23,2.77,0.4,0.0,0,None
2026-03-02 11:30:00,31.18,0,0,0,232.33,1.45,0.308,0.139,0.912,0.077,56.53,188.93,65,18.89,0.0,1.005,0.055,0.02,0.0,0.233,0,0,Normal,2.86,3.51,0.69,0.0,0,None
2026-03-02 11:45:00,32.38,0,0,0,230.27,0.88,0.19,0.069,0.939,0.0475,56.57,189.13,65,18.91,0.0,1.005,0.036,0.02,0.0,0.134,0,0,Normal,4.34,3.09,0.57,0.0,0,None
2026-03-02 12:00:00,32.79,0,0,0,228.6,0.86,0.18,0.078,0.918,0.045,56.62,189.31,65,18.93,0.0,1.006,0.049,0.02,0.0,0.111,0,0,Normal,2.65,1.94,0.39,0.0,0,None
2026-03-02 12:15:00,32.99,0,0,0,228.41,1.42,0.294,0.136,0.908,0.0735,56.69,189.61,65,18.96,0.0,1.006,0.048,0.126,0.0,0.12,0,0,Normal,4.15,3.35,0.32,0.0,0,None
2026-03-02 12:30:00,32.89,0,0,0,231.13,1.33,0.28,0.128,0.91,0.07,56.76,189.89,65,18.99,0.0,1.006,0.034,0.119,0.0,0.127,0,0,Normal,2.41,1.3,0.65,0.0,0,None
2026-03-02 12:45:00,33.13,0,0,0,228.57,0.9,0.195,0.062,0.953,0.0488,56.81,190.09,65,19.01,0.0,1.006,0.046,0.02,0.0,0.129,0,0,Normal,3.5,1.95,0.56,0.0,0,None
2026-03-02 13:00:00,34.33,0,0,0,230.12,0.97,0.204,0.089,0.916,0.051,56.86,190.29,65,19.03,0.0,1.006,0.05,0.02,0.0,0.134,0,0,Normal,3.55,2.47,0.49,0.0,0,None
2026-03-02 13:15:00,33.87,0,0,0,228.66,1.44,0.296,0.145,0.898,0.074,56.94,190.59,65,19.06,0.0,1.006,0.048,0.02,0.0,0.228,0,0,Normal,2.83,2.39,0.61,0.0,0,None
2026-03-02 13:30:00,33.72,0,0,0,230.72,1.07,0.229,0.091,0.929,0.0572,56.99,190.82,65,19.08,0.0,1.006,0.053,0.02,0.0,0.156,0,0,Normal,3.53,2.45,0.55,0.0,0,None
2026-03-02 13:45:00,33.28,0,0,0,227.59,1.89,0.411,0.128,0.955,0.1028,57.1,191.24,65,19.12,0.0,1.006,0.047,0.134,0.0,0.23,0,0,Normal,4.35,1.49,0.85,0.0,0,None
2026-03-02 14:00:00,33.16,0,0,0,227.28,1.09,0.231,0.092,0.929,0.0578,57.15,191.47,65,19.15,0.0,1.006,0.032,0.113,0.0,0.086,0,0,Normal,2.93,4.0,0.35,0.0,0,None
2026-03-02 14:15:00,33.76,0,0,0,228.96,1.0,0.215,0.076,0.943,0.0538,57.21,191.69,65,19.17,0.0,1.006,0.042,0.02,0.0,0.153,0,0,Normal,2.3,1.92,0.28,0.0,0,None
2026-03-02 14:30:00,33.97,0,0,0,227.28,1.27,0.273,0.09,0.949,0.0682,57.28,191.97,65,19.2,0.0,1.006,0.051,0.02,0.0,0.202,0,0,Normal,3.14,1.24,0.54,0.0,0,None
2026-03-02 14:45:00,34.88,0,0,0,228.13,1.22,0.265,0.087,0.951,0.0662,57.34,192.24,65,19.22,0.0,1.006,0.047,0.02,0.0,0.198,0,0,Normal,2.26,3.94,0.96,0.0,0,None
2026-03-02 15:00:00,33.86,0,0,0,226.71,0.88,0.176,0.092,0.887,0.044,57.39,192.42,65,19.24,0.0,1.006,0.049,0.02,0.0,0.107,0,0,Normal,3.65,3.17,0.21,0.0,0,None
2026-03-02 15:15:00,34.29,0,0,0,227.88,1.88,0.398,0.158,0.93,0.0995,57.49,192.82,65,19.28,0.0,1.006,0.044,0.122,0.0,0.232,0,0,Normal,3.85,3.04,0.94,0.0,0,None
2026-03-02 15:30:00,33.55,0,0,0,226.46,1.85,0.395,0.139,0.943,0.0988,57.58,193.22,65,19.32,0.0,1.006,0.041,0.125,0.0,0.229,0,0,Normal,2.09,3.85,0.81,0.0,0,None
2026-03-02 15:45:00,33.2,0,0,0,227.91,0.76,0.16,0.063,0.93,0.04,57.62,193.38,65,19.34,0.0,1.006,0.052,0.02,0.0,0.088,0,0,Normal,4.08,1.06,0.6,0.0,0,None
2026-03-02 16:00:00,32.71,0,0,0,225.42,1.14,0.241,0.087,0.941,0.0602,57.68,193.62,65,19.36,0.0,1.006,0.061,0.02,0.0,0.16,0,0,Normal,3.71,2.99,0.82,0.0,0,None
2026-03-02 16:15:00,32.83,0,0,0,228.94,0.79,0.168,0.064,0.934,0.042,57.73,193.79,65,19.38,0.0,1.006,0.041,0.02,0.0,0.107,0,0,Normal,3.11,3.83,0.35,0.0,0,None
2026-03-02 16:30:00,34.26,0,0,0,225.15,0.89,0.183,0.082,0.913,0.0458,57.77,193.98,65,19.4,0.0,1.006,0.049,0.02,0.0,0.114,0,0,Normal,2.01,3.89,0.54,0.0,0,None
2026-03-02 16:45:00,32.79,0,0,0,226.73,1.29,0.279,0.089,0.953,0.0697,57.84,194.26,65,19.43,0.0,1.006,0.052,0.122,0.0,0.105,0,0,Normal,2.45,1.04,0.55,0.0,0,None
2026-03-02 17:00:00,32.66,0,0,0,224.77,1.48,0.304,0.137,0.911,0.076,57.92,194.57,65,19.46,0.0,1.006,0.056,0.12,0.0,0.128,0,0,Normal,3.14,3.74,0.44,0.0,0,None
2026-03-02 17:15:00,31.79,0,0,0,225.57,1.24,0.262,0.096,0.939,0.0655,57.98,194.84,65,19.48,0.0,1.006,0.041,0.02,0.0,0.201,0,0,Normal,4.03,3.48,0.23,0.0,0,None
2026-03-02 17:30:00,32.71,0,0,0,226.58,0.91,0.187,0.089,0.903,0.0468,58.03,195.02,65,19.5,0.0,1.006,0.061,0.02,0.0,0.106,0,0,Normal,2.11,1.14,0.43,0.0,0,None
2026-03-02 17:45:00,32.44,0,0,0,225.29,1.05,0.217,0.097,0.913,0.0542,58.08,195.24,65,19.52,0.0,1.006,0.045,0.02,0.0,0.152,0,0,Normal,3.74,3.05,0.22,0.0,0,None
2026-03-02 18:00:00,30.92,1,0,1,226.77,13.34,2.851,1.014,0.942,0.7128,58.8,198.13,65,19.81,2.171,1.006,0.341,0.02,0.0,0.319,0,0,Normal,2.04,1.96,0.3,0.0,0,None
2026-03-02 18:15:00,30.98,1,0,1,226.3,13.86,2.975,0.996,0.948,0.7438,59.54,201.14,65,20.11,2.086,1.006,0.345,0.118,0.0,0.426,0,0,Normal,3.33,2.49,0.39,0.0,0,None
2026-03-02 18:30:00,30.67,1,0,1,227.66,14.26,2.912,1.434,0.897,0.728,60.27,204.09,65,20.41,2.034,1.006,0.355,0.121,0.0,0.402,0,0,Normal,2.71,2.32,0.21,0.0,0,None
2026-03-02 18:45:00,31.22,1,0,1,227.45,14.88,3.248,0.953,0.96,0.812,61.08,207.38,65,20.74,2.333,1.007,0.358,0.02,0.0,0.537,0,0,Normal,3.95,1.97,0.39,0.0,0,None
2026-03-02 19:00:00,29.33,1,0,1,224.74,17.42,3.489,1.774,0.891,0.8722,61.95,210.91,65,21.09,1.444,1.007,0.37,0.02,1.298,0.357,0,0,Normal,2.39,2.28,0.46,0.0,0,None
2026-03-02 19:15:00,28.94,1,0,1,227.0,19.33,4.138,1.459,0.943,1.0345,62.99,215.1,65,21.51,1.501,1.007,0.361,0.02,1.751,0.505,0,0,Normal,4.13,1.53,0.8,0.0,0,None
2026-03-02 19:30:00,28.91,1,0,1,226.49,19.05,3.948,1.741,0.915,0.987,63.98,219.1,65,21.91,1.434,1.007,0.353,0.02,1.777,0.364,0,0,Normal,3.89,3.32,0.41,0.0,0,None
2026-03-02 19:45:00,29.64,1,0,1,224.69,21.35,4.413,1.88,0.92,1.1032,65.08,223.57,65,22.36,1.606,1.007,0.342,0.123,1.887,0.455,0,0,Normal,4.44,3.29,0.43,0.0,0,None
2026-03-02 20:00:00,28.79,1,0,1,226.72,18.57,3.919,1.539,0.931,0.9798,66.06,227.54,65,22.75,1.358,1.007,0.342,0.116,1.638,0.465,0,0,Normal,3.37,1.12,0.33,0.0,0,None
2026-03-02 20:15:00,28.08,1,0,1,226.84,15.21,3.151,1.406,0.913,0.7878,66.85,230.73,65,23.07,1.064,1.007,0.358,0.02,1.253,0.456,0,0,Normal,2.55,3.39,0.89,0.0,0,None
2026-03-02 20:30:00,27.94,1,0,1,229.4,14.99,3.3,0.967,0.96,0.825,67.67,234.07,65,23.41,0.973,1.007,0.345,0.02,1.661,0.301,0,0,Normal,3.86,1.99,0.55,0.0,0,None
2026-03-02 20:45:00,28.14,1,0,1,227.95,15.0,3.105,1.433,0.908,0.7762,68.45,237.21,65,23.72,1.09,1.007,0.348,0.02,1.449,0.198,0,0,Normal,3.34,3.85,0.38,0.0,0,None
2026-03-02 21:00:00,27.1,1,0,1,227.82,14.77,2.987,1.551,0.888,0.7467,69.19,240.24,65,24.02,0.628,1.007,0.343,0.02,1.527,0.469,0,0,Normal,2.05,2.97,0.98,0.0,0,None
2026-03-02 21:15:00,26.56,1,0,1,227.86,14.91,3.231,1.05,0.951,0.8078,70.0,243.51,65,24.35,0.423,1.007,0.333,0.112,1.98,0.383,0,0,Normal,2.45,1.57,0.27,0.0,0,None
2026-03-02 21:30:00,26.24,1,0,1,228.76,13.52,2.799,1.313,0.905,0.6998,70.7,246.34,65,24.63,0.323,1.007,0.348,0.129,1.694,0.305,0,0,Normal,2.6,1.86,0.62,0.0,0,None
2026-03-02 21:45:00,27.0,1,0,1,227.55,14.1,3.079,0.9,0.96,0.7697,71.47,249.46,65,24.95,0.626,1.007,0.347,0.02,1.823,0.263,0,0,Normal,3.73,1.88,0.61,0.0,0,None
2026-03-02 22:00:00,25.21,1,0,1,228.23,3.22,0.699,0.226,0.952,0.1748,71.65,250.17,65,25.02,0.0,1.007,0.348,0.02,0.0,0.331,0,0,Normal,4.23,3.44,0.44,0.0,0,None
2026-03-02 22:15:00,25.77,1,0,1,227.22,4.08,0.837,0.398,0.903,0.2092,71.86,251.01,65,25.1,0.125,1.007,0.344,0.02,0.0,0.348,0,0,Normal,2.42,3.86,0.39,0.0,0,None
2026-03-02 22:30:00,25.09,1,0,1,228.77,3.26,0.693,0.273,0.93,0.1733,72.03,251.72,65,25.17,0.0,1.007,0.36,0.02,0.0,0.313,0,0,Normal,3.13,1.14,0.44,0.0,0,None
2026-03-02 22:45:00,24.39,1,0,1,227.07,3.61,0.782,0.243,0.955,0.1955,72.22,252.51,65,25.25,0.0,1.007,0.355,0.121,0.0,0.306,0,0,Normal,3.58,2.25,0.9,0.0,0,None
2026-03-02 23:00:00,23.07,1,0,1,231.76,4.45,0.908,0.488,0.881,0.227,72.45,253.43,65,25.34,0.0,1.007,0.33,0.114,0.0,0.464,0,0,Normal,4.1,1.68,0.24,0.0,0,None
2026-03-02 23:15:00,24.58,1,0,1,229.22,3.55,0.753,0.308,0.925,0.1883,72.64,254.19,65,25.42,0.0,1.007,0.338,0.02,0.0,0.395,0,0,Normal,4.19,1.45,0.29,0.0,0,None
2026-03-02 23:30:00,24.62,1,0,1,229.3,3.09,0.67,0.234,0.944,0.1675,72.81,254.87,65,25.49,0.0,1.007,0.324,0.02,0.0,0.326,0,0,Normal,3.17,1.32,0.46,0.0,0,None
2026-03-02 23:45:00,23.67,1,0,1,230.62,3.43,0.702,0.365,0.887,0.1755,72.98,255.58,65,25.56,0.0,1.007,0.361,0.02,0.0,0.321,0,0,Normal,2.43,2.78,0.78,0.0,0,None
2026-03-03 00:00:00,22.61,1,0,0,229.5,3.53,0.745,0.316,0.921,0.1862,73.17,256.33,65,25.63,0.0,1.007,0.357,0.02,0.0,0.368,0,0,Normal,2.49,2.58,1.0,0.0,0,None
2026-03-03 00:15:00,23.53,1,0,0,231.27,4.47,0.951,0.403,0.921,0.2378,73.41,257.3,65,25.73,0.0,1.007,0.347,0.115,0.0,0.489,0,0,Normal,3.6,2.5,0.79,0.0,0,None
2026-03-03 00:30:00,22.25,1,0,0,231.03,3.51,0.774,0.246,0.953,0.1935,73.6,258.08,65,25.81,0.0,1.007,0.351,0.122,0.0,0.301,0,0,Normal,3.26,1.54,0.61,0.0,0,None
2026-03-03 00:45:00,22.36,1,0,0,231.38,3.71,0.821,0.247,0.958,0.2052,73.81,258.91,65,25.89,0.0,1.007,0.349,0.02,0.0,0.452,0,0,Normal,2.15,2.15,0.94,0.0,0,None
2026-03-03 01:00:00,22.53,1,0,0,232.98,11.94,2.468,1.284,0.887,0.617,74.42,261.41,65,26.14,1.6,1.007,0.335,0.02,0.0,0.513,1,1,Unnecessary Night HVAC,4.38,3.18,0.81,0.0,0,None
2026-03-03 01:15:00,22.01,1,0,0,232.39,11.56,2.368,1.268,0.882,0.592,75.01,263.81,65,26.38,1.6,1.008,0.356,0.02,0.0,0.392,1,1,Unnecessary Night HVAC,3.65,1.37,0.73,0.0,0,None
2026-03-03 01:30:00,22.2,1,0,0,231.67,10.58,2.247,0.977,0.917,0.5618,75.58,266.08,65,26.61,1.6,1.008,0.359,0.02,0.0,0.268,1,1,Unnecessary Night HVAC,4.03,3.97,0.97,0.0,0,None
2026-03-03 01:45:00,22.12,1,0,0,230.22,11.33,2.399,1.022,0.92,0.5998,76.18,268.51,65,26.85,1.6,1.008,0.352,0.128,0.0,0.319,1,1,Unnecessary Night HVAC,2.94,3.21,0.81,0.0,0,None
2026-03-03 02:00:00,22.17,1,0,0,231.03,11.58,2.397,1.189,0.896,0.5992,76.77,270.94,65,27.09,1.6,1.008,0.356,0.118,0.0,0.323,1,1,Unnecessary Night HVAC,3.2,1.84,0.32,0.0,0,None
2026-03-03 02:15:00,22.7,1,0,0,232.19,10.47,2.286,0.825,0.941,0.5715,77.35,273.25,65,27.33,1.6,1.008,0.355,0.02,0.0,0.311,1,1,Unnecessary Night HVAC,2.86,1.99,0.44,0.0,0,None
2026-03-03 02:30:00,22.05,1,0,0,232.59,10.95,2.29,1.115,0.899,0.5725,77.92,275.57,65,27.56,1.6,1.008,0.366,0.02,0.0,0.304,1,1,Unnecessary Night HVAC,2.48,3.16,0.81,0.0,0,None
2026-03-03 02:45:00,22.32,1,0,0,229.91,10.62,2.301,0.818,0.942,0.5752,78.49,277.9,65,27.79,1.6,1.008,0.335,0.02,0.0,0.346,1,1,Unnecessary Night HVAC,4.29,3.76,0.64,0.0,0,None
2026-03-03 03:00:00,21.18,1,0,0,232.04,10.89,2.263,1.122,0.896,0.5658,79.06,280.19,65,28.02,1.6,1.008,0.331,0.02,0.0,0.312,1,1,Unnecessary Night HVAC,4.17,3.41,0.38,0.0,0,None
2026-03-03 03:15:00,22.18,1,0,0,232.42,11.15,2.463,0.805,0.951,0.6158,79.68,282.69,65,28.27,1.6,1.008,0.354,0.124,0.0,0.385,1,1,Unnecessary Night HVAC,3.41,3.6,0.9,0.0,0,None
2026-03-03 03:30:00,21.78,1,0,0,233.67,11.88,2.471,1.266,0.89,0.6178,80.29,285.19,65,28.52,1.6,1.008,0.362,0.126,0.0,0.383,1,1,Unnecessary Night HVAC,2.85,2.07,0.59,0.0,0,None
2026-03-03 03:45:00,21.6,1,0,0,232.5,10.25,2.22,0.865,0.932,0.555,80.85,287.44,65,28.74,1.6,1.008,0.338,0.02,0.0,0.262,1,1,Unnecessary Night HVAC,2.73,3.21,0.94,0.0,0,None
2026-03-03 04:00:00,22.36,1,0,0,235.68,11.53,2.494,1.079,0.918,0.6235,81.47,289.96,65,29.0,1.6,1.008,0.356,0.02,0.0,0.518,1,1,Unnecessary Night HVAC,2.33,2.26,0.92,0.0,0,None
2026-03-03 04:15:00,22.64,1,0,0,234.69,11.03,2.314,1.162,0.894,0.5785,82.05,292.3,65,29.23,1.6,1.008,0.358,0.02,0.0,0.336,1,1,Unnecessary Night HVAC,3.76,2.93,0.99,0.0,0,None
2026-03-03 04:30:00,23.26,1,0,0,232.56,10.66,2.224,1.097,0.897,0.556,82.61,294.56,65,29.46,1.6,1.008,0.332,0.02,0.0,0.272,1,1,Unnecessary Night HVAC,2.11,1.53,0.38,0.0,0,None
2026-03-03 04:45:00,22.14,1,0,0,236.49,10.77,2.367,0.938,0.93,0.5918,83.2,296.95,65,29.7,1.6,1.008,0.344,0.122,0.0,0.301,1,1,Unnecessary Night HVAC,3.51,1.78,0.29,0.0,0,None
2026-03-03 05:00:00,23.77,1,0,0,233.08,3.5,0.76,0.299,0.93,0.19,83.39,297.72,65,29.77,0.0,1.008,0.342,0.122,0.0,0.296,0,0,Normal,3.88,2.02,0.65,0.0,0,None
2026-03-03 05:15:00,23.52,1,0,0,232.21,2.83,0.616,0.232,0.936,0.154,83.54,298.35,65,29.83,0.0,1.008,0.352,0.02,0.0,0.244,0,0,Normal,2.01,1.62,0.57,0.0,0,None
2026-03-03 05:30:00,23.59,1,0,0,236.58,2.75,0.613,0.215,0.944,0.1532,83.7,298.97,65,29.9,0.0,1.008,0.351,0.02,0.0,0.242,0,0,Normal,3.56,1.05,0.61,0.0,0,None
2026-03-03 05:45:00,24.26,1,0,0,234.34,3.65,0.813,0.264,0.951,0.2032,83.9,299.79,65,29.98,0.0,1.008,0.365,0.02,0.0,0.428,0,0,Normal,3.57,3.56,0.46,0.0,0,None
2026-03-03 06:00:00,25.27,1,0,0,234.79,9.49,2.136,0.632,0.959,0.534,84.43,301.95,65,30.2,0.0,1.008,0.343,0.02,1.311,0.462,0,0,Normal,2.22,3.86,0.45,0.0,0,None
2026-03-03 06:15:00,25.67,1,0,0,233.07,12.6,2.798,0.891,0.953,0.6995,85.13,304.78,65,30.48,0.078,1.008,0.359,0.109,1.853,0.399,0,0,Normal,3.81,3.44,0.87,0.0,0,None
2026-03-03 06:30:00,24.92,1,0,0,233.42,10.11,2.255,0.697,0.955,0.5638,85.7,307.07,65,30.71,0.0,1.008,0.358,0.126,1.331,0.44,0,0,Normal,2.52,1.86,0.4,0.0,0,None
2026-03-03 06:45:00,24.65,1,0,0,233.14,10.94,2.362,0.961,0.926,0.5905,86.29,309.46,65,30.95,0.0,1.008,0.345,0.02,1.618,0.379,0,0,Normal,3.11,3.09,0.51,0.0,0,None
2026-03-03 07:00:00,26.34,1,0,0,234.74,11.16,2.398,1.055,0.915,0.5995,86.89,311.89,65,31.19,0.341,1.008,0.063,0.02,1.605,0.369,0,0,Normal,2.67,1.19,0.94,0.0,0,None
2026-03-03 07:15:00,26.57,1,0,0,234.6,11.0,2.474,0.738,0.958,0.6185,87.5,314.39,65,31.44,0.529,1.008,0.051,0.02,1.572,0.302,0,0,Normal,2.27,3.31,0.4,0.0,0,None
2026-03-03 07:30:00,26.54,1,0,0,234.63,12.3,2.588,1.276,0.897,0.647,88.15,317.01,65,31.7,0.307,1.008,0.042,0.02,1.759,0.46,0,0,Normal,3.97,1.84,0.87,0.0,0,None
2026-03-03 07:45:00,25.9,1,0,0,234.38,10.27,2.15,1.083,0.893,0.5375,88.69,319.19,65,31.92,0.231,1.009,0.057,0.123,1.4,0.339,0,0,Normal,3.68,3.45,0.38,0.0,0,None
2026-03-03 08:00:00,28.05,1,0,0,233.59,13.33,2.902,1.132,0.932,0.7255,89.41,322.13,65,32.21,1.072,1.009,0.036,0.125,1.263,0.406,0,0,Normal,3.99,3.3,0.33,0.0,0,None
2026-03-03 08:15:00,28.11,1,0,0,237.6,12.68,2.892,0.846,0.96,0.723,90.14,325.06,65,32.51,1.068,1.009,0.053,0.02,1.339,0.412,0,0,Normal,3.13,1.45,0.95,0.0,0,None
2026-03-03 08:30:00,29.26,1,0,0,233.28,17.74,3.86,1.493,0.933,0.965,91.1,328.96,65,32.9,1.628,1.009,0.037,0.02,1.823,0.352,0,0,Normal,2.69,3.95,0.77,0.0,0,None
2026-03-03 08:45:00,28.94,1,0,0,232.11,15.8,3.481,1.158,0.949,0.8702,91.97,332.49,65,33.25,1.316,1.009,0.056,0.02,1.776,0.313,0,0,Normal,3.72,3.15,0.5,0.0,0,None
2026-03-03 09:00:00,29.13,0,0,0,232.57,0.96,0.207,0.082,0.93,0.0518,92.02,332.7,65,33.27,0.0,1.009,0.048,0.02,0.0,0.139,0,0,Normal,2.89,1.3,0.75,0.0,0,None
2026-03-03 09:15:00,29.41,0,0,0,232.64,1.34,0.286,0.122,0.92,0.0715,92.1,332.99,65,33.3,0.0,1.009,0.04,0.116,0.0,0.13,0,0,Normal,3.72,2.13,0.32,0.0,0,None
2026-03-03 09:30:00,28.82,0,0,0,232.14,1.31,0.269,0.142,0.884,0.0672,92.16,333.26,65,33.33,0.0,1.009,0.043,0.118,0.0,0.108,0,0,Normal,2.34,2.23,0.42,0.0,0,None
2026-03-03 09:45:00,29.26,0,0,0,232.38,1.51,0.32,0.143,0.913,0.08,92.24,333.58,65,33.36,0.0,1.009,0.06,0.02,0.0,0.24,0,0,Normal,2.87,2.01,0.8,0.0,0,None
2026-03-03 10:00:00,31.16,0,0,0,229.69,0.95,0.2,0.087,0.917,0.05,92.29,333.79,65,33.38,0.0,1.009,0.03,0.02,0.0,0.15,0,0,Normal,4.11,2.85,0.46,0.0,0,None
2026-03-03 10:15:00,31.6,0,0,0,232.66,1.56,0.32,0.172,0.881,0.08,92.37,334.11,65,33.41,0.0,1.009,0.067,0.02,0.0,0.233,0,0,Normal,2.65,2.71,0.72,0.0,0,None
2026-03-03 10:30:00,30.64,0,0,0,234.41,1.39,0.308,0.108,0.944,0.077,92.45,334.42,65,33.44,0.0,1.009,0.043,0.02,0.0,0.245,0,0,Normal,2.51,3.05,0.64,0.0,0,None
2026-03-03 10:45:00,30.67,0,0,0,230.44,1.49,0.315,0.139,0.914,0.0787,92.53,334.74,65,33.47,0.0,1.009,0.046,0.12,0.0,0.149,0,0,Normal,2.97,1.12,0.34,0.0,0,None
2026-03-03 11:00:00,31.17,0,0,0,230.51,1.18,0.256,0.092,0.941,0.064,92.59,335.0,65,33.5,0.0,1.009,0.061,0.115,0.0,0.08,0,0,Normal,2.99,3.14,0.61,0.0,0,None
2026-03-03 11:15:00,32.16,0,0,0,232.07,1.36,0.295,0.114,0.933,0.0738,92.67,335.3,65,33.53,0.0,1.009,0.06,0.02,0.0,0.215,0,0,Normal,2.32,1.75,0.84,0.0,0,None
2026-03-03 11:30:00,31.71,0,0,0,229.13,1.42,0.302,0.122,0.927,0.0755,92.74,335.61,65,33.56,0.0,1.009,0.044,0.02,0.0,0.238,0,0,Normal,3.16,1.17,0.94,0.0,0,None
2026-03-03 11:45:00,31.98,0,0,0,230.17,0.84,0.174,0.082,0.904,0.0435,92.79,335.78,65,33.58,0.0,1.009,0.05,0.02,0.0,0.104,0,0,Normal,2.63,1.73,0.82,0.0,0,None
2026-03-03 12:00:00,32.76,0,0,0,229.41,0.88,0.194,0.057,0.959,0.0485,92.83,335.98,65,33.6,0.0,1.009,0.055,0.02,0.0,0.119,0,0,Normal,4.48,3.11,0.96,0.0,0,None
2026-03-03 12:15:00,33.15,0,0,0,229.92,2.02,0.414,0.211,0.891,0.1035,92.94,336.4,65,33.64,0.0,1.009,0.052,0.125,0.0,0.237,0,0,Normal,3.1,3.85,0.48,0.0,0,None
2026-03-03 12:30:00,32.32,0,0,0,230.44,1.32,0.282,0.112,0.93,0.0705,93.01,336.68,65,33.67,0.0,1.009,0.039,0.121,0.0,0.122,0,0,Normal,2.64,2.19,0.48,0.0,0,None
2026-03-03 12:45:00,32.46,0,0,0,229.03,1.1,0.227,0.11,0.9,0.0568,93.06,336.91,65,33.69,0.0,1.009,0.05,0.02,0.0,0.157,0,0,Normal,2.13,1.76,0.26,0.0,0,None
2026-03-03 13:00:00,34.86,0,0,0,228.14,0.71,0.148,0.064,0.917,0.037,93.1,337.06,65,33.71,0.0,1.009,0.035,0.02,0.0,0.093,0,0,Normal,4.02,3.34,0.93,0.0,0,None
2026-03-03 13:15:00,33.15,0,0,0,227.95,1.07,0.222,0.102,0.909,0.0555,93.16,337.29,65,33.73,0.0,1.009,0.041,0.02,0.0,0.161,0,0,Normal,3.11,3.41,0.62,0.0,0,None
2026-03-03 13:30:00,33.25,0,0,0,227.58,1.42,0.304,0.112,0.939,0.076,93.23,337.59,65,33.76,0.0,1.009,0.054,0.02,0.0,0.23,0,0,Normal,2.58,2.48,0.66,0.0,0,None
2026-03-03 13:45:00,34.71,0,0,0,231.27,1.84,0.384,0.182,0.904,0.096,93.33,337.98,65,33.8,0.0,1.009,0.037,0.118,0.0,0.229,0,0,Normal,2.58,1.69,0.27,0.0,0,None
2026-03-03 14:00:00,35.45,0,0,0,226.46,1.55,0.335,0.103,0.956,0.0837,93.41,338.32,65,33.83,0.0,1.009,0.043,0.112,0.0,0.18,0,0,Normal,3.8,2.81,0.42,0.0,0,None
2026-03-03 14:15:00,33.41,0,0,0,228.88,0.96,0.198,0.097,0.898,0.0495,93.46,338.52,65,33.85,0.0,1.01,0.064,0.02,0.0,0.114,0,0,Normal,3.41,2.71,0.33,0.0,0,None
2026-03-03 14:30:00,33.82,0,0,0,227.16,0.8,0.161,0.086,0.882,0.0402,93.5,338.69,65,33.87,0.0,1.01,0.056,0.02,0.0,0.085,0,0,Normal,3.07,1.31,0.29,0.0,0,None
2026-03-03 14:45:00,34.17,0,0,0,225.73,1.18,0.236,0.124,0.885,0.059,93.56,338.93,65,33.89,0.0,1.01,0.045,0.02,0.0,0.171,0,0,Normal,2.32,1.85,0.27,0.0,0,None
2026-03-03 15:00:00,34.66,0,0,0,227.4,0.95,0.203,0.071,0.944,0.0508,93.61,339.13,65,33.91,0.0,1.01,0.049,0.02,0.0,0.134,0,0,Normal,2.24,1.05,0.76,0.0,0,None
2026-03-03 15:15:00,33.3,0,0,0,227.06,2.09,0.423,0.216,0.891,0.1058,93.72,339.56,65,33.96,0.0,1.01,0.055,0.119,0.0,0.249,0,0,Normal,2.92,1.14,0.76,0.0,0,None
2026-03-03 15:30:00,33.67,0,0,0,227.87,1.98,0.398,0.212,0.883,0.0995,93.82,339.96,65,34.0,0.0,1.01,0.063,0.119,0.0,0.216,0,0,Normal,2.26,1.51,0.26,0.0,0,None
2026-03-03 15:45:00,34.18,0,0,0,229.25,1.08,0.229,0.096,0.922,0.0572,93.88,340.19,65,34.02,0.0,1.01,0.041,0.02,0.0,0.168,0,0,Normal,2.02,2.56,0.53,0.0,0,None
2026-03-03 16:00:00,33.41,0,0,0,226.57,1.07,0.223,0.096,0.919,0.0558,93.93,340.42,65,34.04,0.0,1.01,0.047,0.02,0.0,0.156,0,0,Normal,3.98,1.17,0.89,0.0,0,None
2026-03-03 16:15:00,33.01,0,0,0,227.24,1.41,0.304,0.101,0.949,0.076,94.01,340.73,65,34.07,0.0,1.01,0.052,0.02,0.0,0.232,0,0,Normal,2.42,3.73,0.85,0.0,0,None
2026-03-03 16:30:00,33.13,0,0,0,226.74,1.46,0.305,0.131,0.918,0.0762,94.08,341.04,65,34.1,0.0,1.01,0.058,0.02,0.0,0.227,0,0,Normal,3.96,3.13,0.41,0.0,0,None
2026-03-03 16:45:00,32.51,0,0,0,225.02,1.91,0.399,0.159,0.929,0.0998,94.18,341.44,65,34.14,0.0,1.01,0.047,0.12,0.0,0.232,0,0,Normal,2.79,3.34,0.73,0.0,0,None
2026-03-03 17:00:00,32.12,0,0,0,226.22,2.03,0.423,0.176,0.923,0.1058,94.29,341.87,65,34.19,0.0,1.01,0.063,0.121,0.0,0.239,0,0,Normal,3.18,1.2,0.71,0.0,0,None
2026-03-03 17:15:00,32.11,0,0,0,226.34,1.5,0.31,0.139,0.913,0.0775,94.37,342.18,65,34.22,0.0,1.01,0.05,0.02,0.0,0.24,0,0,Normal,3.99,2.69,0.53,0.0,0,None
2026-03-03 17:30:00,32.36,0,0,0,227.44,1.38,0.282,0.137,0.899,0.0705,94.44,342.47,65,34.25,0.0,1.01,0.045,0.02,0.0,0.217,0,0,Normal,3.51,3.03,0.34,0.0,0,None
2026-03-03 17:45:00,31.96,0,0,0,224.35,1.09,0.223,0.102,0.91,0.0558,94.49,342.69,65,34.27,0.0,1.01,0.065,0.02,0.0,0.138,0,0,Normal,3.16,1.33,0.24,0.0,0,None
2026-03-03 18:00:00,31.24,1,0,1,225.82,14.22,2.989,1.173,0.931,0.7472,95.24,345.72,65,34.57,2.301,1.01,0.376,0.02,0.0,0.292,0,0,Normal,2.7,3.18,0.43,0.0,0,None
2026-03-03 18:15:00,31.51,1,0,1,224.94,15.88,3.314,1.333,0.928,0.8285,96.07,349.08,65,34.91,2.369,1.01,0.331,0.123,0.0,0.491,0,0,Normal,2.14,3.64,0.75,0.0,0,None
2026-03-03 18:30:00,31.08,1,0,1,224.57,15.16,3.041,1.531,0.893,0.7602,96.83,352.15,65,35.22,2.319,1.01,0.364,0.125,0.0,0.233,0,0,Normal,3.85,3.59,0.77,0.0,0,None
2026-03-03 18:45:00,31.18,1,0,1,225.71,15.33,3.078,1.581,0.89,0.7695,97.6,355.27,65,35.53,2.269,1.01,0.351,0.02,0.0,0.438,0,0,Normal,4.05,2.75,0.58,0.0,0,None
2026-03-03 19:00:00,29.58,1,0,1,226.77,19.95,4.336,1.29,0.958,1.084,98.68,359.66,65,35.97,1.602,1.01,0.358,0.02,1.92,0.436,0,0,Normal,2.68,1.79,0.65,0.0,0,None
2026-03-03 19:15:00,29.55,1,0,1,225.85,17.67,3.779,1.285,0.947,0.9448,99.63,363.49,65,36.35,1.652,1.01,0.359,0.02,1.433,0.315,0,0,Normal,2.71,3.85,0.98,0.0,0,None
2026-03-03 19:30:00,29.19,1,0,1,226.28,20.82,4.246,2.041,0.901,1.0615,100.69,368.51,85,36.85,1.497,1.01,0.351,0.02,1.909,0.469,0,0,Normal,4.06,2.01,0.97,0.0,0,None
2026-03-03 19:45:00,29.71,1,0,1,226.83,20.25,4.224,1.806,0.919,1.056,101.74,373.89,85,37.39,1.667,1.01,0.376,0.116,1.716,0.349,0,0,Normal,2.03,3.53,0.35,0.0,0,None
2026-03-03 20:00:00,27.95,1,0,1,226.66,18.72,3.734,2.014,0.88,0.9335,102.68,378.66,85,37.87,1.009,1.01,0.35,0.128,1.828,0.419,0,0,Normal,2.1,1.3,0.38,0.0,0,None
2026-03-03 20:15:00,29.05,1,0,1,225.58,18.54,3.739,1.871,0.894,0.9348,103.61,383.42,85,38.34,1.403,1.01,0.353,0.02,1.583,0.38,0,0,Normal,4.11,3.62,0.77,0.0,0,None
2026-03-03 20:30:00,28.79,1,0,1,227.83,19.82,4.018,2.062,0.89,1.0045,104.62,388.55,85,38.85,1.356,1.01,0.355,0.02,1.855,0.432,0,0,Normal,2.95,3.92,0.84,0.0,0,None
2026-03-03 20:45:00,28.19,1,0,1,225.82,16.19,3.234,1.706,0.884,0.8085,105.43,392.67,85,39.27,1.086,1.011,0.374,0.02,1.442,0.312,0,0,Normal,2.93,3.87,0.89,0.0,0,None
2026-03-03 21:00:00,26.07,1,0,1,227.25,11.24,2.263,1.187,0.886,0.5658,105.99,395.55,85,39.56,0.241,1.011,0.356,0.02,1.332,0.314,0,0,Normal,2.84,1.25,0.91,0.0,0,None
2026-03-03 21:15:00,25.89,1,0,1,226.46,10.43,2.169,0.935,0.918,0.5422,106.53,398.32,85,39.83,0.138,1.011,0.352,0.136,1.251,0.292,0,0,Normal,2.7,3.71,0.44,0.0,0,None
2026-03-03 21:30:00,27.04,1,0,1,227.47,14.86,3.034,1.489,0.898,0.7585,107.29,402.19,85,40.22,0.589,1.011,0.334,0.109,1.47,0.532,0,0,Normal,3.71,2.71,0.46,0.0,0,None
2026-03-03 21:45:00,26.58,1,0,1,226.12,15.76,3.14,1.686,0.881,0.785,108.08,406.19,85,40.62,0.449,1.011,0.35,0.02,1.992,0.329,0,0,Normal,2.3,2.32,0.45,0.0,0,None
2026-03-03 22:00:00,25.24,1,0,1,227.58,3.81,0.817,0.291,0.942,0.2042,108.28,407.23,85,40.72,0.0,1.011,0.36,0.02,0.0,0.437,0,0,Normal,4.18,3.21,0.32,0.0,0,None
2026-03-03 22:15:00,24.13,1,0,1,228.92,3.63,0.761,0.332,0.916,0.1902,108.47,408.2,85,40.82,0.0,1.011,0.358,0.02,0.0,0.383,0,0,Normal,4.48,2.98,0.85,0.0,0,None
2026-03-03 22:30:00,25.46,1,0,1,227.16,3.49,0.726,0.318,0.916,0.1815,108.65,409.13,85,40.91,0.0,1.011,0.358,0.02,0.0,0.348,0,0,Normal,4.01,3.92,0.41,0.0,0,None
2026-03-03 22:45:00,25.23,1,0,1,229.77,3.84,0.801,0.369,0.908,0.2002,108.85,410.15,85,41.02,0.0,1.011,0.326,0.122,0.0,0.353,0,0,Normal,2.54,2.15,0.64,0.0,0,None
2026-03-03 23:00:00,23.2,1,0,1,228.49,4.4,0.951,0.327,0.946,0.2378,109.09,411.36,85,41.14,0.0,1.011,0.355,0.124,0.0,0.472,0,0,Normal,3.89,2.67,0.56,0.0,0,None
2026-03-03 23:15:00,23.52,1,0,1,229.63,3.98,0.817,0.411,0.893,0.2043,109.3,412.4,85,41.24,0.0,1.011,0.338,0.02,0.0,0.459,0,0,Normal,4.11,1.16,0.53,0.0,0,None
2026-03-03 23:30:00,23.89,1,0,1,230.05,3.46,0.732,0.315,0.918,0.183,109.48,413.34,85,41.33,0.0,1.011,0.342,0.02,0.0,0.37,0,0,Normal,2.29,2.8,0.86,0.0,0,None
2026-03-03 23:45:00,23.78,1,0,1,229.44,3.12,0.684,0.211,0.956,0.171,109.65,414.21,85,41.42,0.0,1.011,0.348,0.02,0.0,0.316,0,0,Normal,3.53,1.44,0.89,0.0,0,None
2026-03-04 00:00:00,22.66,1,0,0,230.3,3.2,0.707,0.209,0.959,0.1768,109.83,415.11,85,41.51,0.0,1.011,0.352,0.02,0.0,0.335,0,0,Normal,2.34,2.82,0.92,0.0,0,None
2026-03-04 00:15:00,22.75,1,0,0,228.86,4.4,0.898,0.456,0.892,0.2245,110.05,416.26,85,41.63,0.0,1.011,0.348,0.12,0.0,0.43,0,0,Normal,3.63,1.31,0.29,0.0,0,None
2026-03-04 00:30:00,22.68,1,0,0,231.31,3.47,0.707,0.381,0.88,0.1768,110.23,417.16,85,41.72,0.0,1.011,0.354,0.118,0.0,0.235,0,0,Normal,2.43,3.38,0.9,0.0,0,None
2026-03-04 00:45:00,22.88,1,0,0,229.72,2.92,0.638,0.208,0.951,0.1595,110.39,417.97,85,41.8,0.0,1.011,0.354,0.02,0.0,0.264,0,0,Normal,2.27,3.07,0.33,0.0,0,None
2026-03-04 01:00:00,22.94,1,0,0,232.62,2.91,0.647,0.196,0.957,0.1618,110.55,418.8,85,41.88,0.0,1.011,0.352,0.02,0.0,0.275,0,0,Normal,2.9,1.15,0.3,0.0,0,None
2026-03-04 01:15:00,20.92,1,0,0,233.37,3.81,0.826,0.332,0.928,0.2065,110.75,419.85,85,41.98,0.0,1.011,0.337,0.02,0.0,0.469,0,0,Normal,2.8,1.66,0.87,0.0,0,None
2026-03-04 01:30:00,22.09,1,0,0,232.36,2.99,0.648,0.249,0.934,0.162,110.92,420.68,85,42.07,0.0,1.011,0.356,0.02,0.0,0.272,0,0,Normal,3.5,3.45,0.69,0.0,0,None
2026-03-04 01:45:00,22.29,1,0,0,232.66,4.31,0.934,0.364,0.932,0.2335,111.15,421.87,85,42.19,0.0,1.011,0.366,0.12,0.0,0.448,0,0,Normal,3.31,1.79,0.84,0.0,0,None
2026-03-04 02:00:00,22.15,1,0,0,231.77,3.85,0.826,0.338,0.926,0.2065,111.36,422.92,85,42.29,0.0,1.011,0.35,0.106,0.0,0.37,0,0,Normal,4.01,1.91,0.73,0.0,0,None
2026-03-04 02:15:00,21.81,1,0,0,233.04,2.93,0.645,0.223,0.945,0.1612,111.52,423.74,85,42.37,0.0,1.011,0.341,0.02,0.0,0.284,0,0,Normal,2.79,2.59,0.81,0.0,0,None
2026-03-04 02:30:00,21.12,1,0,0,231.9,3.6,0.756,0.351,0.907,0.189,111.71,424.71,85,42.47,0.0,1.011,0.349,0.02,0.0,0.387,0,0,Normal,2.17,2.61,0.27,0.0,0,None
2026-03-04 02:45:00,22.16,1,0,0,233.67,3.49,0.781,0.236,0.957,0.1952,111.9,425.7,85,42.57,0.0,1.011,0.354,0.02,0.0,0.407,0,0,Normal,3.8,1.7,0.47,0.0,0,None
2026-03-04 03:00:00,23.07,1,0,0,232.27,3.56,0.788,0.249,0.953,0.197,112.1,426.71,85,42.67,0.0,1.011,0.367,0.02,0.0,0.401,0,0,Normal,2.77,3.22,0.99,0.0,0,None
2026-03-04 03:15:00,21.44,1,0,0,232.12,3.77,0.781,0.396,0.892,0.1952,112.29,427.7,85,42.77,0.0,1.011,0.335,0.125,0.0,0.321,0,0,Normal,3.16,3.35,0.84,0.0,0,None
2026-03-04 03:30:00,22.64,1,0,0,232.29,3.99,0.857,0.354,0.924,0.2142,112.51,428.79,85,42.88,0.0,1.012,0.343,0.118,0.0,0.396,0,0,Normal,2.34,1.48,0.3,0.0,0,None
2026-03-04 03:45:00,22.04,1,0,0,235.65,3.83,0.84,0.331,0.931,0.21,112.72,429.87,85,42.99,0.0,1.012,0.344,0.02,0.0,0.476,0,0,Normal,2.35,1.39,0.3,0.0,0,None
2026-03-04 04:00:00,22.77,1,0,0,234.22,3.78,0.803,0.375,0.906,0.2007,112.92,430.89,85,43.09,0.0,1.012,0.349,0.02,0.0,0.434,0,0,Normal,3.03,1.44,0.92,0.0,0,None
2026-03-04 04:15:00,22.28,1,0,0,232.1,3.3,0.713,0.28,0.931,0.1783,113.1,431.8,85,43.18,0.0,1.012,0.341,0.02,0.0,0.352,0,0,Normal,4.15,3.62,0.76,0.0,0,None
2026-03-04 04:30:00,22.64,1,0,0,233.59,4.13,0.888,0.375,0.921,0.222,113.32,432.93,85,43.29,0.0,1.012,0.343,0.02,0.0,0.525,0,0,Normal,2.22,1.83,0.74,0.0,0,None
2026-03-04 04:45:00,23.45,1,0,0,233.46,3.85,0.819,0.368,0.912,0.2047,113.52,433.97,85,43.4,0.0,1.012,0.357,0.117,0.0,0.345,0,0,Normal,3.2,1.66,0.79,0.0,0,None
2026-03-04 05:00:00,24.05,1,0,0,234.78,3.46,0.766,0.273,0.942,0.1915,113.72,434.95,85,43.5,0.0,1.012,0.34,0.122,0.0,0.304,0,0,Normal,2.29,3.62,0.24,0.0,0,None
2026-03-04 05:15:00,24.62,1,0,0,234.64,3.84,0.804,0.409,0.891,0.201,113.92,435.98,85,43.6,0.0,1.012,0.35,0.02,0.0,0.434,0,0,Normal,2.8,1.85,0.29,0.0,0,None
2026-03-04 05:30:00,24.35,1,0,0,236.41,3.46,0.753,0.319,0.921,0.1882,114.11,436.94,85,43.69,0.0,1.012,0.357,0.02,0.0,0.376,0,0,Normal,4.12,3.3,0.83,0.0,0,None
2026-03-04 05:45:00,23.98,1,0,0,234.56,3.1,0.655,0.315,0.901,0.1638,114.27,437.77,85,43.78,0.0,1.012,0.351,0.02,0.0,0.284,0,0,Normal,4.12,1.06,0.41,0.0,0,None
2026-03-04 06:00:00,25.87,1,0,0,234.64,12.88,2.733,1.291,0.904,0.6832,114.95,441.26,85,44.13,0.169,1.012,0.371,0.02,1.789,0.384,0,0,Normal,2.64,1.58,0.52,0.0,0,None
2026-03-04 06:15:00,25.22,1,0,0,233.53,11.88,2.581,1.017,0.93,0.6452,115.6,444.55,85,44.45,0.0,1.012,0.348,0.113,1.758,0.362,0,0,Normal,4.21,3.14,0.92,0.0,0,None
2026-03-04 06:30:00,25.41,1,0,0,234.88,11.03,2.338,1.117,0.902,0.5845,116.18,447.53,85,44.75,0.0,1.012,0.361,0.129,1.477,0.371,0,0,Normal,3.47,1.87,0.89,0.0,0,None
2026-03-04 06:45:00,24.85,1,0,0,237.09,8.83,1.947,0.769,0.93,0.4868,116.67,450.01,85,45.0,0.0,1.012,0.351,0.02,1.297,0.279,0,0,Normal,3.38,2.75,0.78,0.0,0,None
2026-03-04 07:00:00,26.48,1,0,0,235.61,10.68,2.399,0.762,0.953,0.5998,117.27,453.07,85,45.31,0.431,1.012,0.058,0.02,1.392,0.498,0,0,Normal,4.43,2.77,0.91,0.0,0,None
2026-03-04 07:15:00,26.1,1,0,0,235.95,10.26,2.269,0.844,0.937,0.5672,117.84,455.96,85,45.6,0.178,1.012,0.052,0.02,1.698,0.321,0,0,Normal,3.57,1.67,0.34,0.0,0,None
2026-03-04 07:30:00,26.94,1,0,0,234.98,12.76,2.701,1.304,0.901,0.6752,118.51,459.41,85,45.94,0.51,1.012,0.056,0.02,1.9,0.215,0,0,Normal,3.04,2.42,0.44,0.0,0,None
2026-03-04 07:45:00,25.86,1,0,0,231.4,10.46,2.317,0.697,0.958,0.5792,119.09,462.36,85,46.24,0.119,1.012,0.037,0.113,1.67,0.378,0,0,Normal,3.2,2.89,0.28,0.0,0,None
2026-03-04 08:00:00,28.39,1,0,0,233.69,14.59,3.062,1.498,0.898,0.7655,119.86,466.26,85,46.63,1.144,1.012,0.041,0.118,1.338,0.421,0,0,Normal,4.44,1.52,0.22,0.0,0,None
2026-03-04 08:15:00,27.9,1,0,0,234.62,12.35,2.702,1.049,0.932,0.6755,120.53,469.71,85,46.97,0.95,1.012,0.051,0.02,1.257,0.424,0,0,Normal,3.13,2.54,0.92,0.0,0,None
2026-03-04 08:30:00,28.59,1,0,0,232.45,14.22,2.93,1.531,0.886,0.7325,121.26,473.45,85,47.34,1.304,1.012,0.058,0.02,1.243,0.305,0,0,Normal,2.62,3.64,0.95,0.0,0,None
2026-03-04 08:45:00,28.38,1,0,0,233.41,14.27,3.057,1.32,0.918,0.7642,122.03,477.34,85,47.73,1.134,1.012,0.053,0.02,1.459,0.391,0,0,Normal,3.22,1.61,0.77,0.0,0,None
2026-03-04 09:00:00,30.46,0,0,0,234.17,1.45,0.301,0.159,0.884,0.0752,122.1,477.73,85,47.77,0.0,1.012,0.064,0.02,0.0,0.217,0,0,Normal,2.54,3.31,0.8,0.0,0,None
2026-03-04 09:15:00,29.92,0,0,0,230.8,1.76,0.383,0.134,0.944,0.0958,122.2,478.21,85,47.82,0.0,1.012,0.047,0.129,0.0,0.207,0,0,Normal,3.34,2.89,0.57,0.0,0,None
2026-03-04 09:30:00,28.77,0,0,0,231.97,1.44,0.31,0.126,0.926,0.0775,122.28,478.61,85,47.86,0.0,1.012,0.043,0.116,0.0,0.151,0,0,Normal,4.15,2.97,0.61,0.0,0,None
2026-03-04 09:45:00,29.52,0,0,0,233.96,1.45,0.303,0.154,0.891,0.0758,122.35,479.0,85,47.9,0.0,1.012,0.055,0.02,0.0,0.228,0,0,Normal,2.13,2.47,0.68,0.0,0,None
2026-03-04 10:00:00,30.41,0,0,0,231.11,0.94,0.192,0.103,0.881,0.048,122.4,479.24,85,47.92,0.0,1.013,0.06,0.02,0.0,0.112,0,0,Normal,2.48,1.69,0.7,0.0,0,None
2026-03-04 10:15:00,30.74,0,0,0,230.94,0.89,0.185,0.091,0.897,0.0462,122.45,479.48,85,47.95,0.0,1.013,0.046,0.02,0.0,0.119,0,0,Normal,3.86,3.84,0.7,0.0,0,None
2026-03-04 10:30:00,31.76,0,0,0,231.25,1.34,0.278,0.137,0.897,0.0695,122.52,479.83,85,47.98,0.0,1.013,0.047,0.02,0.0,0.211,0,0,Normal,2.46,1.57,0.91,0.0,0,None
2026-03-04 10:45:00,31.32,0,0,0,230.95,1.24,0.269,0.095,0.943,0.0672,122.58,480.17,85,48.02,0.0,1.013,0.046,0.12,0.0,0.103,0,0,Normal,2.51,2.49,0.72,0.0,0,None
2026-03-04 11:00:00,31.89,0,0,0,231.62,1.56,0.328,0.153,0.906,0.082,122.67,480.59,85,48.06,0.0,1.013,0.051,0.125,0.0,0.152,0,0,Normal,3.47,3.41,0.9,0.0,0,None
2026-03-04 11:15:00,31.74,0,0,0,231.43,1.02,0.208,0.111,0.882,0.052,122.72,480.86,85,48.09,0.0,1.013,0.047,0.02,0.0,0.141,0,0,Normal,3.24,2.37,0.35,0.0,0,None
2026-03-04 11:30:00,32.26,0,0,0,230.61,0.93,0.198,0.083,0.923,0.0495,122.77,481.11,85,48.11,0.0,1.013,0.051,0.02,0.0,0.127,0,0,Normal,2.08,1.62,0.48,0.0,0,None
2026-03-04 11:45:00,31.63,0,0,0,232.59,1.4,0.289,0.148,0.889,0.0723,122.84,481.48,85,48.15,0.0,1.013,0.044,0.02,0.0,0.225,0,0,Normal,2.31,2.08,0.99,0.0,0,None
2026-03-04 12:00:00,32.86,0,0,0,227.7,1.56,0.327,0.141,0.918,0.0818,122.92,481.9,85,48.19,0.0,1.013,0.057,0.02,0.0,0.25,0,0,Normal,3.93,1.66,0.7,0.0,0,None
2026-03-04 12:15:00,33.35,0,0,0,228.14,1.89,0.409,0.139,0.947,0.1023,123.02,482.42,85,48.24,0.0,1.013,0.058,0.126,0.0,0.225,0,0,Normal,3.11,1.13,0.9,0.0,0,None
2026-03-04 12:30:00,33.77,0,0,0,229.67,1.95,0.405,0.193,0.903,0.1013,123.12,482.93,85,48.29,0.0,1.013,0.053,0.119,0.0,0.233,0,0,Normal,2.67,3.66,0.48,0.0,0,None
2026-03-04 12:45:00,33.5,0,0,0,227.64,1.25,0.271,0.089,0.95,0.0678,123.19,483.28,85,48.33,0.0,1.013,0.042,0.02,0.0,0.209,0,0,Normal,2.66,1.14,1.0,0.0,0,None
2026-03-04 13:00:00,32.65,0,0,0,229.05,0.85,0.175,0.085,0.899,0.0438,123.24,483.5,85,48.35,0.0,1.013,0.038,0.02,0.0,0.117,0,0,Normal,3.7,3.48,0.47,0.0,0,None
2026-03-04 13:15:00,33.95,0,0,0,227.32,1.21,0.256,0.098,0.934,0.064,123.3,483.83,85,48.38,0.0,1.013,0.048,0.02,0.0,0.188,0,0,Normal,3.69,1.31,0.44,0.0,0,None
2026-03-04 13:30:00,33.83,0,0,0,226.97,1.07,0.223,0.094,0.921,0.0557,123.36,484.11,85,48.41,0.0,1.013,0.055,0.02,0.0,0.148,0,0,Normal,3.77,3.84,0.32,0.0,0,None
2026-03-04 13:45:00,34.0,0,0,0,228.24,1.52,0.319,0.137,0.919,0.0798,123.44,484.52,85,48.45,0.0,1.013,0.048,0.111,0.0,0.16,0,0,Normal,3.63,3.74,0.66,0.0,0,None
2026-03-04 14:00:00,34.81,0,0,0,228.56,1.28,0.264,0.126,0.903,0.066,123.5,484.86,85,48.49,0.0,1.013,0.035,0.124,0.0,0.105,0,0,Normal,3.2,3.43,0.22,0.0,0,None
2026-03-04 14:15:00,32.97,0,0,0,227.17,0.93,0.197,0.078,0.929,0.0492,123.55,485.11,85,48.51,0.0,1.013,0.046,0.02,0.0,0.131,0,0,Normal,3.02,3.81,0.36,0.0,0,None
2026-03-04 14:30:00,33.7,0,0,0,226.99,1.32,0.268,0.135,0.894,0.067,123.62,485.45,85,48.54,0.0,1.013,0.043,0.02,0.0,0.205,0,0,Normal,2.68,2.75,0.27,0.0,0,None
2026-03-04 14:45:00,34.3,0,0,0,226.24,1.5,0.311,0.138,0.914,0.0778,123.7,485.85,85,48.58,0.0,1.013,0.062,0.02,0.0,0.229,0,0,Normal,2.56,2.45,0.77,0.0,0,None
2026-03-04 15:00:00,33.0,0,0,0,227.16,1.31,0.275,0.116,0.921,0.0688,123.76,486.2,85,48.62,0.0,1.013,0.069,0.02,0.0,0.186,0,0,Normal,4.27,3.81,0.78,0.0,0,None
2026-03-04 15:15:00,34.53,0,0,0,228.98,1.84,0.388,0.166,0.919,0.097,123.86,486.69,85,48.67,0.0,1.013,0.046,0.12,0.0,0.222,0,0,Normal,2.09,3.96,0.53,0.0,0,None
2026-03-04 15:30:00,33.98,0,0,0,224.56,1.99,0.394,0.209,0.883,0.0985,123.96,487.19,85,48.72,0.0,1.013,0.053,0.113,0.0,0.228,0,0,Normal,3.71,3.09,0.31,0.0,0,None
2026-03-04 15:45:00,34.22,0,0,0,227.16,1.21,0.258,0.097,0.936,0.0645,124.02,487.52,85,48.75,0.0,1.013,0.058,0.02,0.0,0.18,0,0,Normal,2.57,2.33,0.65,0.0,0,None
2026-03-04 16:00:00,32.91,0,0,0,227.69,0.79,0.167,0.07,0.923,0.0417,124.07,487.74,85,48.77,0.0,1.013,0.028,0.02,0.0,0.119,0,0,Normal,3.15,3.93,0.59,0.0,0,None
2026-03-04 16:15:00,33.6,0,0,0,226.35,1.58,0.317,0.166,0.886,0.0792,124.14,488.14,85,48.81,0.0,1.013,0.062,0.02,0.0,0.235,0,0,Normal,4.36,3.18,0.34,0.0,0,None
2026-03-04 16:30:00,33.73,0,0,0,227.17,1.31,0.283,0.093,0.95,0.0708,124.22,488.5,85,48.85,0.0,1.014,0.047,0.02,0.0,0.216,0,0,Normal,4.4,1.0,0.5,0.0,0,None
2026-03-04 16:45:00,33.31,0,0,0,225.92,1.62,0.348,0.114,0.95,0.087,124.3,488.94,85,48.89,0.0,1.014,0.054,0.117,0.0,0.177,0,0,Normal,2.62,3.88,0.79,0.0,0,None
2026-03-04 17:00:00,32.36,0,0,0,225.99,1.89,0.381,0.193,0.892,0.0952,124.4,489.43,85,48.94,0.0,1.014,0.033,0.129,0.0,0.219,0,0,Normal,2.12,2.07,0.34,0.0,0,None
2026-03-04 17:15:00,32.38,0,0,0,226.79,0.91,0.185,0.091,0.897,0.0462,124.44,489.67,85,48.97,0.0,1.014,0.042,0.02,0.0,0.123,0,0,Normal,4.43,3.38,0.77,0.0,0,None
2026-03-04 17:30:00,31.81,0,0,0,226.71,1.49,0.312,0.127,0.926,0.078,124.52,490.06,85,49.01,0.0,1.014,0.051,0.02,0.0,0.241,0,0,Normal,3.67,1.39,0.29,0.0,0,None
2026-03-04 17:45:00,32.17,0,0,0,224.98,1.12,0.235,0.091,0.933,0.0588,124.58,490.36,85,49.04,0.0,1.014,0.054,0.02,0.0,0.161,0,0,Normal,4.08,3.62,0.79,0.0,0,None
2026-03-04 18:00:00,30.92,1,0,1,225.62,13.93,2.984,0.985,0.95,0.746,125.33,494.17,85,49.42,2.193,1.014,0.34,0.02,0.0,0.431,0,0,Normal,4.07,3.85,0.58,0.0,0,None
2026-03-04 18:15:00,31.19,1,0,1,225.62,14.8,3.117,1.199,0.933,0.7792,126.11,498.14,85,49.81,2.33,1.014,0.342,0.118,0.0,0.327,0,0,Normal,3.12,1.25,0.58,0.0,0,None
2026-03-04 18:30:00,31.5,1,0,1,225.45,15.82,3.363,1.186,0.943,0.8408,126.95,502.43,85,50.24,2.39,1.014,0.35,0.125,0.0,0.498,0,0,Normal,3.51,2.2,0.9,0.0,0,None
2026-03-04 18:45:00,30.47,1,0,1,225.16,13.84,2.896,1.151,0.929,0.724,127.67,506.12,85,50.61,2.048,1.014,0.354,0.02,0.0,0.474,0,0,Normal,2.55,3.01,0.88,0.0,0,None
2026-03-04 19:00:00,29.49,1,0,1,226.61,16.97,3.689,1.087,0.959,0.9222,128.59,510.83,85,51.08,1.632,1.014,0.359,0.02,1.318,0.36,0,0,Normal,2.61,2.09,0.48,0.0,0,None
2026-03-04 19:15:00,30.29,1,0,1,225.22,20.45,4.38,1.425,0.951,1.095,129.69,516.41,85,51.64,1.957,1.014,0.348,0.02,1.653,0.402,0,0,Normal,3.31,3.81,0.22,0.0,0,None
2026-03-04 19:30:00,29.18,1,0,1,226.51,18.26,3.879,1.438,0.938,0.9698,130.66,521.36,85,52.14,1.553,1.014,0.353,0.02,1.632,0.321,0,0,Normal,4.18,2.84,0.36,0.0,0,None
2026-03-04 19:45:00,29.14,1,0,1,226.61,17.57,3.647,1.599,0.916,0.9118,131.57,526.01,85,52.6,1.541,1.014,0.347,0.116,1.303,0.34,0,0,Normal,2.99,2.79,0.4,0.0,0,None
2026-03-04 20:00:00,28.1,1,0,1,227.85,18.5,3.73,1.964,0.885,0.9325,132.5,530.76,85,53.08,0.993,1.014,0.343,0.12,1.981,0.293,0,0,Normal,2.77,1.92,0.59,0.0,0,None
2026-03-04 20:15:00,28.42,1,0,1,227.85,16.6,3.444,1.564,0.911,0.861,133.36,535.15,85,53.52,1.151,1.014,0.351,0.02,1.636,0.286,0,0,Normal,3.2,2.06,0.41,0.0,0,None
2026-03-04 20:30:00,28.01,1,0,1,226.44,19.0,3.826,1.97,0.889,0.9565,134.32,540.03,85,54.0,1.045,1.014,0.327,0.02,1.928,0.506,0,0,Normal,2.29,2.59,0.82,0.0,0,None
2026-03-04 20:45:00,28.66,1,0,1,226.28,18.26,3.87,1.451,0.936,0.9675,135.29,544.96,85,54.5,1.267,1.014,0.35,0.02,1.778,0.455,0,0,Normal,3.32,3.43,0.64,0.0,0,None
2026-03-04 21:00:00,26.88,1,0,1,226.27,15.61,3.134,1.628,0.887,0.7835,136.07,548.96,85,54.9,0.661,1.014,0.354,0.02,1.794,0.305,0,0,Normal,3.78,3.1,0.21,0.0,0,None
2026-03-04 21:15:00,26.87,1,0,1,227.63,13.67,2.968,0.937,0.954,0.742,136.81,552.75,85,55.27,0.612,1.014,0.359,0.121,1.461,0.415,0,0,Normal,3.19,1.84,0.25,0.0,0,None
2026-03-04 21:30:00,26.72,1,0,1,226.65,14.31,2.93,1.39,0.903,0.7325,137.55,556.48,85,55.65,0.453,1.014,0.352,0.112,1.623,0.39,0,0,Normal,3.98,2.42,0.68,0.0,0,None
2026-03-04 21:45:00,27.61,1,0,1,229.58,13.51,2.9,1.101,0.935,0.725,138.27,560.18,85,56.02,0.818,1.014,0.362,0.02,1.489,0.211,0,0,Normal,2.51,3.08,0.84,0.0,0,None
2026-03-04 22:00:00,24.9,1,0,1,226.76,3.1,0.623,0.326,0.886,0.1558,138.43,560.97,85,56.1,0.0,1.014,0.34,0.02,0.0,0.263,0,0,Normal,3.85,3.95,0.85,0.0,0,None
2026-03-04 22:15:00,24.0,1,0,1,227.22,3.55,0.741,0.318,0.919,0.1852,138.61,561.92,85,56.19,0.0,1.014,0.357,0.02,0.0,0.364,0,0,Normal,4.06,3.36,0.38,0.0,0,None
2026-03-04 22:30:00,25.8,1,0,1,227.68,4.27,0.86,0.454,0.884,0.215,138.83,563.01,85,56.3,0.091,1.014,0.361,0.02,0.0,0.388,0,0,Normal,3.8,2.47,0.29,0.0,0,None
2026-03-04 22:45:00,24.77,1,0,1,228.75,4.74,0.974,0.474,0.899,0.2435,139.07,564.26,85,56.43,0.0,1.014,0.351,0.115,0.0,0.508,0,0,Normal,3.89,2.22,0.81,0.0,0,None
2026-03-04 23:00:00,23.81,1,0,1,228.96,3.46,0.727,0.315,0.917,0.1818,139.25,565.18,85,56.52,0.0,1.015,0.341,0.117,0.0,0.269,0,0,Normal,4.09,2.55,0.37,0.0,0,None
2026-03-04 23:15:00,24.41,1,0,1,229.42,3.86,0.84,0.282,0.948,0.21,139.46,566.25,85,56.63,0.0,1.015,0.338,0.02,0.0,0.482,0,0,Normal,2.12,3.44,0.79,0.0,0,None
2026-03-04 23:30:00,22.96,1,0,1,229.49,3.6,0.771,0.295,0.934,0.1928,139.65,567.24,85,56.72,0.0,1.015,0.335,0.02,0.0,0.416,0,0,Normal,3.16,1.98,0.47,0.0,0,None
2026-03-04 23:45:00,23.13,1,0,1,230.84,4.1,0.861,0.393,0.91,0.2152,139.87,568.33,85,56.83,0.0,1.015,0.335,0.02,0.0,0.506,0,0,Normal,3.44,3.83,0.22,0.0,0,None
2026-03-05 00:00:00,22.0,1,0,0,232.42,3.57,0.738,0.38,0.889,0.1845,140.05,569.28,85,56.93,0.0,1.015,0.364,0.02,0.0,0.354,0,0,Normal,2.92,3.65,0.66,0.0,0,None
2026-03-05 00:15:00,22.41,1,0,0,229.46,3.32,0.731,0.215,0.959,0.1828,140.24,570.21,85,57.02,0.0,1.015,0.354,0.121,0.0,0.256,0,0,Normal,3.1,3.73,0.25,0.0,0,None
2026-03-05 00:30:00,23.02,1,0,0,230.25,3.75,0.814,0.287,0.943,0.2035,140.44,571.25,85,57.12,0.0,1.015,0.353,0.114,0.0,0.347,0,0,Normal,4.35,2.45,0.66,0.0,0,None
2026-03-05 00:45:00,23.07,1,0,0,230.89,3.35,0.727,0.266,0.939,0.1818,140.62,572.17,85,57.22,0.0,1.015,0.339,0.02,0.0,0.368,0,0,Normal,2.07,1.38,0.72,0.0,0,None
2026-03-05 01:00:00,22.34,1,0,0,232.29,3.64,0.794,0.29,0.939,0.1985,140.82,573.18,85,57.32,0.0,1.015,0.353,0.02,0.0,0.421,0,0,Normal,4.48,1.34,0.85,0.0,0,None
2026-03-05 01:15:00,21.5,1,0,0,232.01,3.62,0.774,0.325,0.922,0.1935,141.01,574.17,85,57.42,0.0,1.015,0.356,0.02,0.0,0.398,0,0,Normal,4.21,2.45,0.39,0.0,0,None
2026-03-05 01:30:00,21.05,1,0,0,232.28,2.95,0.617,0.296,0.901,0.1542,141.17,574.96,85,57.5,0.0,1.015,0.337,0.02,0.0,0.26,0,0,Normal,2.4,3.66,0.7,0.0,0,None
2026-03-05 01:45:00,22.23,1,0,0,234.7,4.13,0.865,0.438,0.892,0.2162,141.38,576.06,85,57.61,0.0,1.015,0.358,0.115,0.0,0.392,0,0,Normal,3.16,3.95,0.82,0.0,0,None
2026-03-05 02:00:00,21.76,1,0,0,231.22,4.2,0.913,0.331,0.94,0.2282,141.61,577.23,85,57.72,0.0,1.015,0.365,0.12,0.0,0.428,0,0,Normal,4.06,3.3,0.77,0.0,0,None
2026-03-05 02:15:00,22.23,1,0,0,232.36,3.12,0.684,0.237,0.945,0.171,141.78,578.1,85,57.81,0.0,1.015,0.343,0.02,0.0,0.321,0,0,Normal,2.85,3.84,0.37,0.0,0,None
2026-03-05 02:30:00,22.35,1,0,0,232.38,3.69,0.755,0.407,0.88,0.1888,141.97,579.06,85,57.91,0.0,1.015,0.353,0.02,0.0,0.382,0,0,Normal,3.41,2.09,0.77,0.0,0,None
2026-03-05 02:45:00,22.07,1,0,0,231.98,3.41,0.704,0.36,0.89,0.176,142.15,579.96,85,58.0,0.0,1.015,0.351,0.02,0.0,0.333,0,0,Normal,2.96,3.72,0.58,0.0,0,None
2026-03-05 03:00:00,22.58,1,0,0,232.59,2.89,0.641,0.202,0.954,0.1602,142.31,580.77,85,58.08,0.0,1.015,0.354,0.02,0.0,0.267,0,0,Normal,4.3,3.02,0.66,0.0,0,None
2026-03-05 03:15:00,22.32,1,0,0,234.23,4.1,0.913,0.295,0.952,0.2282,142.54,581.94,85,58.19,0.0,1.015,0.349,0.123,0.0,0.441,0,0,Normal,3.0,2.54,0.67,0.0,0,None
2026-03-05 03:30:00,22.47,1,0,0,234.25,3.91,0.842,0.361,0.919,0.2105,142.75,583.01,85,58.3,0.0,1.015,0.359,0.112,0.0,0.371,0,0,Normal,3.12,3.71,0.39,0.0,0,None
2026-03-05 03:45:00,21.85,1,0,0,231.08,3.73,0.759,0.406,0.882,0.1898,142.94,583.98,85,58.4,0.0,1.015,0.349,0.02,0.0,0.39,0,0,Normal,3.08,2.71,0.91,0.0,0,None
2026-03-05 04:00:00,22.71,1,0,0,235.61,2.79,0.622,0.209,0.948,0.1555,143.09,584.77,85,58.48,0.0,1.015,0.353,0.02,0.0,0.249,0,0,Normal,3.32,2.81,0.67,0.0,0,None
2026-03-05 04:15:00,22.9,1,0,0,232.3,3.51,0.744,0.334,0.912,0.186,143.28,585.72,85,58.57,0.0,1.015,0.344,0.02,0.0,0.38,0,0,Normal,4.32,1.41,0.63,0.0,0,None
2026-03-05 04:30:00,23.21,1,0,0,232.59,3.47,0.746,0.307,0.925,0.1865,143.47,586.67,85,58.67,0.0,1.015,0.342,0.02,0.0,0.384,0,0,Normal,3.49,3.42,0.38,0.0,0,None
2026-03-05 04:45:00,22.61,1,0,0,232.57,3.14,0.679,0.268,0.93,0.1697,143.64,587.54,85,58.75,0.0,1.015,0.347,0.116,0.0,0.216,0,0,Normal,2.05,3.87,0.39,0.0,0,None
2026-03-05 05:00:00,24.02,1,0,0,236.65,3.96,0.856,0.384,0.912,0.214,143.85,588.63,85,58.86,0.0,1.015,0.34,0.12,0.0,0.396,0,0,Normal,3.44,3.21,0.92,0.0,0,None
2026-03-05 05:15:00,23.62,1,0,0,234.56,3.85,0.856,0.284,0.949,0.214,144.06,589.72,85,58.97,0.0,1.015,0.35,0.02,0.0,0.486,0,0,Normal,2.13,1.76,0.65,0.0,0,None
2026-03-05 05:30:00,23.7,1,0,0,234.17,3.27,0.695,0.323,0.907,0.1738,144.24,590.61,85,59.06,0.0,1.016,0.335,0.02,0.0,0.34,0,0,Normal,2.59,3.01,0.31,0.0,0,None
2026-03-05 05:45:00,24.17,1,0,0,234.72,3.62,0.794,0.304,0.934,0.1985,144.44,591.62,85,59.16,0.0,1.016,0.368,0.02,0.0,0.406,0,0,Normal,4.35,3.98,0.61,0.0,0,None
2026-03-05 06:00:00,24.0,1,0,0,234.44,11.38,2.539,0.821,0.951,0.6347,145.07,594.86,85,59.49,0.0,1.016,0.362,0.02,1.905,0.252,0,0,Normal,2.02,1.2,0.99,0.0,0,None
2026-03-05 06:15:00,24.35,1,0,0,235.49,10.53,2.363,0.75,0.953,0.5908,145.66,597.87,85,59.79,0.0,1.016,0.359,0.122,1.569,0.313,0,0,Normal,4.46,1.68,0.39,0.0,0,None
2026-03-05 06:30:00,24.26,1,0,0,234.59,13.14,2.725,1.439,0.884,0.6812,146.34,601.34,85,60.13,0.0,1.016,0.344,0.12,1.871,0.39,0,0,Normal,2.33,1.6,0.85,0.0,0,None
2026-03-05 06:45:00,23.83,1,0,0,235.51,9.79,2.043,1.069,0.886,0.5108,146.85,603.95,85,60.39,0.0,1.016,0.328,0.02,1.317,0.378,0,0,Normal,2.69,3.02,0.85,0.0,0,None
2026-03-05 07:00:00,26.11,1,0,0,233.9,12.61,2.605,1.383,0.883,0.6512,147.5,607.27,85,60.73,0.246,1.016,0.038,0.02,1.947,0.354,0,0,Normal,2.92,2.68,0.67,0.0,0,None
2026-03-05 07:15:00,26.82,1,0,0,231.18,11.74,2.398,1.27,0.884,0.5995,148.1,610.33,85,61.03,0.546,1.016,0.044,0.02,1.435,0.353,0,0,Normal,4.06,3.24,0.27,0.0,0,None
2026-03-05 07:30:00,26.3,1,0,0,232.4,10.99,2.411,0.84,0.944,0.6028,148.71,613.4,85,61.34,0.267,1.016,0.03,0.02,1.682,0.412,0,0,Normal,4.28,2.1,0.39,0.0,0,None
2026-03-05 07:45:00,26.55,1,0,0,232.91,12.7,2.761,1.061,0.933,0.6902,149.4,616.92,85,61.69,0.468,1.016,0.043,0.123,1.743,0.384,0,0,Normal,3.93,3.48,0.89,0.0,0,None
2026-03-05 08:00:00,28.54,1,0,0,230.3,16.16,3.556,1.096,0.956,0.889,150.29,621.98,120,62.2,1.286,1.016,0.048,0.118,1.71,0.394,0,0,Normal,2.68,1.28,0.45,0.0,0,None
2026-03-05 08:15:00,28.66,1,0,0,234.17,15.08,3.357,1.094,0.951,0.8392,151.12,627.82,120,62.78,1.262,1.016,0.051,0.02,1.541,0.483,0,0,Normal,4.16,1.38,0.3,0.0,0,None
2026-03-05 08:30:00,27.97,1,0,0,232.83,14.1,3.036,1.25,0.925,0.759,151.88,633.09,120,63.31,0.969,1.016,0.053,0.02,1.79,0.204,0,0,Normal,3.11,3.11,0.78,0.0,0,None
2026-03-05 08:45:00,28.68,1,0,0,232.81,16.52,3.422,1.756,0.89,0.8555,152.74,639.04,120,63.9,1.4,1.016,0.046,0.02,1.666,0.29,0,0,Normal,2.17,1.09,0.77,0.0,0,None
2026-03-05 09:00:00,29.6,0,0,0,232.5,0.78,0.166,0.072,0.918,0.0415,152.78,639.33,120,63.93,0.0,1.016,0.052,0.02,0.0,0.094,0,0,Normal,3.24,2.62,0.79,0.0,0,None
2026-03-05 09:15:00,29.13,0,0,0,230.46,1.93,0.418,0.15,0.941,0.1045,152.89,640.05,120,64.01,0.0,1.016,0.053,0.124,0.0,0.241,0,0,Normal,2.12,1.48,0.77,0.0,0,None
2026-03-05 09:30:00,29.26,0,0,0,232.71,1.38,0.285,0.147,0.889,0.0712,152.96,640.55,120,64.05,0.0,1.016,0.068,0.114,0.0,0.103,0,0,Normal,3.03,2.27,0.68,0.0,0,None
2026-03-05 09:45:00,28.81,0,0,0,231.67,0.66,0.144,0.053,0.938,0.036,152.99,640.8,120,64.08,0.0,1.016,0.044,0.02,0.0,0.08,0,0,Normal,3.36,3.15,0.6,0.0,0,None
2026-03-05 10:00:00,30.56,0,0,0,232.51,1.01,0.211,0.104,0.896,0.0528,153.05,641.16,120,64.12,0.0,1.016,0.054,0.02,0.0,0.137,0,0,Normal,2.43,2.04,0.72,0.0,0,None
2026-03-05 10:15:00,30.82,0,0,0,233.84,1.42,0.316,0.103,0.951,0.079,153.12,641.71,120,64.17,0.0,1.016,0.061,0.02,0.0,0.235,0,0,Normal,2.14,2.33,0.31,0.0,0,None
2026-03-05 10:30:00,31.4,0,0,0,230.39,1.03,0.212,0.106,0.895,0.053,153.18,642.08,120,64.21,0.0,1.016,0.043,0.02,0.0,0.149,0,0,Normal,4.27,1.28,0.53,0.0,0,None
2026-03-05 10:45:00,31.86,0,0,0,231.02,1.79,0.392,0.133,0.947,0.098,153.28,642.76,120,64.28,0.0,1.016,0.046,0.125,0.0,0.221,0,0,Normal,3.66,2.93,0.76,0.0,0,None
2026-03-05 11:00:00,31.55,0,0,0,231.09,1.67,0.342,0.177,0.889,0.0855,153.36,643.36,120,64.34,0.0,1.016,0.076,0.12,0.0,0.146,0,0,Normal,3.05,2.92,0.28,0.0,0,None
2026-03-05 11:15:00,32.44,0,0,0,228.78,1.06,0.226,0.088,0.932,0.0565,153.42,643.75,120,64.37,0.0,1.016,0.048,0.02,0.0,0.158,0,0,Normal,3.89,2.79,0.29,0.0,0,None
2026-03-05 11:30:00,31.72,0,0,0,230.1,1.33,0.271,0.144,0.883,0.0678,153.49,644.22,120,64.42,0.0,1.016,0.047,0.02,0.0,0.204,0,0,Normal,2.85,1.67,0.53,0.0,0,None
2026-03-05 11:45:00,32.48,0,0,0,230.6,1.24,0.266,0.103,0.933,0.0665,153.55,644.68,120,64.47,0.0,1.016,0.035,0.02,0.0,0.211,0,0,Normal,3.91,3.56,0.85,0.0,0,None
2026-03-05 12:00:00,33.13,0,0,0,229.53,1.28,0.274,0.103,0.936,0.0685,153.62,645.16,120,64.52,0.0,1.017,0.062,0.02,0.0,0.192,0,0,Normal,3.47,2.79,1.0,0.0,0,None
2026-03-05 12:15:00,32.28,0,0,0,230.91,1.42,0.31,0.106,0.946,0.0775,153.7,645.7,120,64.57,0.0,1.017,0.037,0.119,0.0,0.154,0,0,Normal,2.75,2.68,0.89,0.0,0,None
2026-03-05 12:30:00,33.66,0,0,0,230.68,1.24,0.268,0.098,0.939,0.067,153.76,646.16,120,64.62,0.0,1.017,0.042,0.118,0.0,0.108,0,0,Normal,3.88,1.03,0.31,0.0,0,None
2026-03-05 12:45:00,32.89,0,0,0,230.08,1.4,0.307,0.097,0.954,0.0768,153.84,646.7,120,64.67,0.0,1.017,0.046,0.02,0.0,0.241,0,0,Normal,3.01,1.86,0.4,0.0,0,None
2026-03-05 13:00:00,33.53,0,0,0,229.67,1.51,0.31,0.154,0.896,0.0775,153.92,647.24,120,64.72,0.0,1.017,0.051,0.02,0.0,0.239,0,0,Normal,3.58,1.71,0.85,0.0,0,None
2026-03-05 13:15:00,33.26,0,0,0,228.27,0.9,0.196,0.064,0.951,0.049,153.97,647.58,120,64.76,0.0,1.017,0.04,0.02,0.0,0.136,0,0,Normal,3.47,3.03,0.31,0.0,0,None
2026-03-05 13:30:00,33.47,0,0,0,229.56,1.49,0.316,0.129,0.926,0.079,154.05,648.12,120,64.81,0.0,1.017,0.047,0.02,0.0,0.249,0,0,Normal,3.32,3.99,0.81,0.0,0,None
2026-03-05 13:45:00,34.01,0,0,0,226.96,1.12,0.238,0.089,0.937,0.0595,154.11,648.54,120,64.85,0.0,1.017,0.04,0.118,0.0,0.08,0,0,Normal,3.95,3.52,0.33,0.0,0,None
2026-03-05 14:00:00,33.91,0,0,0,228.31,1.51,0.315,0.141,0.912,0.0788,154.18,649.09,120,64.91,0.0,1.017,0.053,0.124,0.0,0.138,0,0,Normal,2.35,1.55,0.3,0.0,0,None
2026-03-05 14:15:00,34.16,0,0,0,227.12,0.77,0.159,0.073,0.908,0.0397,154.22,649.36,120,64.94,0.0,1.017,0.037,0.02,0.0,0.102,0,0,Normal,2.1,1.08,0.97,0.0,0,None
2026-03-05 14:30:00,34.18,0,0,0,226.28,1.17,0.25,0.089,0.942,0.0625,154.29,649.8,120,64.98,0.0,1.017,0.052,0.02,0.0,0.178,0,0,Normal,2.13,2.28,0.31,0.0,0,None
2026-03-05 14:45:00,34.66,0,0,0,227.64,1.52,0.325,0.122,0.937,0.0812,154.37,650.36,120,65.04,0.0,1.017,0.057,0.02,0.0,0.248,0,0,Normal,3.16,2.9,0.36,0.0,0,None
2026-03-05 15:00:00,33.62,0,0,0,226.31,1.08,0.221,0.102,0.908,0.0553,154.42,650.75,120,65.07,0.0,1.017,0.033,0.02,0.0,0.168,0,0,Normal,2.39,2.21,0.39,0.0,0,None
2026-03-05 15:15:00,33.06,0,0,0,227.46,1.93,0.394,0.195,0.896,0.0985,154.52,651.43,120,65.14,0.0,1.017,0.046,0.122,0.0,0.226,0,0,Normal,3.83,3.1,0.85,0.0,0,None
2026-03-05 15:30:00,34.33,0,0,0,227.84,1.65,0.354,0.128,0.94,0.0885,154.61,652.04,120,65.2,0.0,1.017,0.063,0.119,0.0,0.172,0,0,Normal,2.89,3.66,0.84,0.0,0,None
2026-03-05 15:45:00,33.63,0,0,0,227.03,1.41,0.289,0.138,0.903,0.0722,154.68,652.55,120,65.25,0.0,1.017,0.062,0.02,0.0,0.207,0,0,Normal,3.09,2.6,0.64,0.0,0,None
2026-03-05 16:00:00,33.75,0,0,0,227.54,0.88,0.179,0.091,0.892,0.0448,154.73,652.86,120,65.29,0.0,1.017,0.034,0.02,0.0,0.125,0,0,Normal,2.35,3.62,0.92,0.0,0,None
2026-03-05 16:15:00,33.39,0,0,0,227.14,0.7,0.151,0.047,0.954,0.0378,154.77,653.12,120,65.31,0.0,1.017,0.051,0.02,0.0,0.08,0,0,Normal,3.12,2.35,0.96,0.0,0,None
2026-03-05 16:30:00,33.13,0,0,0,226.53,0.85,0.177,0.075,0.921,0.0442,154.81,653.43,120,65.34,0.0,1.017,0.04,0.02,0.0,0.117,0,0,Normal,4.15,1.58,0.74,0.0,0,None
2026-03-05 16:45:00,33.37,0,0,0,225.84,2.13,0.435,0.204,0.905,0.1088,154.92,654.18,120,65.42,0.0,1.017,0.063,0.123,0.0,0.249,0,0,Normal,3.53,2.88,0.6,0.0,0,None
2026-03-05 17:00:00,33.22,0,0,0,227.14,1.33,0.267,0.143,0.881,0.0668,154.99,654.65,120,65.46,0.0,1.017,0.061,0.114,0.0,0.092,0,0,Normal,2.08,2.34,0.7,0.0,0,None
2026-03-05 17:15:00,33.28,0,0,0,228.18,0.78,0.159,0.078,0.898,0.0398,155.02,654.92,120,65.49,0.0,1.017,0.039,0.02,0.0,0.1,0,0,Normal,3.47,3.96,0.23,0.0,0,None
2026-03-05 17:30:00,32.28,0,0,0,227.24,0.93,0.191,0.093,0.9,0.0478,155.07,655.26,120,65.53,0.0,1.017,0.067,0.02,0.0,0.104,0,0,Normal,3.96,2.86,0.87,0.0,0,None
2026-03-05 17:45:00,32.32,0,0,0,225.62,1.01,0.206,0.097,0.905,0.0515,155.12,655.61,120,65.56,0.0,1.017,0.05,0.02,0.0,0.136,0,0,Normal,3.49,2.28,0.53,0.0,0,None
2026-03-05 18:00:00,31.54,1,0,1,223.07,15.08,3.178,1.1,0.945,0.7945,155.92,661.14,120,66.11,2.461,1.017,0.342,0.02,0.0,0.355,0,0,Normal,2.9,1.42,0.99,0.0,0,None
2026-03-05 18:15:00,30.58,1,0,1,226.76,14.44,2.961,1.4,0.904,0.7403,156.66,666.28,120,66.63,2.063,1.017,0.355,0.112,0.0,0.431,0,0,Normal,3.79,3.83,0.5,0.0,0,None
2026-03-05 18:30:00,31.17,1,0,1,225.02,15.14,3.146,1.305,0.924,0.7865,157.45,671.75,120,67.17,2.332,1.017,0.361,0.123,0.0,0.33,0,0,Normal,4.46,3.27,0.74,0.0,0,None
2026-03-05 18:45:00,30.99,1,0,1,226.45,14.62,3.135,1.067,0.947,0.7838,158.23,677.19,120,67.72,2.359,1.018,0.35,0.02,0.0,0.406,0,0,Normal,3.17,3.43,0.38,0.0,0,None
2026-03-05 19:00:00,29.71,1,0,1,225.67,18.16,3.82,1.485,0.932,0.955,159.18,683.83,120,68.38,1.658,1.018,0.376,0.02,1.259,0.507,0,0,Normal,2.15,2.47,0.43,0.0,0,None
2026-03-05 19:15:00,29.14,1,0,1,224.39,17.89,3.582,1.811,0.892,0.8955,160.08,690.05,120,69.01,1.478,1.018,0.326,0.02,1.344,0.414,0,0,Normal,4.04,2.94,0.23,0.0,0,None
2026-03-05 19:30:00,28.76,1,0,1,227.26,20.12,4.241,1.709,0.928,1.0602,161.14,697.42,120,69.74,1.435,1.018,0.355,0.02,1.972,0.459,0,0,Normal,3.62,2.5,0.78,0.0,0,None
2026-03-05 19:45:00,28.52,1,0,1,225.73,15.91,3.372,1.238,0.939,0.843,161.98,703.28,120,70.33,1.183,1.018,0.359,0.122,1.293,0.415,0,0,Normal,3.64,3.1,0.62,0.0,0,None
2026-03-05 20:00:00,27.44,1,0,1,227.34,17.04,3.545,1.562,0.915,0.8863,162.87,709.44,120,70.94,0.872,1.018,0.331,0.121,1.81,0.411,0,0,Normal,2.75,3.54,0.86,0.0,0,None
2026-03-05 20:15:00,27.77,1,0,1,227.22,15.31,3.321,1.039,0.954,0.8302,163.7,715.21,120,71.52,0.928,1.018,0.341,0.02,1.623,0.409,0,0,Normal,3.3,3.15,0.56,0.0,0,None
2026-03-05 20:30:00,27.85,1,0,1,226.16,16.06,3.384,1.322,0.931,0.846,164.55,721.09,120,72.11,1.009,1.018,0.346,0.02,1.616,0.393,0,0,Normal,3.57,2.45,0.93,0.0,0,None
2026-03-05 20:45:00,28.97,1,0,1,227.16,18.07,3.822,1.499,0.931,0.9555,165.5,727.73,120,72.77,1.441,1.018,0.328,0.02,1.784,0.249,0,0,Normal,4.26,2.19,0.29,0.0,0,None
2026-03-05 21:00:00,27.0,1,0,1,227.33,15.27,3.27,1.164,0.942,0.8175,166.32,733.41,120,73.34,0.627,1.018,0.319,0.02,1.91,0.394,0,0,Normal,2.76,2.03,0.72,0.0,0,None
2026-03-05 21:15:00,25.97,1,0,1,228.97,11.79,2.53,0.939,0.937,0.6325,166.95,737.81,120,73.78,0.146,1.018,0.356,0.109,1.566,0.353,0,0,Normal,2.37,3.88,0.54,0.0,0,None
2026-03-05 21:30:00,26.62,1,0,1,228.15,15.54,3.32,1.247,0.936,0.83,167.78,743.58,120,74.36,0.448,1.018,0.344,0.12,1.972,0.436,0,0,Normal,2.23,2.64,0.85,0.0,0,None
2026-03-05 21:45:00,26.24,1,0,1,228.15,12.75,2.662,1.176,0.915,0.6655,168.45,748.2,120,74.82,0.336,1.018,0.363,0.02,1.646,0.297,0,0,Normal,2.11,3.91,0.49,0.0,0,None
2026-03-05 22:00:00,24.86,1,0,1,227.14,2.98,0.628,0.251,0.928,0.157,168.6,749.29,120,74.93,0.0,1.018,0.341,0.02,0.0,0.267,0,0,Normal,2.5,1.83,0.43,0.0,0,None
2026-03-05 22:15:00,25.09,1,0,1,228.58,3.44,0.732,0.288,0.93,0.183,168.79,750.57,120,75.06,0.0,1.018,0.368,0.02,0.0,0.344,0,0,Normal,3.05,2.97,0.37,0.0,0,None
2026-03-05 22:30:00,25.31,1,0,1,228.14,4.18,0.846,0.442,0.886,0.2115,169.0,752.04,120,75.2,0.0,1.018,0.352,0.02,0.0,0.474,0,0,Normal,2.61,3.89,0.42,0.0,0,None
2026-03-05 22:45:00,24.83,1,0,1,229.45,3.81,0.8,0.354,0.914,0.2,169.2,753.43,120,75.34,0.0,1.018,0.375,0.125,0.0,0.3,0,0,Normal,4.05,3.32,0.68,0.0,0,None
2026-03-05 23:00:00,24.29,1,0,1,230.5,4.01,0.867,0.321,0.938,0.2168,169.41,754.93,120,75.49,0.0,1.018,0.349,0.108,0.0,0.41,0,0,Normal,2.48,3.84,0.42,0.0,0,None
2026-03-05 23:15:00,23.19,1,0,1,231.18,3.03,0.657,0.244,0.937,0.1642,169.58,756.07,120,75.61,0.0,1.018,0.343,0.02,0.0,0.294,0,0,Normal,2.86,2.21,0.62,0.0,0,None
2026-03-05 23:30:00,23.76,1,0,1,231.25,3.53,0.736,0.353,0.902,0.184,169.76,757.35,120,75.74,0.0,1.018,0.356,0.02,0.0,0.36,0,0,Normal,4.21,2.36,0.37,0.0,0,None
2026-03-05 23:45:00,25.06,1,0,1,229.37,3.71,0.796,0.298,0.937,0.199,169.96,758.74,120,75.87,0.0,1.018,0.359,0.02,0.0,0.417,0,0,Normal,4.03,3.93,0.61,0.0,0,None
2026-03-06 00:00:00,22.92,1,0,0,229.35,3.93,0.832,0.348,0.923,0.208,170.17,760.18,120,76.02,0.0,1.018,0.357,0.02,0.0,0.455,0,0,Normal,2.85,3.55,0.75,0.0,0,None
2026-03-06 00:15:00,23.52,1,0,0,228.95,4.34,0.938,0.326,0.944,0.2345,170.4,761.81,120,76.18,0.0,1.018,0.366,0.119,0.0,0.453,0,0,Normal,3.79,3.64,0.39,0.0,0,None
2026-03-06 00:30:00,22.85,1,0,0,230.21,3.14,0.687,0.224,0.951,0.1717,170.58,763.0,120,76.3,0.0,1.018,0.346,0.122,0.0,0.219,0,0,Normal,2.59,1.69,0.63,0.0,0,None
2026-03-06 00:45:00,23.09,1,0,0,231.59,3.76,0.8,0.344,0.919,0.2,170.78,764.39,120,76.44,0.0,1.018,0.359,0.02,0.0,0.421,0,0,Normal,4.38,1.87,0.7,0.0,0,None
2026-03-06 01:00:00,22.18,1,0,0,231.06,3.17,0.68,0.275,0.927,0.17,170.95,765.58,120,76.56,0.0,1.018,0.37,0.02,0.0,0.29,0,0,Normal,4.42,3.7,0.66,0.0,0,None
2026-03-06 01:15:00,22.12,1,0,0,233.31,4.04,0.896,0.291,0.951,0.224,171.17,767.13,120,76.71,0.0,1.019,0.341,0.02,0.0,0.535,0,0,Normal,3.11,3.6,0.58,0.0,0,None
2026-03-06 01:30:00,21.81,1,0,0,228.99,3.8,0.808,0.321,0.929,0.202,171.37,768.54,120,76.85,0.0,1.019,0.35,0.02,0.0,0.438,0,0,Normal,2.03,2.26,0.26,0.0,0,None
2026-03-06 01:45:00,22.42,1,0,0,230.82,3.61,0.761,0.34,0.913,0.1902,171.56,769.86,120,76.99,0.0,1.019,0.356,0.121,0.0,0.284,0,0,Normal,4.26,3.21,0.6,0.0,0,None
2026-03-06 02:00:00,21.57,1,0,0,233.37,4.05,0.888,0.321,0.94,0.222,171.78,771.4,120,77.14,0.0,1.019,0.359,0.125,0.0,0.404,0,0,Normal,2.03,3.98,0.45,0.0,0,None
2026-03-06 02:15:00,22.33,1,0,0,233.02,3.68,0.791,0.333,0.922,0.1977,171.98,772.78,120,77.28,0.0,1.019,0.363,0.02,0.0,0.408,0,0,Normal,2.35,2.58,0.48,0.0,0,None
2026-03-06 02:30:00,22.54,1,0,0,235.14,3.54,0.783,0.282,0.941,0.1957,172.18,774.14,120,77.41,0.0,1.019,0.356,0.02,0.0,0.407,0,0,Normal,4.16,1.67,0.71,0.0,0,None
2026-03-06 02:45:00,22.18,1,0,0,230.86,3.72,0.82,0.259,0.954,0.205,172.38,775.56,120,77.56,0.0,1.019,0.36,0.02,0.0,0.44,0,0,Normal,4.28,2.87,0.94,0.0,0,None
2026-03-06 03:00:00,22.06,1,0,0,233.01,3.05,0.666,0.245,0.939,0.1665,172.55,776.72,120,77.67,0.0,1.019,0.341,0.02,0.0,0.305,0,0,Normal,4.14,2.16,0.55,0.0,0,None
2026-03-06 03:15:00,22.43,1,0,0,234.39,4.31,0.9,0.46,0.89,0.225,172.77,778.28,120,77.83,0.0,1.019,0.342,0.13,0.0,0.428,0,0,Normal,2.65,1.87,0.9,0.0,0,None
2026-03-06 03:30:00,22.05,1,0,0,232.56,3.96,0.86,0.326,0.935,0.215,172.99,779.78,120,77.98,0.0,1.019,0.351,0.12,0.0,0.389,0,0,Normal,4.42,1.67,0.63,0.0,0,None
2026-03-06 03:45:00,22.67,1,0,0,231.59,3.61,0.776,0.313,0.927,0.194,173.18,781.13,120,78.11,0.0,1.019,0.339,0.02,0.0,0.417,0,0,Normal,3.77,3.97,0.43,0.0,0,None
2026-03-06 04:00:00,21.89,1,0,0,232.63,3.32,0.739,0.222,0.958,0.1848,173.37,782.41,120,78.24,0.0,1.019,0.356,0.02,0.0,0.363,0,0,Normal,2.71,2.37,0.84,0.0,0,None
2026-03-06 04:15:00,22.64,1,0,0,234.04,3.08,0.675,0.251,0.937,0.1688,173.54,783.58,120,78.36,0.0,1.019,0.344,0.02,0.0,0.311,0,0,Normal,2.31,2.14,0.77,0.0,0,None
2026-03-06 04:30:00,21.81,1,0,0,232.27,2.9,0.632,0.236,0.937,0.158,173.7,784.68,120,78.47,0.0,1.019,0.349,0.02,0.0,0.263,0,0,Normal,2.45,1.55,0.9,0.0,0,None
2026-03-06 04:45:00,22.06,1,0,0,232.07,3.51,0.766,0.275,0.941,0.1915,173.89,786.01,120,78.6,0.0,1.019,0.354,0.121,0.0,0.291,0,0,Normal,2.16,3.91,0.65,0.0,0,None
2026-03-06 05:00:00,24.44,1,0,0,234.09,3.78,0.837,0.287,0.946,0.2092,174.1,787.47,120,78.75,0.0,1.019,0.372,0.111,0.0,0.354,0,0,Normal,4.14,1.37,0.79,0.0,0,None
2026-03-06 05:15:00,24.2,1,0,0,235.27,3.29,0.686,0.361,0.885,0.1715,174.27,788.66,120,78.87,0.0,1.019,0.35,0.02,0.0,0.316,0,0,Normal,4.02,2.32,0.99,0.0,0,None
2026-03-06 05:30:00,23.4,1,0,0,234.11,3.6,0.762,0.359,0.904,0.1905,174.46,789.98,120,79.0,0.0,1.019,0.356,0.02,0.0,0.386,0,0,Normal,4.2,2.62,0.22,0.0,0,None
2026-03-06 05:45:00,23.01,1,0,0,233.24,3.57,0.789,0.268,0.947,0.1972,174.66,791.35,120,79.14,0.0,1.019,0.354,0.02,0.0,0.415,0,0,Normal,4.47,1.66,0.84,0.0,0,None
2026-03-06 06:00:00,23.52,1,0,0,234.44,11.13,2.411,0.997,0.924,0.6028,175.26,795.54,120,79.55,0.0,1.019,0.355,0.02,1.814,0.222,0,0,Normal,3.66,2.36,0.48,0.0,0,None
2026-03-06 06:15:00,24.73,1,0,0,235.26,11.03,2.396,0.994,0.924,0.599,175.86,799.7,120,79.97,0.0,1.019,0.347,0.124,1.692,0.233,0,0,Normal,2.08,3.87,0.85,0.0,0,None
2026-03-06 06:30:00,26.21,1,0,0,235.17,11.0,2.411,0.937,0.932,0.6027,176.46,803.89,120,80.39,0.207,1.019,0.346,0.112,1.369,0.377,0,0,Normal,2.58,1.96,0.72,0.0,0,None
2026-03-06 06:45:00,25.22,1,0,0,234.03,10.68,2.272,1.04,0.909,0.568,177.03,807.84,120,80.78,0.0,1.019,0.341,0.02,1.513,0.398,0,0,Normal,2.37,2.75,0.57,0.0,0,None
2026-03-06 07:00:00,26.17,1,0,0,234.35,11.96,2.513,1.241,0.897,0.6282,177.66,812.21,120,81.22,0.297,1.019,0.04,0.02,1.626,0.53,0,0,Normal,3.46,1.48,0.64,0.0,0,None
2026-03-06 07:15:00,26.68,1,0,0,234.5,11.36,2.46,1.023,0.923,0.615,178.27,816.48,120,81.65,0.459,1.019,0.051,0.02,1.598,0.332,0,0,Normal,3.19,2.96,0.76,0.0,0,None
2026-03-06 07:30:00,25.67,1,0,0,232.27,7.74,1.686,0.624,0.938,0.4215,178.69,819.41,120,81.94,0.067,1.019,0.052,0.02,1.248,0.299,0,0,Normal,4.33,3.56,0.98,0.0,0,None
2026-03-06 07:45:00,26.3,1,0,0,233.32,8.84,1.948,0.681,0.944,0.487,179.18,822.8,120,82.28,0.254,1.02,0.041,0.12,1.284,0.249,0,0,Normal,2.98,2.1,0.93,0.0,0,None
2026-03-06 08:00:00,28.05,1,0,0,233.65,15.91,3.276,1.759,0.881,0.819,180.0,828.49,120,82.85,1.055,1.02,0.064,0.122,1.686,0.349,0,0,Normal,2.15,3.55,0.79,0.0,0,None
2026-03-06 08:15:00,27.96,1,0,0,234.6,16.15,3.439,1.592,0.907,0.8598,180.86,834.46,120,83.45,0.988,1.02,0.046,0.02,1.872,0.513,0,0,Normal,2.06,2.58,0.58,0.0,0,None
2026-03-06 08:30:00,28.4,1,0,0,234.81,14.47,3.19,1.168,0.939,0.7975,181.66,840.01,120,84.0,1.192,1.02,0.044,0.02,1.404,0.53,0,0,Normal,4.03,3.22,0.22,0.0,0,None
2026-03-06 08:45:00,28.17,1,0,0,232.82,15.85,3.257,1.736,0.882,0.8142,182.47,845.66,120,84.57,1.099,1.02,0.041,0.02,1.774,0.323,0,0,Normal,3.59,1.34,0.43,0.0,0,None
2026-03-06 09:00:00,29.89,0,0,0,234.12,1.25,0.279,0.088,0.954,0.0697,182.54,846.15,120,84.61,0.0,1.02,0.055,0.02,0.0,0.204,0,0,Normal,2.48,2.12,0.47,0.0,0,None
2026-03-06 09:15:00,29.21,0,0,0,231.59,1.22,0.269,0.089,0.949,0.0672,182.61,846.62,120,84.66,0.0,1.02,0.051,0.125,0.0,0.093,0,0,Normal,4.27,2.03,0.72,0.0,0,None
2026-03-06 09:30:00,30.0,0,0,0,231.87,1.45,0.319,0.106,0.949,0.0798,182.69,847.17,120,84.72,0.0,1.02,0.058,0.133,0.0,0.128,0,0,Normal,3.4,3.42,0.43,0.0,0,None
2026-03-06 09:45:00,30.37,0,0,0,230.87,1.48,0.304,0.156,0.889,0.076,182.76,847.7,120,84.77,0.0,1.02,0.044,0.02,0.0,0.24,0,0,Normal,3.52,2.99,0.41,0.0,0,None
2026-03-06 10:00:00,30.51,0,0,0,231.44,0.84,0.185,0.061,0.949,0.0462,182.81,848.02,120,84.8,0.0,1.02,0.039,0.02,0.0,0.126,0,0,Normal,4.3,2.29,0.91,0.0,0,None
2026-03-06 10:15:00,30.56,0,0,0,229.71,1.45,0.317,0.099,0.955,0.0792,182.89,848.57,120,84.86,0.0,1.02,0.055,0.02,0.0,0.242,0,0,Normal,2.13,1.69,0.67,0.0,0,None
2026-03-06 10:30:00,31.67,0,0,0,229.74,1.44,0.308,0.121,0.931,0.077,182.96,849.11,120,84.91,0.0,1.02,0.053,0.02,0.0,0.235,0,0,Normal,4.11,1.12,0.36,0.0,0,None
2026-03-06 10:45:00,30.9,0,0,0,230.74,1.69,0.369,0.126,0.946,0.0922,183.06,849.75,120,84.97,0.0,1.02,0.056,0.118,0.0,0.195,0,0,Normal,4.45,3.74,0.79,0.0,0,None
2026-03-06 11:00:00,32.94,0,0,0,228.58,1.16,0.244,0.101,0.924,0.061,183.12,850.17,120,85.02,0.0,1.02,0.034,0.108,0.0,0.102,0,0,Normal,2.69,2.83,0.42,0.0,0,None
2026-03-06 11:15:00,32.02,0,0,0,228.63,1.3,0.271,0.123,0.911,0.0678,183.19,850.64,120,85.06,0.0,1.02,0.07,0.02,0.0,0.181,0,0,Normal,3.35,1.99,0.32,0.0,0,None
2026-03-06 11:30:00,32.97,0,0,0,230.5,0.89,0.192,0.072,0.936,0.048,183.23,850.98,120,85.1,0.0,1.02,0.066,0.02,0.0,0.106,0,0,Normal,3.06,3.62,0.29,0.0,0,None
2026-03-06 11:45:00,32.31,0,0,0,228.41,1.37,0.28,0.139,0.896,0.07,183.3,851.46,120,85.15,0.0,1.02,0.045,0.02,0.0,0.215,0,0,Normal,2.17,3.99,0.6,0.0,0,None
2026-03-06 12:00:00,33.33,0,0,0,229.89,0.89,0.195,0.065,0.949,0.0488,183.35,851.8,120,85.18,0.0,1.02,0.046,0.02,0.0,0.129,0,0,Normal,3.26,1.85,0.9,0.0,0,None
2026-03-06 12:15:00,33.98,0,0,0,229.42,1.58,0.345,0.114,0.95,0.0862,183.44,852.4,120,85.24,0.0,1.02,0.05,0.13,0.0,0.165,0,0,Normal,4.24,1.48,0.62,0.0,0,None
2026-03-06 12:30:00,33.02,0,0,0,228.56,1.18,0.255,0.088,0.946,0.0638,183.5,852.84,120,85.28,0.0,1.02,0.053,0.116,0.0,0.086,0,0,Normal,2.39,2.44,0.64,0.0,0,None
2026-03-06 12:45:00,32.73,0,0,0,227.27,1.27,0.265,0.116,0.917,0.0662,183.57,853.3,120,85.33,0.0,1.02,0.049,0.02,0.0,0.196,0,0,Normal,2.54,2.05,0.28,0.0,0,None
2026-03-06 13:00:00,33.57,0,0,0,230.45,1.08,0.225,0.107,0.904,0.0562,183.63,853.7,120,85.37,0.0,1.02,0.052,0.02,0.0,0.153,0,0,Normal,3.37,2.22,0.38,0.0,0,None
2026-03-06 13:15:00,34.02,0,0,0,230.49,1.38,0.305,0.093,0.957,0.0762,183.7,854.23,120,85.42,0.0,1.02,0.048,0.02,0.0,0.237,0,0,Normal,2.11,1.92,0.36,0.0,0,None
2026-03-06 13:30:00,33.01,0,0,0,229.49,1.16,0.242,0.113,0.906,0.0605,183.76,854.65,120,85.46,0.0,1.02,0.058,0.02,0.0,0.164,0,0,Normal,2.61,3.13,0.52,0.0,0,None
2026-03-06 13:45:00,34.11,0,0,0,227.97,1.87,0.379,0.198,0.887,0.0948,183.86,855.3,120,85.53,0.0,1.02,0.063,0.122,0.0,0.194,0,0,Normal,3.13,3.15,0.85,0.0,0,None
2026-03-06 14:00:00,33.73,0,0,0,227.96,1.51,0.319,0.128,0.928,0.0797,183.94,855.86,120,85.59,0.0,1.02,0.055,0.119,0.0,0.145,0,0,Normal,12.45,1.28,0.9,-16.56,1,Possible Loose Connection / Voltage Sag
2026-03-06 14:15:00,34.57,0,0,0,229.18,1.32,0.279,0.118,0.921,0.0698,184.01,856.34,120,85.63,0.0,1.021,0.047,0.02,0.0,0.212,0,0,Normal,14.7,2.87,0.36,-23.07,1,Possible Loose Connection / Voltage Sag
2026-03-06 14:30:00,32.8,0,0,0,228.32,1.31,0.275,0.115,0.922,0.0688,184.08,856.82,120,85.68,0.0,1.021,0.052,0.02,0.0,0.203,0,0,Normal,10.85,3.28,0.54,-17.77,1,Possible Loose Connection / Voltage Sag
2026-03-06 14:45:00,33.61,0,0,0,228.72,0.92,0.199,0.066,0.95,0.0498,184.12,857.17,120,85.72,0.0,1.021,0.068,0.02,0.0,0.111,0,0,Normal,9.85,1.07,0.5,-20.05,1,Possible Loose Connection / Voltage Sag
2026-03-06 15:00:00,32.95,0,0,0,225.75,1.45,0.29,0.154,0.884,0.0725,184.2,857.67,120,85.77,0.0,1.021,0.048,0.02,0.0,0.222,0,0,Normal,4.13,2.63,0.56,0.0,0,None
2026-03-06 15:15:00,33.38,0,0,0,226.11,1.51,0.318,0.127,0.928,0.0795,184.28,858.22,120,85.82,0.0,1.021,0.06,0.117,0.0,0.141,0,0,Normal,3.93,3.81,0.79,0.0,0,None
2026-03-06 15:30:00,33.92,0,0,0,225.6,1.4,0.296,0.111,0.936,0.074,184.35,858.74,120,85.87,0.0,1.021,0.048,0.123,0.0,0.125,0,0,Normal,2.57,3.56,0.75,0.0,0,None
2026-03-06 15:45:00,33.71,0,0,0,225.6,0.76,0.162,0.056,0.945,0.0405,184.39,859.02,120,85.9,0.0,1.021,0.039,0.02,0.0,0.103,0,0,Normal,3.0,1.7,0.64,0.0,0,None
2026-03-06 16:00:00,33.07,0,0,0,226.22,1.22,0.252,0.111,0.916,0.063,184.45,859.46,120,85.95,0.0,1.021,0.056,0.02,0.0,0.176,0,0,Normal,3.06,3.39,0.4,0.0,0,None
2026-03-06 16:15:00,33.12,0,0,0,224.83,1.5,0.308,0.135,0.916,0.077,184.53,859.99,120,86.0,0.0,1.021,0.06,0.02,0.0,0.228,0,0,Normal,3.95,1.32,0.8,0.0,0,None
2026-03-06 16:30:00,33.3,0,0,0,225.2,1.68,0.335,0.177,0.885,0.0838,184.62,860.57,120,86.06,0.0,1.021,0.069,0.02,0.0,0.246,0,0,Normal,2.9,3.21,0.99,0.0,0,None
2026-03-06 16:45:00,32.69,0,0,0,227.52,1.78,0.356,0.192,0.881,0.089,184.7,861.19,120,86.12,0.0,1.021,0.066,0.124,0.0,0.166,0,0,Normal,2.54,2.74,0.34,0.0,0,None
2026-03-06 17:00:00,32.6,0,0,0,226.41,1.44,0.307,0.109,0.943,0.0768,184.78,861.73,120,86.17,0.0,1.021,0.078,0.118,0.0,0.111,0,0,Normal,4.31,3.03,0.89,0.0,0,None
2026-03-06 17:15:00,32.57,0,0,0,228.0,1.28,0.266,0.121,0.91,0.0665,184.85,862.19,120,86.22,0.0,1.021,0.069,0.02,0.0,0.177,0,0,Normal,3.29,3.37,0.37,0.0,0,None
2026-03-06 17:30:00,32.44,0,0,0,226.49,1.3,0.261,0.134,0.889,0.0652,184.91,862.64,120,86.26,0.0,1.021,0.055,0.02,0.0,0.186,0,0,Normal,3.25,2.59,0.99,0.0,0,None
2026-03-06 17:45:00,32.52,0,0,0,225.32,1.59,0.315,0.17,0.88,0.0788,184.99,863.19,120,86.32,0.0,1.021,0.05,0.02,0.0,0.245,0,0,Normal,3.89,2.26,0.46,0.0,0,None
2026-03-06 18:00:00,31.15,1,0,1,225.28,15.78,3.158,1.634,0.888,0.7895,185.78,868.68,120,86.87,2.336,1.021,0.347,0.02,0.0,0.455,0,0,Normal,3.14,2.7,0.37,0.0,0,None
2026-03-06 18:15:00,32.02,1,0,1,225.0,16.0,3.3,1.436,0.917,0.825,186.61,874.41,120,87.44,2.568,1.021,0.344,0.119,0.0,0.269,0,0,Normal,3.76,3.06,0.59,0.0,0,None
2026-03-06 18:30:00,30.96,1,0,1,227.19,14.07,2.874,1.401,0.899,0.7185,187.32,879.4,120,87.94,2.058,1.021,0.366,0.118,0.0,0.332,0,0,Normal,2.46,2.1,0.75,0.0,0,None
2026-03-06 18:45:00,30.85,1,0,1,226.47,13.73,2.964,0.937,0.953,0.741,188.07,884.55,120,88.46,2.209,1.021,0.341,0.02,0.0,0.394,0,0,Normal,2.78,3.11,0.34,0.0,0,None
2026-03-06 19:00:00,29.18,1,0,1,226.74,18.3,3.892,1.437,0.938,0.973,189.04,891.32,120,89.13,1.523,1.021,0.343,0.02,1.704,0.302,0,0,Normal,3.19,2.27,0.48,0.0,0,None
2026-03-06 19:15:00,29.04,1,0,1,225.3,19.55,3.879,2.088,0.88,0.9698,190.01,898.06,120,89.81,1.412,1.021,0.355,0.02,1.785,0.307,0,0,Normal,3.59,1.46,0.98,0.0,0,None
2026-03-06 19:30:00,28.93,1,0,1,228.27,16.89,3.612,1.348,0.937,0.903,190.91,904.33,120,90.43,1.346,1.021,0.358,0.02,1.642,0.246,0,0,Normal,3.72,3.71,0.36,0.0,0,None
2026-03-06 19:45:00,29.11,1,0,1,226.28,17.57,3.577,1.737,0.9,0.8942,191.81,910.55,120,91.05,1.542,1.021,0.33,0.124,1.246,0.335,0,0,Normal,2.2,3.83,0.44,0.0,0,None
2026-03-06 20:00:00,27.96,1,0,1,228.14,16.98,3.493,1.673,0.902,0.8732,192.68,916.62,120,91.66,0.979,1.021,0.35,0.121,1.773,0.27,0,0,Normal,2.28,2.09,0.75,0.0,0,None
2026-03-06 20:15:00,28.17,1,0,1,224.91,14.45,3.11,0.94,0.957,0.7775,193.46,922.02,120,92.2,1.06,1.021,0.34,0.02,1.41,0.28,0,0,Normal,4.32,1.54,0.49,0.0,0,None
2026-03-06 20:30:00,28.03,1,0,1,226.54,15.3,3.13,1.489,0.903,0.7825,194.24,927.46,120,92.75,0.984,1.021,0.354,0.02,1.417,0.355,0,0,Normal,4.09,2.05,0.98,0.0,0,None
2026-03-06 20:45:00,27.62,1,0,1,231.12,16.58,3.439,1.69,0.897,0.8598,195.1,933.43,120,93.34,0.907,1.022,0.344,0.02,1.907,0.261,0,0,Normal,2.3,2.01,0.69,0.0,0,None
2026-03-06 21:00:00,26.9,1,0,1,227.12,13.28,2.698,1.35,0.894,0.6745,195.77,938.12,120,93.81,0.459,1.022,0.359,0.02,1.494,0.366,0,0,Normal,2.72,2.11,0.55,0.0,0,None
2026-03-06 21:15:00,26.82,1,0,1,225.14,13.62,2.729,1.4,0.89,0.6822,196.46,942.86,120,94.29,0.53,1.022,0.343,0.128,1.392,0.336,0,0,Normal,2.47,1.73,0.5,0.0,0,None
2026-03-06 21:30:00,26.37,1,0,1,227.98,13.82,3.005,0.943,0.954,0.7512,197.21,948.08,120,94.81,0.319,1.022,0.361,0.125,1.827,0.373,0,0,Normal,3.5,2.25,0.56,0.0,0,None
2026-03-06 21:45:00,26.12,1,0,1,226.84,13.81,2.786,1.434,0.889,0.6965,197.9,952.92,120,95.29,0.246,1.022,0.36,0.02,1.844,0.316,0,0,Normal,2.7,3.54,0.24,0.0,0,None
2026-03-06 22:00:00,25.27,1,0,1,227.77,3.28,0.679,0.311,0.909,0.1698,198.07,954.1,120,95.41,0.0,1.022,0.353,0.02,0.0,0.306,0,0,Normal,3.4,2.75,0.65,0.0,0,None
2026-03-06 22:15:00,25.09,1,0,1,226.72,3.14,0.655,0.281,0.919,0.1638,198.24,955.24,120,95.52,0.0,1.022,0.334,0.02,0.0,0.301,0,0,Normal,2.22,1.59,0.81,0.0,0,None
2026-03-06 22:30:00,24.28,1,0,1,228.13,3.75,0.79,0.329,0.923,0.1975,198.43,956.61,120,95.66,0.0,1.022,0.334,0.02,0.0,0.436,0,0,Normal,2.07,2.85,0.53,0.0,0,None
2026-03-06 22:45:00,24.97,1,0,1,229.93,3.88,0.799,0.399,0.895,0.1998,198.63,958.0,120,95.8,0.0,1.022,0.341,0.115,0.0,0.343,0,0,Normal,2.53,1.81,0.26,0.0,0,None
2026-03-06 23:00:00,23.89,1,0,1,228.14,4.06,0.818,0.436,0.883,0.2045,198.84,959.42,120,95.94,0.0,1.022,0.345,0.124,0.0,0.349,0,0,Normal,3.21,2.54,0.56,0.0,0,None
2026-03-06 23:15:00,23.31,1,0,1,228.45,3.49,0.717,0.347,0.9,0.1793,199.02,960.67,120,96.07,0.0,1.022,0.337,0.02,0.0,0.36,0,0,Normal,3.66,2.21,0.3,0.0,0,None
2026-03-06 23:30:00,23.85,1,0,1,228.37,3.09,0.67,0.223,0.949,0.1675,199.18,961.83,120,96.18,0.0,1.022,0.37,0.02,0.0,0.28,0,0,Normal,3.96,3.77,0.92,0.0,0,None
2026-03-06 23:45:00,23.03,1,0,1,230.7,3.37,0.698,0.341,0.899,0.1745,199.36,963.05,120,96.3,0.0,1.022,0.349,0.02,0.0,0.329,0,0,Normal,2.85,3.48,0.62,0.0,0,None
2026-03-07 00:00:00,23.47,1,1,0,232.16,3.96,0.836,0.383,0.909,0.209,199.57,964.5,120,96.45,0.0,1.022,0.338,0.02,0.0,0.478,0,0,Normal,3.02,2.71,0.51,0.0,0,None
2026-03-07 00:15:00,23.43,1,1,0,230.24,3.64,0.751,0.371,0.897,0.1878,199.76,965.8,120,96.58,0.0,1.022,0.348,0.129,0.0,0.274,0,0,Normal,3.53,1.74,0.89,0.0,0,None
2026-03-07 00:30:00,22.68,1,1,0,231.58,3.89,0.801,0.414,0.888,0.2002,199.96,967.2,120,96.72,0.0,1.022,0.352,0.116,0.0,0.333,0,0,Normal,4.37,3.16,0.73,0.0,0,None
2026-03-07 00:45:00,22.99,1,1,0,230.94,3.78,0.778,0.398,0.89,0.1945,200.15,968.74,130,96.87,0.0,1.022,0.348,0.02,0.0,0.41,0,0,Normal,2.01,2.78,0.33,0.0,0,None
2026-03-07 01:00:00,21.0,1,1,0,231.32,3.2,0.666,0.324,0.899,0.1665,200.32,970.1,130,97.01,0.0,1.022,0.336,0.02,0.0,0.31,0,0,Normal,2.82,1.19,0.2,0.0,0,None
2026-03-07 01:15:00,21.63,1,1,0,230.58,2.9,0.613,0.267,0.917,0.1532,200.47,971.36,130,97.14,0.0,1.022,0.344,0.02,0.0,0.249,0,0,Normal,3.82,3.87,0.41,0.0,0,None
2026-03-07 01:30:00,22.06,1,1,0,230.37,3.09,0.628,0.337,0.881,0.157,200.63,972.65,130,97.26,0.0,1.022,0.339,0.02,0.0,0.269,0,0,Normal,4.27,3.08,0.8,0.0,0,None
2026-03-07 01:45:00,21.67,1,1,0,231.05,3.72,0.762,0.397,0.887,0.1905,200.82,974.21,130,97.42,0.0,1.022,0.346,0.127,0.0,0.289,0,0,Normal,4.2,2.0,0.29,0.0,0,None
2026-03-07 02:00:00,22.36,1,1,0,233.61,3.99,0.821,0.439,0.882,0.2052,201.02,975.89,130,97.59,0.0,1.022,0.34,0.115,0.0,0.366,0,0,Normal,2.93,3.9,0.23,0.0,0,None
2026-03-07 02:15:00,23.0,1,1,0,231.71,3.44,0.709,0.366,0.889,0.1773,201.2,977.34,130,97.73,0.0,1.022,0.353,0.02,0.0,0.336,0,0,Normal,2.08,1.6,0.44,0.0,0,None
2026-03-07 02:30:00,21.41,1,1,0,229.91,3.84,0.808,0.358,0.914,0.202,201.4,979.0,130,97.9,0.0,1.022,0.34,0.02,0.0,0.448,0,0,Normal,2.0,1.55,0.25,0.0,0,None
2026-03-07 02:45:00,21.58,1,1,0,233.86,3.09,0.638,0.339,0.883,0.1595,201.56,980.31,130,98.03,0.0,1.022,0.363,0.02,0.0,0.255,0,0,Normal,2.39,1.87,0.56,0.0,0,None
2026-03-07 03:00:00,22.32,1,1,0,232.62,2.98,0.663,0.2,0.957,0.1658,201.73,981.67,130,98.17,0.0,1.022,0.35,0.02,0.0,0.293,0,0,Normal,2.07,2.74,0.97,0.0,0,None
2026-03-07 03:15:00,23.01,1,1,0,234.43,3.96,0.862,0.348,0.927,0.2155,201.94,983.43,130,98.34,0.0,1.023,0.373,0.118,0.0,0.371,0,0,Normal,2.04,1.16,0.47,0.0,0,None
2026-03-07 03:30:00,21.59,1,1,0,231.83,4.22,0.934,0.293,0.954,0.2335,202.18,985.35,130,98.53,0.0,1.023,0.366,0.12,0.0,0.448,0,0,Normal,2.43,1.24,0.26,0.0,0,None
2026-03-07 03:45:00,22.33,1,1,0,233.56,3.83,0.803,0.397,0.897,0.2007,202.38,987.0,130,98.7,0.0,1.023,0.355,0.02,0.0,0.428,0,0,Normal,3.05,2.14,0.62,0.0,0,None
2026-03-07 04:00:00,23.71,1,1,0,233.82,3.44,0.753,0.286,0.935,0.1882,202.57,988.54,130,98.85,0.0,1.023,0.363,0.02,0.0,0.37,0,0,Normal,3.38,1.25,0.64,0.0,0,None
2026-03-07 04:15:00,21.98,1,1,0,232.26,3.32,0.736,0.23,0.955,0.184,202.75,990.05,130,99.0,0.0,1.023,0.367,0.02,0.0,0.349,0,0,Normal,4.21,2.09,0.39,0.0,0,None
2026-03-07 04:30:00,22.16,1,1,0,232.04,3.29,0.719,0.254,0.943,0.1798,202.93,991.52,130,99.15,0.0,1.023,0.336,0.02,0.0,0.363,0,0,Normal,3.18,1.95,0.24,0.0,0,None
2026-03-07 04:45:00,22.59,1,1,0,231.92,3.21,0.677,0.309,0.91,0.1693,203.1,992.91,130,99.29,0.0,1.023,0.348,0.126,0.0,0.203,0,0,Normal,3.72,2.97,0.31,0.0,0,None
2026-03-07 05:00:00,23.5,1,1,0,233.02,3.61,0.795,0.274,0.946,0.1987,203.3,994.54,130,99.45,0.0,1.023,0.344,0.122,0.0,0.329,0,0,Normal,4.0,2.33,0.63,0.0,0,None
2026-03-07 05:15:00,24.16,1,1,0,235.73,3.32,0.716,0.315,0.915,0.179,203.48,996.01,130,99.6,0.0,1.023,0.347,0.02,0.0,0.349,0,0,Normal,2.81,1.49,0.46,0.0,0,None
2026-03-07 05:30:00,23.88,1,1,0,233.62,3.43,0.755,0.271,0.941,0.1888,203.67,997.56,130,99.76,0.0,1.023,0.353,0.02,0.0,0.382,0,0,Normal,3.8,3.88,0.51,0.0,0,None
2026-03-07 05:45:00,22.87,1,1,0,234.77,3.92,0.817,0.422,0.888,0.2043,203.87,999.23,130,99.92,0.0,1.023,0.338,0.02,0.0,0.459,0,0,Normal,3.73,3.47,0.5,0.0,0,None
2026-03-07 06:00:00,25.26,1,1,0,233.64,10.51,2.297,0.87,0.935,0.5742,204.44,1003.94,130,100.39,0.0,1.023,0.35,0.02,1.491,0.436,0,0,Normal,2.24,1.43,0.96,0.0,0,None
2026-03-07 06:15:00,24.71,1,1,0,233.15,12.34,2.704,0.985,0.94,0.676,205.12,1009.48,130,100.95,0.0,1.023,0.355,0.128,1.888,0.333,0,0,Normal,4.02,2.51,0.48,0.0,0,None
2026-03-07 06:30:00,25.64,1,1,0,233.57,9.46,2.081,0.741,0.942,0.5202,205.64,1013.75,130,101.37,0.043,1.023,0.343,0.126,1.248,0.321,0,0,Normal,2.96,1.72,0.48,0.0,0,None
2026-03-07 06:45:00,24.69,1,1,0,234.11,12.5,2.732,1.05,0.933,0.683,206.32,1019.35,130,101.93,0.0,1.023,0.334,0.02,1.92,0.458,0,0,Normal,2.55,2.17,0.69,0.0,0,None
2026-03-07 07:00:00,26.13,1,1,0,233.05,10.97,2.27,1.176,0.888,0.5675,206.89,1024.0,130,102.4,0.289,1.023,0.054,0.02,1.595,0.312,0,0,Normal,2.39,2.22,0.73,0.0,0,None
2026-03-07 07:15:00,26.72,1,1,0,235.01,11.01,2.433,0.881,0.94,0.6082,207.5,1028.99,130,102.9,0.463,1.023,0.047,0.02,1.642,0.261,0,0,Normal,4.34,3.07,0.88,0.0,0,None
2026-03-07 07:30:00,26.83,1,1,0,231.66,11.46,2.532,0.795,0.954,0.633,208.13,1034.18,130,103.42,0.577,1.023,0.043,0.02,1.535,0.357,0,0,Normal,2.7,2.15,0.31,0.0,0,None
2026-03-07 07:45:00,26.67,1,1,0,232.17,10.16,2.265,0.662,0.96,0.5662,208.7,1038.82,130,103.88,0.496,1.023,0.032,0.123,1.286,0.328,0,0,Normal,3.94,1.2,0.69,0.0,0,None
2026-03-07 08:00:00,27.16,1,1,0,232.6,11.42,2.536,0.787,0.955,0.634,209.33,1044.02,130,104.4,0.617,1.023,0.044,0.125,1.553,0.197,0,0,Normal,4.06,2.99,0.85,0.0,0,None
2026-03-07 08:15:00,28.27,1,1,0,234.3,15.21,3.319,1.296,0.932,0.8298,210.16,1050.83,130,105.08,1.24,1.023,0.048,0.02,1.69,0.321,0,0,Normal,4.34,2.13,0.59,0.0,0,None
2026-03-07 08:30:00,27.48,1,1,0,231.26,13.65,2.864,1.33,0.907,0.716,210.88,1056.7,130,105.67,0.77,1.023,0.053,0.02,1.509,0.512,0,0,Normal,3.52,3.43,0.51,0.0,0,None
2026-03-07 08:45:00,28.12,1,1,0,231.7,12.4,2.712,0.946,0.944,0.678,211.56,1062.26,130,106.23,1.028,1.023,0.056,0.02,1.308,0.3,0,0,Normal,2.45,2.22,0.51,0.0,0,None
2026-03-07 09:00:00,28.84,1,1,0,232.62,7.63,1.644,0.671,0.926,0.411,211.97,1065.63,130,106.56,1.345,1.023,0.04,0.02,0.0,0.239,0,0,Normal,2.25,3.08,0.39,0.0,0,None
2026-03-07 09:15:00,29.78,1,1,0,232.12,10.84,2.363,0.866,0.939,0.5908,212.56,1070.47,130,107.05,1.776,1.023,0.046,0.123,0.0,0.418,0,0,Normal,2.18,2.35,0.73,0.0,0,None
2026-03-07 09:30:00,29.15,1,1,0,231.67,10.2,2.081,1.12,0.881,0.5202,213.08,1074.74,130,107.47,1.438,1.023,0.043,0.115,0.0,0.485,0,0,Normal,3.81,3.82,0.79,0.0,0,None
2026-03-07 09:45:00,28.91,1,1,0,232.75,8.18,1.802,0.611,0.947,0.4505,213.53,1078.43,130,107.84,1.436,1.023,0.051,0.02,0.0,0.295,0,0,Normal,4.0,1.17,0.31,0.0,0,None
2026-03-07 10:00:00,31.36,1,1,0,232.16,13.61,2.992,1.013,0.947,0.748,214.28,1084.57,130,108.46,2.405,1.024,0.044,0.02,0.0,0.523,0,0,Normal,3.97,3.62,0.6,0.0,0,None
2026-03-07 10:15:00,31.12,1,1,0,230.16,12.95,2.671,1.321,0.896,0.6678,214.94,1090.04,130,109.0,2.291,1.024,0.049,0.02,0.0,0.311,0,0,Normal,2.31,2.25,0.28,0.0,0,None
2026-03-07 10:30:00,30.69,1,1,0,230.83,12.02,2.551,1.091,0.919,0.6378,215.58,1095.27,130,109.53,2.071,1.024,0.041,0.02,0.0,0.419,0,0,Normal,3.07,2.19,0.51,0.0,0,None
2026-03-07 10:45:00,31.73,1,1,0,230.68,14.09,3.109,0.948,0.957,0.7772,216.36,1101.64,130,110.16,2.555,1.024,0.055,0.118,0.0,0.381,0,0,Normal,2.08,1.67,0.72,0.0,0,None
2026-03-07 11:00:00,32.02,0,1,0,229.55,1.47,0.302,0.152,0.893,0.0755,216.43,1102.26,130,110.23,0.0,1.024,0.071,0.115,0.0,0.116,0,0,Normal,2.81,3.82,0.68,0.0,0,None
2026-03-07 11:15:00,32.26,0,1,0,230.1,1.22,0.248,0.129,0.887,0.062,216.5,1102.77,130,110.28,0.0,1.024,0.043,0.02,0.0,0.185,0,0,Normal,3.06,3.19,0.57,0.0,0,None
2026-03-07 11:30:00,32.38,0,1,0,231.14,1.25,0.255,0.136,0.882,0.0638,216.56,1103.29,130,110.33,0.0,1.024,0.028,0.02,0.0,0.207,0,0,Normal,2.85,2.0,0.5,0.0,0,None
2026-03-07 11:45:00,31.93,0,1,0,229.87,0.75,0.163,0.054,0.949,0.0408,216.6,1103.63,130,110.36,0.0,1.024,0.045,0.02,0.0,0.098,0,0,Normal,4.16,3.73,0.29,0.0,0,None
2026-03-07 12:00:00,33.43,0,1,0,230.17,0.93,0.205,0.062,0.957,0.0512,216.65,1104.05,130,110.4,0.0,1.024,0.05,0.02,0.0,0.135,0,0,Normal,4.48,1.75,0.48,0.0,0,None
2026-03-07 12:15:00,32.93,0,1,0,228.84,1.8,0.391,0.131,0.948,0.0978,216.75,1104.85,130,110.48,0.0,1.024,0.041,0.121,0.0,0.229,0,0,Normal,3.02,3.02,0.52,0.0,0,None
2026-03-07 12:30:00,32.99,0,1,0,230.26,1.4,0.308,0.096,0.955,0.077,216.83,1105.48,130,110.55,0.0,1.024,0.046,0.119,0.0,0.143,0,0,Normal,2.87,1.17,0.98,0.0,0,None
2026-03-07 12:45:00,33.88,0,1,0,229.76,1.26,0.259,0.128,0.896,0.0648,216.89,1106.01,130,110.6,0.0,1.024,0.056,0.02,0.0,0.183,0,0,Normal,4.16,1.84,0.91,0.0,0,None
2026-03-07 13:00:00,33.28,0,1,0,227.19,0.72,0.148,0.067,0.91,0.037,216.93,1106.32,130,110.63,0.0,1.024,0.044,0.02,0.0,0.084,0,0,Normal,2.08,3.67,0.44,0.0,0,None
2026-03-07 13:15:00,32.59,0,1,0,229.22,1.36,0.282,0.132,0.905,0.0705,217.0,1106.89,130,110.69,0.0,1.024,0.043,0.02,0.0,0.219,0,0,Normal,3.98,1.87,0.47,0.0,0,None
2026-03-07 13:30:00,34.6,0,1,0,227.46,1.04,0.218,0.093,0.92,0.0545,217.05,1107.34,130,110.73,0.0,1.024,0.066,0.02,0.0,0.132,0,0,Normal,2.23,1.18,0.97,0.0,0,None
2026-03-07 13:45:00,35.07,0,1,0,226.66,1.61,0.323,0.168,0.887,0.0808,217.13,1108.0,130,110.8,0.0,1.024,0.051,0.116,0.0,0.156,0,0,Normal,2.56,3.98,0.99,0.0,0,None
2026-03-07 14:00:00,33.8,0,1,0,230.81,1.2,0.255,0.11,0.919,0.0638,217.2,1108.53,130,110.85,0.0,1.024,0.032,0.124,0.0,0.099,0,0,Normal,4.18,1.9,0.97,0.0,0,None
2026-03-07 14:15:00,33.03,0,1,0,228.44,0.8,0.168,0.075,0.914,0.042,217.24,1108.87,130,110.89,0.0,1.024,0.048,0.02,0.0,0.1,0,0,Normal,2.45,1.72,0.59,0.0,0,None
2026-03-07 14:30:00,33.84,0,1,0,227.01,1.28,0.259,0.129,0.894,0.0648,217.3,1109.4,130,110.94,0.0,1.024,0.044,0.02,0.0,0.195,0,0,Normal,3.1,2.56,0.37,0.0,0,None
2026-03-07 14:45:00,33.86,0,1,0,228.07,1.07,0.216,0.115,0.882,0.054,217.36,1109.84,130,110.98,0.0,1.024,0.063,0.02,0.0,0.133,0,0,Normal,2.96,3.22,0.4,0.0,0,None
2026-03-07 15:00:00,33.7,1,1,0,227.41,18.8,3.931,1.679,0.92,0.9828,218.34,1117.9,130,111.79,3.38,1.024,0.04,0.02,0.0,0.491,0,0,Normal,2.46,3.08,0.86,0.0,0,None
2026-03-07 15:15:00,33.24,1,1,0,225.92,18.8,3.774,1.95,0.888,0.9435,219.29,1125.64,130,112.56,3.142,1.024,0.056,0.123,0.0,0.453,0,0,Normal,3.1,3.72,0.44,0.0,0,None
2026-03-07 15:30:00,34.09,1,1,0,226.61,19.01,4.087,1.362,0.949,1.0218,220.31,1134.02,130,113.4,3.474,1.024,0.072,0.121,0.0,0.42,0,0,Normal,3.6,2.39,0.51,0.0,0,None
2026-03-07 15:45:00,34.06,1,1,0,227.48,19.34,4.101,1.594,0.932,1.0252,221.33,1142.42,130,114.24,3.573,1.024,0.048,0.02,0.0,0.46,0,0,Normal,3.7,2.05,0.3,0.0,0,None
2026-03-07 16:00:00,32.45,1,1,0,226.19,14.83,3.185,1.051,0.95,0.7962,222.13,1148.95,130,114.9,2.802,1.024,0.054,0.02,0.0,0.309,0,0,Normal,2.02,1.88,0.24,0.0,0,None
2026-03-07 16:15:00,33.55,1,1,0,227.22,17.76,3.776,1.426,0.936,0.944,223.07,1156.69,130,115.67,3.424,1.024,0.055,0.02,0.0,0.277,0,0,Normal,2.8,3.78,0.74,0.0,0,None
2026-03-07 16:30:00,34.22,1,1,0,223.82,20.61,4.186,1.939,0.907,1.0465,224.12,1165.28,130,116.53,3.693,1.025,0.059,0.02,0.0,0.414,0,0,Normal,3.86,3.5,0.84,0.0,0,None
2026-03-07 16:45:00,33.28,1,1,0,225.98,16.97,3.557,1.432,0.928,0.8892,225.01,1172.57,130,117.26,3.076,1.025,0.048,0.13,0.0,0.303,0,0,Normal,2.75,1.73,0.68,0.0,0,None
2026-03-07 17:00:00,32.07,1,1,0,225.57,15.81,3.366,1.179,0.944,0.8415,225.85,1179.47,130,117.95,2.738,1.025,0.049,0.125,0.0,0.454,0,0,Normal,3.95,3.83,0.81,0.0,0,None
2026-03-07 17:15:00,32.17,1,1,0,227.87,14.51,2.988,1.416,0.904,0.747,226.6,1185.59,130,118.56,2.689,1.025,0.031,0.02,0.0,0.248,0,0,Normal,2.84,3.58,0.6,0.0,0,None
2026-03-07 17:30:00,32.55,1,1,0,227.7,16.03,3.33,1.494,0.912,0.8325,227.43,1192.42,130,119.24,2.917,1.025,0.055,0.02,0.0,0.338,0,0,Normal,3.82,1.92,0.25,0.0,0,None
2026-03-07 17:45:00,31.38,1,1,0,227.49,13.69,2.8,1.365,0.899,0.7,228.13,1198.16,130,119.82,2.418,1.025,0.054,0.02,0.0,0.308,0,0,Normal,2.5,1.97,0.25,0.0,0,None
2026-03-07 18:00:00,31.08,1,1,1,226.57,13.84,2.981,0.975,0.95,0.7452,228.87,1204.27,130,120.43,2.156,1.025,0.328,0.02,0.0,0.477,0,0,Normal,4.42,2.79,0.28,0.0,0,None
2026-03-07 18:15:00,30.8,1,1,1,225.54,13.82,2.968,0.951,0.952,0.742,229.62,1210.36,130,121.04,2.177,1.025,0.349,0.124,0.0,0.318,0,0,Normal,3.26,1.1,0.56,0.0,0,None
2026-03-07 18:30:00,31.92,1,1,1,227.03,16.47,3.532,1.23,0.944,0.883,230.5,1217.6,130,121.76,2.698,1.025,0.354,0.117,0.0,0.363,0,0,Normal,4.22,3.34,0.78,0.0,0,None
2026-03-07 18:45:00,30.91,1,1,1,226.81,13.59,2.943,0.918,0.955,0.7358,231.24,1223.63,130,122.36,2.229,1.025,0.334,0.02,0.0,0.36,0,0,Normal,2.4,1.97,0.83,0.0,0,None
2026-03-07 19:00:00,30.39,1,1,1,227.6,19.54,4.034,1.87,0.907,1.0085,232.24,1231.9,130,123.19,2.1,1.025,0.353,0.02,1.202,0.359,0,0,Normal,3.9,3.74,0.44,0.0,0,None
2026-03-07 19:15:00,29.0,1,1,1,225.25,16.9,3.518,1.453,0.924,0.8795,233.12,1239.11,130,123.91,1.397,1.025,0.361,0.02,1.415,0.325,0,0,Normal,3.01,3.32,0.96,0.0,0,None
2026-03-07 19:30:00,29.85,1,1,1,227.24,19.41,4.138,1.524,0.938,1.0345,234.16,1247.59,130,124.76,1.88,1.025,0.367,0.02,1.571,0.3,0,0,Normal,2.93,1.54,0.93,0.0,0,None
2026-03-07 19:45:00,29.71,1,1,1,227.18,18.56,4.013,1.297,0.952,1.0032,235.16,1255.82,130,125.58,1.724,1.025,0.353,0.125,1.324,0.487,0,0,Normal,3.84,3.43,0.51,0.0,0,None
2026-03-07 20:00:00,27.57,1,1,1,228.49,15.5,3.149,1.619,0.889,0.7872,235.95,1262.28,130,126.23,0.781,1.025,0.354,0.124,1.419,0.471,0,0,Normal,3.37,2.79,0.23,0.0,0,None
2026-03-07 20:15:00,28.09,1,1,1,226.23,16.29,3.363,1.507,0.913,0.8408,236.79,1269.17,130,126.92,1.089,1.025,0.355,0.02,1.518,0.381,0,0,Normal,4.33,3.0,0.63,0.0,0,None
2026-03-07 20:30:00,28.61,1,1,1,228.57,17.33,3.555,1.746,0.898,0.8888,237.68,1276.46,130,127.65,1.362,1.025,0.368,0.02,1.524,0.281,0,0,Normal,2.19,3.21,0.53,0.0,0,None
2026-03-07 20:45:00,27.84,1,1,1,228.07,16.7,3.614,1.204,0.949,0.9035,238.58,1283.87,130,128.39,0.969,1.025,0.379,0.02,1.864,0.382,0,0,Normal,2.03,2.53,0.22,0.0,0,None
2026-03-07 21:00:00,25.6,1,1,1,227.24,9.31,2.025,0.612,0.957,0.5062,239.09,1288.02,130,128.8,0.052,1.025,0.342,0.02,1.268,0.343,0,0,Normal,2.46,3.71,0.43,0.0,0,None
2026-03-07 21:15:00,26.44,1,1,1,228.55,12.47,2.71,0.879,0.951,0.6775,239.76,1293.57,130,129.36,0.391,1.025,0.333,0.126,1.615,0.245,0,0,Normal,3.79,1.05,0.26,0.0,0,None
2026-03-07 21:30:00,26.0,1,1,1,227.56,12.76,2.693,1.086,0.927,0.6732,240.44,1299.09,130,129.91,0.093,1.025,0.331,0.118,1.817,0.334,0,0,Normal,3.13,2.93,0.82,0.0,0,None
2026-03-07 21:45:00,26.28,1,1,1,225.44,12.57,2.69,0.888,0.95,0.6725,241.11,1304.61,130,130.46,0.424,1.025,0.346,0.02,1.413,0.487,0,0,Normal,3.79,1.33,0.63,0.0,0,None
2026-03-07 22:00:00,24.96,1,1,1,227.94,3.15,0.664,0.271,0.926,0.166,241.28,1305.97,130,130.6,0.0,1.025,0.363,0.02,0.0,0.281,0,0,Normal,4.39,1.36,0.39,0.0,0,None
2026-03-07 22:15:00,24.15,1,1,1,226.89,4.13,0.876,0.332,0.935,0.219,241.5,1307.77,130,130.78,0.0,1.025,0.344,0.02,0.0,0.512,0,0,Normal,3.23,2.15,0.91,0.0,0,None
2026-03-07 22:30:00,24.19,1,1,1,227.02,3.38,0.699,0.316,0.911,0.1748,241.67,1309.2,130,130.92,0.0,1.025,0.352,0.02,0.0,0.327,0,0,Normal,3.77,1.59,0.91,0.0,0,None
2026-03-07 22:45:00,25.24,1,1,1,228.97,4.23,0.889,0.384,0.918,0.2222,241.89,1311.02,130,131.1,0.0,1.025,0.343,0.122,0.0,0.424,0,0,Normal,2.31,1.8,0.36,0.0,0,None
2026-03-07 23:00:00,23.5,1,1,1,229.38,3.48,0.714,0.356,0.895,0.1785,242.07,1312.48,130,131.25,0.0,1.026,0.347,0.117,0.0,0.25,0,0,Normal,4.02,1.68,0.23,0.0,0,None
2026-03-07 23:15:00,22.47,1,1,1,229.78,3.73,0.778,0.357,0.909,0.1945,242.27,1314.08,130,131.41,0.0,1.026,0.348,0.02,0.0,0.41,0,0,Normal,2.51,3.69,0.46,0.0,0,None
2026-03-07 23:30:00,24.15,1,1,1,228.58,3.53,0.753,0.291,0.933,0.1882,242.45,1315.62,130,131.56,0.0,1.026,0.353,0.02,0.0,0.38,0,0,Normal,4.39,1.46,0.25,0.0,0,None
2026-03-07 23:45:00,23.89,1,1,1,230.1,3.63,0.78,0.298,0.934,0.195,242.65,1317.22,130,131.72,0.0,1.026,0.343,0.02,0.0,0.417,0,0,Normal,4.24,2.06,0.59,0.0,0,None
2026-03-08 00:00:00,22.45,1,1,0,230.0,3.6,0.773,0.3,0.932,0.1932,242.84,1318.81,130,131.88,0.0,1.026,0.359,0.02,0.0,0.394,0,0,Normal,3.91,2.51,0.92,0.0,0,None
2026-03-08 00:15:00,22.15,1,1,0,228.64,3.73,0.77,0.366,0.903,0.1925,243.03,1320.38,130,132.04,0.0,1.026,0.35,0.122,0.0,0.298,0,0,Normal,2.59,2.77,0.89,0.0,0,None
2026-03-08 00:30:00,23.22,1,1,0,230.31,4.38,0.891,0.473,0.883,0.2228,243.26,1322.21,130,132.22,0.0,1.026,0.365,0.117,0.0,0.409,0,0,Normal,4.23,3.72,0.91,0.0,0,None
2026-03-08 00:45:00,22.98,1,1,0,229.49,3.83,0.803,0.357,0.914,0.2008,243.46,1323.86,130,132.39,0.0,1.026,0.34,0.02,0.0,0.443,0,0,Normal,3.74,3.83,0.44,0.0,0,None
2026-03-08 01:00:00,23.4,1,1,0,230.94,3.48,0.763,0.25,0.95,0.1908,243.65,1325.42,130,132.54,0.0,1.026,0.338,0.02,0.0,0.405,0,0,Normal,3.53,1.55,0.23,0.0,0,None
2026-03-08 01:15:00,22.41,1,1,0,230.45,3.46,0.707,0.371,0.885,0.1768,243.83,1326.87,130,132.69,0.0,1.026,0.351,0.02,0.0,0.336,0,0,Normal,2.3,3.49,0.74,0.0,0,None
2026-03-08 01:30:00,22.4,1,1,0,232.76,3.66,0.76,0.385,0.892,0.19,244.02,1328.43,130,132.84,0.0,1.026,0.356,0.02,0.0,0.384,0,0,Normal,3.89,3.9,0.48,0.0,0,None
2026-03-08 01:45:00,22.12,1,1,0,230.71,3.37,0.697,0.346,0.896,0.1742,244.19,1329.86,130,132.99,0.0,1.026,0.358,0.114,0.0,0.225,0,0,Normal,4.11,3.61,0.85,0.0,0,None
2026-03-08 02:00:00,22.41,1,1,0,230.89,3.53,0.77,0.264,0.946,0.1925,244.38,1331.44,130,133.14,0.0,1.026,0.362,0.121,0.0,0.287,0,0,Normal,3.47,2.61,0.63,0.0,0,None
2026-03-08 02:15:00,22.31,1,1,0,229.24,4.25,0.899,0.377,0.922,0.2248,244.61,1333.28,130,133.33,0.0,1.026,0.364,0.02,0.0,0.515,0,0,Normal,2.6,1.14,0.83,0.0,0,None
2026-03-08 02:30:00,22.63,1,1,0,233.08,3.51,0.741,0.348,0.905,0.1853,244.79,1334.8,130,133.48,0.0,1.026,0.343,0.02,0.0,0.378,0,0,Normal,2.29,3.4,0.61,0.0,0,None
2026-03-08 02:45:00,21.74,1,1,0,233.07,3.99,0.83,0.418,0.893,0.2075,245.0,1336.5,130,133.65,0.0,1.026,0.338,0.02,0.0,0.472,0,0,Normal,3.82,2.91,0.28,0.0,0,None
2026-03-08 03:00:00,21.99,1,1,0,231.84,3.42,0.701,0.37,0.884,0.1753,245.18,1337.94,130,133.79,0.0,1.026,0.346,0.02,0.0,0.335,0,0,Normal,2.23,2.93,0.56,0.0,0,None
2026-03-08 03:15:00,21.96,1,1,0,230.84,3.68,0.749,0.402,0.881,0.1872,245.36,1339.47,130,133.95,0.0,1.026,0.348,0.12,0.0,0.281,0,0,Normal,3.76,3.18,0.75,0.0,0,None
2026-03-08 03:30:00,22.6,1,1,0,234.87,3.56,0.801,0.237,0.959,0.2002,245.56,1341.11,130,134.11,0.0,1.026,0.359,0.115,0.0,0.327,0,0,Normal,3.69,3.47,0.46,0.0,0,None
2026-03-08 03:45:00,22.95,1,1,0,231.25,3.12,0.677,0.251,0.938,0.1693,245.73,1342.5,130,134.25,0.0,1.026,0.338,0.02,0.0,0.319,0,0,Normal,2.01,2.59,0.82,0.0,0,None
2026-03-08 04:00:00,22.57,1,1,0,234.96,3.43,0.759,0.27,0.942,0.1898,245.92,1344.06,130,134.41,0.0,1.026,0.341,0.02,0.0,0.398,0,0,Normal,3.26,1.57,0.55,0.0,0,None
2026-03-08 04:15:00,22.59,1,1,0,232.95,3.94,0.861,0.316,0.939,0.2152,246.14,1345.82,130,134.58,0.0,1.026,0.346,0.02,0.0,0.495,0,0,Normal,3.32,3.11,0.58,0.0,0,None
2026-03-08 04:30:00,22.96,1,1,0,234.75,2.73,0.608,0.204,0.948,0.152,246.29,1347.07,130,134.71,0.0,1.026,0.343,0.02,0.0,0.245,0,0,Normal,3.24,3.52,0.56,0.0,0,None
2026-03-08 04:45:00,22.68,1,1,0,232.37,4.38,0.943,0.385,0.926,0.2358,246.52,1349.0,130,134.9,0.0,1.026,0.343,0.118,0.0,0.482,0,0,Normal,2.5,3.1,0.21,0.0,0,None
2026-03-08 05:00:00,24.23,1,1,0,234.66,4.51,0.958,0.449,0.906,0.2395,246.76,1350.97,130,135.1,0.0,1.026,0.336,0.123,0.0,0.499,0,0,Normal,2.33,2.43,0.54,0.0,0,None
2026-03-08 05:15:00,22.63,1,1,0,234.81,3.97,0.845,0.395,0.906,0.2112,246.98,1352.7,130,135.27,0.0,1.026,0.36,0.02,0.0,0.465,0,0,Normal,3.62,2.88,0.69,0.0,0,None
2026-03-08 05:30:00,23.34,1,1,0,234.51,3.52,0.781,0.27,0.945,0.1952,247.17,1354.3,130,135.43,0.0,1.027,0.355,0.02,0.0,0.406,0,0,Normal,3.75,2.49,0.24,0.0,0,None
2026-03-08 05:45:00,23.37,1,1,0,233.52,3.46,0.745,0.316,0.921,0.1862,247.36,1355.83,130,135.58,0.0,1.027,0.36,0.02,0.0,0.365,0,0,Normal,3.05,2.01,0.73,0.0,0,None
2026-03-08 06:00:00,23.84,1,1,0,233.87,9.86,2.183,0.745,0.946,0.5458,247.9,1360.3,130,136.03,0.0,1.027,0.348,0.02,1.486,0.329,0,0,Normal,2.09,1.54,0.28,0.0,0,None
2026-03-08 06:15:00,24.52,1,1,0,233.54,11.53,2.492,1.019,0.926,0.623,248.53,1365.41,130,136.54,0.0,1.027,0.359,0.114,1.695,0.324,0,0,Normal,4.15,1.64,0.62,0.0,0,None
2026-03-08 06:30:00,24.54,1,1,0,233.13,11.88,2.604,0.946,0.94,0.651,249.18,1370.75,130,137.07,0.0,1.027,0.336,0.122,1.761,0.385,0,0,Normal,2.51,1.33,0.86,0.0,0,None
2026-03-08 06:45:00,24.9,1,1,0,231.76,9.66,1.975,1.052,0.883,0.4938,249.67,1374.8,130,137.48,0.0,1.027,0.357,0.02,1.322,0.276,0,0,Normal,2.49,2.98,0.28,0.0,0,None
2026-03-08 07:00:00,27.0,1,1,0,233.59,12.79,2.692,1.297,0.901,0.673,250.34,1689.82,150,168.98,0.686,1.027,0.047,0.02,1.672,0.267,0,0,Normal,3.2,2.67,0.86,0.0,0,None
2026-03-08 07:15:00,26.32,1,1,0,232.03,10.19,2.134,1.019,0.902,0.5335,250.88,1693.42,150,169.34,0.379,1.027,0.049,0.02,1.237,0.449,0,0,Normal,4.35,3.83,0.92,0.0,0,None
2026-03-08 07:30:00,25.93,1,1,0,233.02,10.82,2.381,0.827,0.945,0.5953,251.47,1697.44,150,169.74,0.079,1.027,0.054,0.02,1.756,0.472,0,0,Normal,2.66,1.75,0.6,0.0,0,None
2026-03-08 07:45:00,26.42,1,1,0,232.91,10.83,2.382,0.828,0.945,0.5955,252.07,1701.46,150,170.15,0.333,1.027,0.068,0.118,1.573,0.29,0,0,Normal,2.79,3.44,0.72,0.0,0,None
2026-03-08 08:00:00,28.52,1,1,0,232.79,16.83,3.675,1.356,0.938,0.9188,252.99,1707.66,150,170.77,1.34,1.027,0.029,0.111,1.868,0.327,0,0,Normal,3.13,3.35,0.39,0.0,0,None
2026-03-08 08:15:00,27.51,1,1,0,233.26,14.08,2.944,1.455,0.897,0.736,253.72,1712.63,150,171.26,0.737,1.027,0.052,0.02,1.706,0.429,0,0,Normal,3.71,1.98,0.31,0.0,0,None
2026-03-08 08:30:00,27.54,1,1,0,233.46,13.91,3.016,1.202,0.929,0.754,254.48,1717.72,150,171.77,0.807,1.027,0.067,0.02,1.884,0.238,0,0,Normal,4.15,1.08,0.4,0.0,0,None
2026-03-08 08:45:00,28.28,1,1,0,233.42,13.22,2.803,1.29,0.908,0.7008,255.18,1722.45,150,172.24,1.147,1.027,0.055,0.02,1.359,0.222,0,0,Normal,2.26,2.48,0.3,0.0,0,None
2026-03-08 09:00:00,29.44,1,1,0,230.8,9.84,2.073,0.93,0.912,0.5182,255.7,1725.94,150,172.59,1.632,1.027,0.062,0.02,0.0,0.359,0,0,Normal,3.76,1.88,0.41,0.0,0,None
2026-03-08 09:15:00,29.88,1,1,0,232.75,10.6,2.355,0.734,0.955,0.5888,256.28,1729.92,150,172.99,1.884,1.027,0.042,0.117,0.0,0.312,0,0,Normal,4.42,2.52,0.77,0.0,0,None
2026-03-08 09:30:00,29.55,1,1,0,233.05,10.85,2.3,1.053,0.909,0.575,256.86,1733.8,150,173.38,1.613,1.027,0.047,0.121,0.0,0.519,0,0,Normal,3.84,1.77,0.69,0.0,0,None
2026-03-08 09:45:00,29.9,1,1,0,231.37,10.5,2.267,0.872,0.933,0.5668,257.43,1737.63,150,173.76,1.814,1.027,0.066,0.02,0.0,0.367,0,0,Normal,2.77,1.01,0.81,0.0,0,None
2026-03-08 10:00:00,30.48,1,1,0,231.75,11.94,2.48,1.229,0.896,0.62,258.05,1741.81,150,174.18,2.085,1.027,0.044,0.02,0.0,0.331,0,0,Normal,2.31,3.63,0.91,0.0,0,None
2026-03-08 10:15:00,30.99,1,1,0,231.24,12.26,2.668,0.957,0.941,0.667,258.71,1746.31,150,174.63,2.24,1.027,0.066,0.02,0.0,0.342,0,0,Normal,2.39,1.56,0.75,0.0,0,None
2026-03-08 10:30:00,30.89,1,1,0,233.23,12.43,2.691,1.079,0.928,0.6728,259.39,1750.85,150,175.09,2.168,1.027,0.05,0.02,0.0,0.453,0,0,Normal,2.52,2.81,0.92,0.0,0,None
2026-03-08 10:45:00,30.39,1,1,0,229.99,12.07,2.576,1.034,0.928,0.644,260.03,1755.2,150,175.52,1.985,1.027,0.061,0.124,0.0,0.406,0,0,Normal,2.83,2.68,0.46,0.0,0,None
2026-03-08 11:00:00,31.46,0,1,0,232.03,4.14,0.883,0.38,0.919,0.2208,260.25,1756.69,150,175.67,0.0,1.027,0.052,0.111,0.0,0.72,1,1,Phantom Standby Load,4.32,2.39,0.46,0.0,0,None
2026-03-08 11:15:00,32.59,0,1,0,232.41,3.54,0.784,0.248,0.953,0.196,260.45,1758.01,150,175.8,0.0,1.027,0.047,0.02,0.0,0.717,1,1,Phantom Standby Load,2.09,3.25,0.56,0.0,0,None
2026-03-08 11:30:00,32.07,0,1,0,230.75,3.59,0.781,0.275,0.943,0.1952,260.64,1759.33,150,175.93,0.0,1.027,0.051,0.02,0.0,0.71,1,1,Phantom Standby Load,3.88,2.12,0.77,0.0,0,None
2026-03-08 11:45:00,31.73,0,1,0,231.12,4.14,0.859,0.422,0.898,0.2148,260.86,1760.78,150,176.08,0.0,1.027,0.053,0.02,0.0,0.786,1,1,Phantom Standby Load,2.51,1.34,0.62,0.0,0,None
2026-03-08 12:00:00,33.15,0,1,0,227.86,4.11,0.867,0.353,0.926,0.2168,261.07,1762.24,150,176.22,0.0,1.028,0.059,0.02,0.0,0.788,1,1,Phantom Standby Load,2.77,2.24,0.86,0.0,0,None
2026-03-08 12:15:00,33.76,0,1,0,229.17,4.34,0.894,0.438,0.898,0.2235,261.3,1763.75,150,176.38,0.0,1.028,0.05,0.12,0.0,0.724,1,1,Phantom Standby Load,2.84,3.23,0.22,0.0,0,None
2026-03-08 12:30:00,32.06,0,1,0,227.1,4.92,0.988,0.522,0.884,0.247,261.54,1765.42,150,176.54,0.0,1.028,0.05,0.12,0.0,0.818,1,1,Phantom Standby Load,2.29,1.97,0.35,0.0,0,None
2026-03-08 12:45:00,32.45,0,1,0,228.78,3.83,0.826,0.292,0.943,0.2065,261.75,1766.81,150,176.68,0.0,1.028,0.064,0.02,0.0,0.742,1,1,Phantom Standby Load,3.36,1.66,0.37,0.0,0,None
2026-03-08 13:00:00,33.33,0,1,0,228.05,3.7,0.775,0.333,0.919,0.1937,261.94,1768.12,150,176.81,0.0,1.028,0.042,0.02,0.0,0.713,1,1,Phantom Standby Load,4.3,2.37,0.28,0.0,0,None
2026-03-08 13:15:00,34.53,0,1,0,229.46,4.09,0.853,0.393,0.908,0.2132,262.16,1769.56,150,176.96,0.0,1.028,0.053,0.02,0.0,0.78,1,1,Phantom Standby Load,4.29,1.25,0.45,0.0,0,None
2026-03-08 13:30:00,33.94,0,1,0,228.8,4.07,0.871,0.331,0.935,0.2178,262.38,1771.03,150,177.1,0.0,1.028,0.064,0.02,0.0,0.787,1,1,Phantom Standby Load,3.46,3.63,0.98,0.0,0,None
2026-03-08 13:45:00,34.18,0,1,0,228.56,4.5,0.919,0.464,0.893,0.2298,262.6,1772.58,150,177.26,0.0,1.028,0.05,0.12,0.0,0.749,1,1,Phantom Standby Load,3.8,3.12,0.94,0.0,0,None
2026-03-08 14:00:00,33.43,0,1,0,230.05,4.22,0.872,0.425,0.899,0.218,262.82,1774.05,150,177.41,0.0,1.028,0.044,0.115,0.0,0.713,1,1,Phantom Standby Load,3.51,2.5,0.23,0.0,0,None
2026-03-08 14:15:00,33.44,0,1,0,228.95,3.63,0.766,0.324,0.921,0.1915,263.01,1775.35,150,177.53,0.0,1.028,0.062,0.02,0.0,0.684,1,1,Phantom Standby Load,2.86,2.93,0.45,0.0,0,None
2026-03-08 14:30:00,34.22,0,1,0,226.45,3.81,0.801,0.319,0.929,0.2002,263.21,1776.7,150,177.67,0.0,1.028,0.059,0.02,0.0,0.722,1,1,Phantom Standby Load,2.55,1.29,0.64,0.0,0,None
2026-03-08 14:45:00,34.03,0,1,0,227.27,3.79,0.803,0.314,0.931,0.2007,263.42,1778.05,150,177.81,0.0,1.028,0.056,0.02,0.0,0.727,1,1,Phantom Standby Load,4.38,2.05,0.56,0.0,0,None
2026-03-08 15:00:00,34.07,1,1,0,227.83,18.92,4.021,1.551,0.933,1.0052,264.42,1784.84,150,178.48,3.583,1.028,0.05,0.02,0.0,0.368,0,0,Normal,2.18,1.02,0.35,0.0,0,None
2026-03-08 15:15:00,33.7,1,1,0,226.34,18.45,3.947,1.365,0.945,0.9868,265.41,1791.5,150,179.15,3.342,1.028,0.044,0.128,0.0,0.433,0,0,Normal,2.89,1.42,0.73,0.0,0,None
2026-03-08 15:30:00,33.93,1,1,0,225.73,18.29,3.806,1.602,0.922,0.9515,266.36,1797.92,150,179.79,3.347,1.028,0.056,0.117,0.0,0.286,0,0,Normal,2.09,3.55,0.64,0.0,0,None
2026-03-08 15:45:00,33.87,1,1,0,226.01,18.07,3.705,1.721,0.907,0.9262,267.29,1804.17,150,180.42,3.392,1.028,0.042,0.02,0.0,0.251,0,0,Normal,2.82,1.31,0.44,0.0,0,None
2026-03-08 16:00:00,33.59,1,1,0,226.06,18.0,3.868,1.265,0.95,0.967,268.25,1810.7,150,181.07,3.355,1.028,0.046,0.02,0.0,0.447,0,0,Normal,3.48,2.57,0.66,0.0,0,None
2026-03-08 16:15:00,33.6,1,1,0,224.71,19.07,3.802,1.979,0.887,0.9505,269.2,1817.12,150,181.71,3.344,1.028,0.05,0.02,0.0,0.388,0,0,Normal,2.04,3.51,0.27,0.0,0,None
2026-03-08 16:30:00,32.39,1,1,0,227.6,15.23,3.207,1.313,0.925,0.8018,270.0,1822.53,150,182.25,2.819,1.028,0.048,0.02,0.0,0.32,0,0,Normal,2.07,1.32,0.76,0.0,0,None
2026-03-08 16:45:00,32.07,1,1,0,226.79,15.52,3.199,1.468,0.909,0.7998,270.8,1827.93,150,182.79,2.762,1.028,0.045,0.119,0.0,0.273,0,0,Normal,2.46,1.04,0.48,0.0,0,None
2026-03-08 17:00:00,32.74,1,1,0,226.4,15.95,3.458,1.039,0.958,0.8645,271.67,1833.76,150,183.38,2.946,1.028,0.038,0.113,0.0,0.361,0,0,Normal,4.47,1.76,0.95,0.0,0,None
2026-03-08 17:15:00,32.84,1,1,0,224.56,16.19,3.452,1.139,0.95,0.863,272.53,1839.59,150,183.96,2.958,1.028,0.049,0.02,0.0,0.425,0,0,Normal,2.24,3.31,0.54,0.0,0,None
2026-03-08 17:30:00,31.73,1,1,0,224.26,15.42,3.086,1.558,0.893,0.7715,273.3,1844.8,150,184.48,2.607,1.028,0.052,0.02,0.0,0.407,0,0,Normal,2.39,1.6,0.99,0.0,0,None
2026-03-08 17:45:00,31.31,1,1,0,226.75,13.59,2.764,1.365,0.897,0.691,273.99,1849.46,150,184.95,2.353,1.028,0.037,0.02,0.0,0.354,0,0,Normal,4.31,3.33,0.37,0.0,0,None
2026-03-08 18:00:00,31.05,1,1,1,227.48,14.1,3.067,0.936,0.956,0.7668,274.76,1854.64,150,185.46,2.294,1.028,0.351,0.02,0.0,0.402,0,0,Normal,4.18,3.59,0.58,0.0,0,None
2026-03-08 18:15:00,31.47,1,1,1,226.93,15.88,3.244,1.57,0.9,0.811,275.57,1860.11,150,186.01,2.38,1.028,0.348,0.117,0.0,0.399,0,0,Normal,3.3,3.4,0.87,0.0,0,None
2026-03-08 18:30:00,31.9,1,1,1,225.12,16.29,3.39,1.397,0.925,0.8475,276.42,1865.83,150,186.58,2.555,1.028,0.35,0.118,0.0,0.367,0,0,Normal,2.86,3.13,0.67,0.0,0,None
2026-03-08 18:45:00,31.26,1,1,1,223.37,14.64,3.023,1.248,0.924,0.7558,277.18,1870.93,150,187.09,2.335,1.029,0.341,0.02,0.0,0.327,0,0,Normal,2.98,2.94,0.92,0.0,0,None
2026-03-08 19:00:00,29.37,1,1,1,226.41,21.37,4.32,2.179,0.893,1.08,278.26,1878.22,150,187.82,1.706,1.029,0.343,0.02,1.865,0.386,0,0,Normal,2.21,3.42,0.65,0.0,0,None
2026-03-08 19:15:00,29.11,1,1,1,227.1,18.86,3.993,1.547,0.932,0.9982,279.25,1884.96,150,188.5,1.509,1.029,0.364,0.02,1.704,0.396,0,0,Normal,3.12,3.35,0.46,0.0,0,None
2026-03-08 19:30:00,29.56,1,1,1,226.67,16.82,3.634,1.156,0.953,0.9085,280.16,1891.09,150,189.11,1.655,1.029,0.341,0.021,1.28,0.337,0,0,Normal,2.68,2.81,0.55,0.0,0,None
2026-03-08 19:45:00,29.4,1,1,1,229.33,19.54,4.286,1.31,0.956,1.0715,281.23,1898.32,150,189.83,1.583,1.029,0.345,0.126,1.953,0.279,0,0,Normal,2.2,2.77,0.55,0.0,0,None
2026-03-08 20:00:00,27.49,1,1,1,225.58,14.18,2.846,1.46,0.89,0.7115,281.94,1903.13,150,190.31,0.83,1.029,0.361,0.114,1.242,0.299,0,0,Normal,2.35,2.8,0.79,0.0,0,None
2026-03-08 20:15:00,29.02,1,1,1,229.46,18.9,4.002,1.671,0.923,1.0005,282.95,1909.88,150,190.99,1.455,1.029,0.341,0.02,1.771,0.415,0,0,Normal,4.0,1.14,0.43,0.0,0,None
2026-03-08 20:30:00,28.89,1,1,1,226.59,18.41,3.822,1.67,0.916,0.9555,283.9,1916.33,150,191.63,1.432,1.029,0.343,0.02,1.777,0.25,0,0,Normal,4.18,3.61,0.42,0.0,0,None
2026-03-08 20:45:00,28.57,1,1,1,226.71,18.35,3.697,1.908,0.889,0.9242,284.82,1922.57,150,192.26,1.368,1.029,0.356,0.02,1.649,0.304,0,0,Normal,2.91,1.74,0.31,0.0,0,None
2026-03-08 21:00:00,25.99,1,1,1,226.45,14.17,2.876,1.421,0.897,0.719,285.54,1927.42,150,192.74,0.184,1.029,0.358,0.02,1.991,0.323,0,0,Normal,3.92,1.32,0.35,0.0,0,None
2026-03-08 21:15:00,26.87,1,1,1,227.64,16.25,3.273,1.725,0.885,0.8182,286.36,1932.95,150,193.29,0.7,1.029,0.345,0.117,1.757,0.354,0,0,Normal,4.18,1.23,0.95,0.0,0,None
2026-03-08 21:30:00,26.77,1,1,1,228.95,13.37,2.758,1.326,0.901,0.6895,287.05,1937.6,150,193.76,0.423,1.029,0.351,0.122,1.404,0.458,0,0,Normal,4.1,1.91,0.82,0.0,0,None
2026-03-08 21:45:00,26.67,1,1,1,226.79,14.76,3.175,1.061,0.948,0.7938,287.85,1942.96,150,194.3,0.493,1.029,0.359,0.02,1.853,0.45,0,0,Normal,2.16,1.4,0.82,0.0,0,None
2026-03-08 22:00:00,25.62,1,1,1,228.66,3.7,0.781,0.323,0.924,0.1952,288.04,1944.28,150,194.43,0.012,1.029,0.35,0.02,0.0,0.399,0,0,Normal,2.69,1.52,0.33,0.0,0,None
2026-03-08 22:15:00,25.32,1,1,1,227.35,3.5,0.76,0.234,0.956,0.19,288.23,1945.56,150,194.56,0.0,1.029,0.332,0.02,0.0,0.408,0,0,Normal,3.77,3.5,0.84,0.0,0,None
2026-03-08 22:30:00,25.37,1,1,1,227.4,3.23,0.691,0.248,0.941,0.1728,288.4,1946.72,150,194.67,0.0,1.029,0.353,0.02,0.0,0.318,0,0,Normal,2.86,1.5,0.6,0.0,0,None
2026-03-08 22:45:00,25.32,1,1,1,228.89,3.96,0.831,0.363,0.916,0.2078,288.61,1948.13,150,194.81,0.0,1.029,0.359,0.116,0.0,0.356,0,0,Normal,3.4,1.28,0.8,0.0,0,None
2026-03-08 23:00:00,23.93,1,1,1,230.55,4.48,0.917,0.476,0.888,0.2292,288.84,1949.67,150,194.97,0.0,1.029,0.354,0.121,0.0,0.442,0,0,Normal,4.27,1.59,0.78,0.0,0,None
2026-03-08 23:15:00,22.87,1,1,1,231.17,3.81,0.788,0.392,0.895,0.197,289.04,1951.0,150,195.1,0.0,1.029,0.346,0.02,0.0,0.422,0,0,Normal,2.01,3.73,0.3,0.0,0,None
2026-03-08 23:30:00,23.8,1,1,1,231.76,4.09,0.876,0.36,0.925,0.219,289.26,1952.48,150,195.25,0.0,1.029,0.35,0.02,0.0,0.506,0,0,Normal,4.39,1.31,0.44,0.0,0,None
2026-03-08 23:45:00,23.48,1,1,1,231.29,3.4,0.727,0.297,0.926,0.1818,289.44,1953.71,150,195.37,0.0,1.029,0.347,0.02,0.0,0.36,0,0,Normal,3.31,2.01,0.3,0.0,0,None
2026-03-09 00:00:00,22.16,1,0,0,229.22,3.12,0.633,0.334,0.884,0.1582,289.6,1954.78,150,195.48,0.0,1.029,0.347,0.02,0.0,0.266,0,0,Normal,4.4,2.06,0.61,0.0,0,None
2026-03-09 00:15:00,23.64,1,0,0,230.55,3.75,0.765,0.401,0.886,0.1912,289.79,1956.07,150,195.61,0.0,1.029,0.351,0.121,0.0,0.293,0,0,Normal,3.39,1.86,0.78,0.0,0,None
2026-03-09 00:30:00,23.67,1,0,0,228.56,4.1,0.889,0.294,0.95,0.2222,290.01,1957.57,150,195.76,0.0,1.029,0.353,0.113,0.0,0.423,0,0,Normal,3.38,3.03,0.68,0.0,0,None
2026-03-09 00:45:00,23.48,1,0,0,230.87,3.13,0.667,0.278,0.923,0.1668,290.18,1958.69,150,195.87,0.0,1.029,0.34,0.02,0.0,0.307,0,0,Normal,3.89,1.93,0.62,0.0,0,None
2026-03-09 01:00:00,22.33,1,0,0,230.27,3.95,0.811,0.411,0.892,0.2027,290.38,1960.06,150,196.01,0.0,1.029,0.351,0.02,0.0,0.44,0,0,Normal,3.81,2.84,0.68,0.0,0,None
2026-03-09 01:15:00,22.88,1,0,0,231.64,3.46,0.74,0.307,0.924,0.185,290.56,1961.31,150,196.13,0.0,1.03,0.35,0.02,0.0,0.37,0,0,Normal,2.52,1.18,0.54,0.0,0,None
2026-03-09 01:30:00,22.21,1,0,0,230.93,2.91,0.628,0.24,0.934,0.157,290.72,1962.37,150,196.24,0.0,1.03,0.34,0.02,0.0,0.268,0,0,Normal,3.98,3.42,0.79,0.0,0,None
2026-03-09 01:45:00,22.31,1,0,0,230.58,4.08,0.878,0.336,0.934,0.2195,290.94,1963.85,150,196.39,0.0,1.03,0.365,0.121,0.0,0.392,0,0,Normal,2.84,1.41,0.38,0.0,0,None
2026-03-09 02:00:00,21.45,1,0,0,235.0,4.0,0.848,0.405,0.902,0.212,291.15,1965.28,150,196.53,0.0,1.03,0.351,0.12,0.0,0.377,0,0,Normal,3.87,2.33,0.93,0.0,0,None
2026-03-09 02:15:00,22.2,1,0,0,231.59,3.78,0.771,0.414,0.881,0.1928,291.35,1966.58,150,196.66,0.0,1.03,0.359,0.02,0.0,0.392,0,0,Normal,2.46,2.47,0.85,0.0,0,None
2026-03-09 02:30:00,22.03,1,0,0,231.21,3.78,0.821,0.301,0.939,0.2052,291.55,1967.97,150,196.8,0.0,1.03,0.35,0.02,0.0,0.451,0,0,Normal,3.77,1.93,0.3,0.0,0,None
2026-03-09 02:45:00,21.35,1,0,0,233.23,2.96,0.628,0.288,0.909,0.157,291.71,1969.03,150,196.9,0.0,1.03,0.364,0.02,0.0,0.244,0,0,Normal,3.27,2.99,0.71,0.0,0,None
2026-03-09 03:00:00,22.18,1,0,0,231.88,3.84,0.784,0.421,0.881,0.196,291.9,1970.35,150,197.04,0.0,1.03,0.357,0.02,0.0,0.407,0,0,Normal,2.46,1.81,0.65,0.0,0,None
2026-03-09 03:15:00,22.16,1,0,0,232.68,4.46,0.949,0.423,0.914,0.2372,292.14,1971.95,150,197.2,0.0,1.03,0.362,0.115,0.0,0.472,0,0,Normal,3.39,1.95,0.57,0.0,0,None
2026-03-09 03:30:00,23.1,1,0,0,232.76,3.93,0.858,0.319,0.937,0.2145,292.36,1973.4,150,197.34,0.0,1.03,0.35,0.129,0.0,0.379,0,0,Normal,2.26,1.3,0.23,0.0,0,None
2026-03-09 03:45:00,22.65,1,0,0,235.14,3.67,0.794,0.337,0.921,0.1985,292.55,1974.74,150,197.47,0.0,1.03,0.359,0.02,0.0,0.415,0,0,Normal,2.97,3.4,0.76,0.0,0,None
2026-03-09 04:00:00,22.81,1,0,0,234.63,3.3,0.74,0.23,0.955,0.185,292.74,1975.99,150,197.6,0.0,1.03,0.34,0.02,0.0,0.38,0,0,Normal,3.65,1.31,0.49,0.0,0,None
2026-03-09 04:15:00,22.93,1,0,0,233.59,4.12,0.866,0.422,0.899,0.2165,292.96,1977.45,150,197.75,0.0,1.03,0.353,0.02,0.0,0.493,0,0,Normal,2.61,3.9,0.39,0.0,0,None
2026-03-09 04:30:00,22.83,1,0,0,234.91,3.54,0.759,0.339,0.913,0.1898,293.15,1978.73,150,197.87,0.0,1.03,0.339,0.02,0.0,0.4,0,0,Normal,4.24,1.76,0.52,0.0,0,None
2026-03-09 04:45:00,22.7,1,0,0,233.0,3.56,0.762,0.326,0.919,0.1905,293.34,1980.02,150,198.0,0.0,1.03,0.356,0.121,0.0,0.285,0,0,Normal,3.84,3.43,0.77,0.0,0,None
2026-03-09 05:00:00,23.22,1,0,0,232.45,3.12,0.681,0.252,0.938,0.1702,293.51,1981.17,150,198.12,0.0,1.03,0.359,0.113,0.0,0.209,0,0,Normal,2.16,2.96,0.8,0.0,0,None
2026-03-09 05:15:00,23.68,1,0,0,235.22,3.09,0.678,0.264,0.932,0.1695,293.68,1982.31,150,198.23,0.0,1.03,0.37,0.02,0.0,0.288,0,0,Normal,3.22,2.57,0.33,0.0,0,None
2026-03-09 05:30:00,23.38,1,0,0,233.08,3.81,0.806,0.375,0.907,0.2015,293.88,1983.67,150,198.37,0.0,1.03,0.353,0.02,0.0,0.433,0,0,Normal,3.95,1.15,0.93,0.0,0,None
2026-03-09 05:45:00,23.13,1,0,0,233.82,3.58,0.755,0.363,0.901,0.1888,294.07,1984.95,150,198.49,0.0,1.03,0.36,0.02,0.0,0.375,0,0,Normal,2.23,2.65,0.6,0.0,0,None
2026-03-09 06:00:00,25.26,1,0,0,234.12,10.2,2.182,0.973,0.913,0.5455,294.61,1988.63,150,198.86,0.0,1.03,0.335,0.02,1.364,0.463,0,0,Normal,2.55,2.28,0.91,0.0,0,None
2026-03-09 06:15:00,25.2,1,0,0,232.72,13.33,2.765,1.409,0.891,0.6912,295.3,1993.29,150,199.33,0.0,1.03,0.35,0.13,1.882,0.403,0,0,Normal,2.8,2.97,0.75,0.0,0,None
2026-03-09 06:30:00,24.11,1,0,0,232.39,12.59,2.725,1.067,0.931,0.6812,295.98,1997.89,150,199.79,0.0,1.03,0.352,0.126,1.8,0.447,0,0,Normal,2.9,3.35,0.96,0.0,0,None
2026-03-09 06:45:00,24.94,1,0,0,233.11,9.34,1.934,1.001,0.888,0.4835,296.47,2001.16,150,200.12,0.0,1.03,0.34,0.02,1.22,0.354,0,0,Normal,2.04,1.45,0.96,0.0,0,None
2026-03-09 07:00:00,26.94,1,0,0,233.74,12.32,2.679,1.053,0.931,0.6698,297.14,2005.68,150,200.57,0.637,1.03,0.043,0.02,1.524,0.455,0,0,Normal,2.99,1.22,0.25,0.0,0,None
2026-03-09 07:15:00,26.98,1,0,0,235.48,11.96,2.533,1.231,0.899,0.6332,297.77,2009.95,150,201.0,0.599,1.03,0.057,0.02,1.426,0.431,0,0,Normal,3.27,2.76,0.74,0.0,0,None
2026-03-09 07:30:00,26.96,1,0,0,234.21,12.5,2.764,0.967,0.944,0.691,298.46,2014.62,150,201.46,0.607,1.03,0.055,0.02,1.687,0.395,0,0,Normal,2.82,2.61,0.5,0.0,0,None
2026-03-09 07:45:00,26.47,1,0,0,233.34,10.69,2.363,0.798,0.947,0.5908,299.05,2018.6,150,201.86,0.351,1.031,0.061,0.121,1.584,0.246,0,0,Normal,2.65,3.28,0.56,0.0,0,None
2026-03-09 08:00:00,27.58,1,0,0,234.46,11.97,2.563,1.143,0.913,0.6408,299.69,2022.93,150,202.29,0.814,1.031,0.056,0.114,1.211,0.368,0,0,Normal,2.36,1.39,0.46,0.0,0,None
2026-03-09 08:15:00,27.46,1,0,0,233.76,13.38,2.778,1.435,0.888,0.6945,300.39,2282.94,175,228.29,0.809,1.031,0.057,0.02,1.57,0.322,0,0,Normal,3.94,3.69,0.83,0.0,0,None
2026-03-09 08:30:00,28.17,1,0,0,231.54,16.38,3.418,1.643,0.901,0.8545,301.24,2289.44,175,228.94,1.141,1.031,0.058,0.02,1.67,0.529,0,0,Normal,3.85,3.1,0.84,0.0,0,None
2026-03-09 08:45:00,28.19,1,0,0,234.18,15.2,3.147,1.661,0.884,0.7868,302.03,2295.42,175,229.54,1.091,1.031,0.065,0.02,1.545,0.426,0,0,Normal,4.14,1.23,0.58,0.0,0,None
2026-03-09 09:00:00,30.2,0,0,0,233.31,1.32,0.29,0.106,0.939,0.0725,302.1,2295.97,175,229.6,0.0,1.031,0.064,0.02,0.0,0.206,0,0,Normal,2.56,1.26,0.44,0.0,0,None
2026-03-09 09:15:00,30.1,0,0,0,231.75,1.71,0.374,0.13,0.945,0.0935,302.19,2296.68,175,229.67,0.0,1.031,0.056,0.134,0.0,0.184,0,0,Normal,3.39,3.78,0.7,0.0,0,None
2026-03-09 09:30:00,29.49,0,0,0,233.39,1.11,0.248,0.074,0.959,0.062,302.26,2297.15,175,229.72,0.0,1.031,0.041,0.121,0.0,0.086,0,0,Normal,3.65,1.92,0.9,0.0,0,None
2026-03-09 09:45:00,28.93,0,0,0,232.51,1.02,0.213,0.107,0.894,0.0532,302.31,2297.56,175,229.76,0.0,1.031,0.045,0.02,0.0,0.148,0,0,Normal,3.18,3.35,0.67,0.0,0,None
2026-03-09 10:00:00,30.84,0,0,0,230.89,1.04,0.229,0.073,0.953,0.0572,302.37,2297.99,175,229.8,0.0,1.031,0.061,0.02,0.0,0.148,0,0,Normal,3.43,1.5,0.27,0.0,0,None
2026-03-09 10:15:00,31.11,0,0,0,233.12,1.35,0.279,0.144,0.889,0.0698,302.44,2298.52,175,229.85,0.0,1.031,0.043,0.02,0.0,0.216,0,0,Normal,3.02,1.17,0.28,0.0,0,None
2026-03-09 10:30:00,30.9,0,0,0,231.23,0.89,0.183,0.096,0.886,0.0458,302.48,2298.87,175,229.89,0.0,1.031,0.05,0.02,0.0,0.113,0,0,Normal,2.21,1.76,0.61,0.0,0,None
2026-03-09 10:45:00,30.71,0,0,0,229.79,1.31,0.268,0.137,0.891,0.067,302.55,2299.38,175,229.94,0.0,1.031,0.049,0.122,0.0,0.097,0,0,Normal,4.15,3.32,0.35,0.0,0,None
2026-03-09 11:00:00,32.37,0,0,0,231.65,1.54,0.323,0.154,0.903,0.0807,302.63,2299.99,175,230.0,0.0,1.031,0.043,0.119,0.0,0.161,0,0,Normal,3.65,2.95,0.62,0.0,0,None
2026-03-09 11:15:00,31.99,0,0,0,231.65,1.5,0.309,0.158,0.89,0.0772,302.71,2300.58,175,230.06,0.0,1.031,0.06,0.02,0.0,0.229,0,0,Normal,2.72,1.55,0.74,0.0,0,None
2026-03-09 11:30:00,31.93,0,0,0,230.96,0.76,0.161,0.072,0.913,0.0402,302.75,2300.88,175,230.09,0.0,1.031,0.051,0.02,0.0,0.09,0,0,Normal,2.26,2.08,0.89,0.0,0,None
2026-03-09 11:45:00,32.4,0,0,0,229.78,1.25,0.272,0.094,0.945,0.068,302.82,2301.4,175,230.14,0.0,1.031,0.053,0.02,0.0,0.199,0,0,Normal,3.86,1.92,0.6,0.0,0,None
2026-03-09 12:00:00,33.0,0,0,0,229.08,1.18,0.239,0.129,0.88,0.0598,302.88,2301.86,175,230.19,0.0,1.031,0.045,0.02,0.0,0.174,0,0,Normal,3.01,3.54,0.85,0.0,0,None
2026-03-09 12:15:00,33.32,0,0,0,229.62,1.57,0.341,0.115,0.948,0.0852,302.96,2302.5,175,230.25,0.0,1.031,0.052,0.126,0.0,0.163,0,0,Normal,2.77,2.97,0.54,0.0,0,None
2026-03-09 12:30:00,33.33,0,0,0,230.7,1.18,0.261,0.081,0.955,0.0652,303.03,2303.0,175,230.3,0.0,1.031,0.044,0.121,0.0,0.096,0,0,Normal,3.45,1.72,0.37,0.0,0,None
2026-03-09 12:45:00,32.63,0,0,0,228.98,1.36,0.275,0.145,0.884,0.0688,303.1,2303.52,175,230.35,0.0,1.031,0.037,0.02,0.0,0.218,0,0,Normal,3.05,3.13,0.76,0.0,0,None
2026-03-09 13:00:00,33.55,0,0,0,230.97,0.76,0.156,0.079,0.891,0.039,303.13,2303.82,175,230.38,0.0,1.031,0.046,0.02,0.0,0.09,0,0,Normal,3.53,3.41,0.46,0.0,0,None
2026-03-09 13:15:00,34.51,0,0,0,227.17,1.12,0.237,0.093,0.931,0.0592,303.19,2304.27,175,230.43,0.0,1.031,0.056,0.02,0.0,0.161,0,0,Normal,4.44,3.69,0.88,0.0,0,None
2026-03-09 13:30:00,33.21,0,0,0,229.88,0.96,0.198,0.097,0.897,0.0495,303.24,2304.64,175,230.46,0.0,1.031,0.064,0.02,0.0,0.114,0,0,Normal,2.44,2.24,0.55,0.0,0,None
2026-03-09 13:45:00,32.74,0,0,0,227.92,1.34,0.281,0.12,0.919,0.0703,303.31,2305.18,175,230.52,0.0,1.031,0.035,0.113,0.0,0.133,0,0,Normal,4.43,2.42,0.43,0.0,0,None
2026-03-09 14:00:00,33.07,0,0,0,227.7,1.14,0.237,0.104,0.916,0.0592,303.37,2305.63,175,230.56,0.0,1.031,0.033,0.122,0.0,0.082,0,0,Normal,3.69,2.48,0.65,0.0,0,None
2026-03-09 14:15:00,34.01,0,0,0,229.07,1.09,0.222,0.113,0.891,0.0555,303.43,2306.05,175,230.61,0.0,1.032,0.043,0.02,0.0,0.159,0,0,Normal,2.73,3.77,0.7,0.0,0,None
2026-03-09 14:30:00,34.02,0,0,0,227.83,0.86,0.179,0.082,0.91,0.0448,303.47,2306.39,175,230.64,0.0,1.032,0.05,0.02,0.0,0.109,0,0,Normal,4.28,1.24,0.93,0.0,0,None
2026-03-09 14:45:00,33.94,0,0,0,226.95,1.27,0.265,0.113,0.919,0.0662,303.54,2306.89,175,230.69,0.0,1.032,0.051,0.02,0.0,0.194,0,0,Normal,3.72,1.77,0.89,0.0,0,None
2026-03-09 15:00:00,34.4,0,0,0,225.32,1.02,0.22,0.064,0.96,0.055,303.59,2307.31,175,230.73,0.0,1.032,0.039,0.02,0.0,0.161,0,0,Normal,2.24,3.11,0.38,0.0,0,None
2026-03-09 15:15:00,32.46,0,0,0,228.33,1.57,0.326,0.148,0.91,0.0815,303.68,2307.93,175,230.79,0.0,1.032,0.051,0.118,0.0,0.157,0,0,Normal,4.44,2.57,0.87,0.0,0,None
2026-03-09 15:30:00,33.99,0,0,0,226.77,1.3,0.277,0.1,0.941,0.0693,303.74,2308.46,175,230.85,0.0,1.032,0.028,0.129,0.0,0.12,0,0,Normal,4.22,1.32,0.35,0.0,0,None
2026-03-09 15:45:00,34.58,0,0,0,226.82,1.38,0.279,0.141,0.893,0.0697,303.81,2308.99,175,230.9,0.0,1.032,0.053,0.02,0.0,0.206,0,0,Normal,4.07,2.12,0.45,0.0,0,None
2026-03-09 16:00:00,32.63,0,0,0,227.0,1.26,0.273,0.084,0.956,0.0682,303.88,2309.51,175,230.95,0.0,1.032,0.062,0.02,0.0,0.191,0,0,Normal,4.06,1.42,0.47,0.0,0,None
2026-03-09 16:15:00,33.01,0,0,0,226.21,1.43,0.287,0.148,0.889,0.0718,303.95,2310.05,175,231.01,0.0,1.032,0.033,0.02,0.0,0.234,0,0,Normal,2.91,3.3,0.21,0.0,0,None
2026-03-09 16:30:00,32.82,0,0,0,228.0,0.8,0.168,0.073,0.916,0.042,304.0,2310.37,175,231.04,0.0,1.032,0.044,0.02,0.0,0.104,0,0,Normal,2.34,1.39,0.5,0.0,0,None
2026-03-09 16:45:00,32.75,0,0,0,227.0,1.85,0.394,0.148,0.936,0.0985,304.09,2311.12,175,231.11,0.0,1.032,0.044,0.116,0.0,0.234,0,0,Normal,3.71,2.91,0.82,0.0,0,None
2026-03-09 17:00:00,32.08,0,0,0,226.54,1.76,0.365,0.163,0.913,0.0912,304.19,2311.81,175,231.18,0.0,1.032,0.063,0.114,0.0,0.188,0,0,Normal,3.66,3.27,0.63,0.0,0,None
2026-03-09 17:15:00,32.96,0,0,0,226.17,1.42,0.306,0.101,0.95,0.0765,304.26,2312.4,175,231.24,0.0,1.032,0.052,0.02,0.0,0.234,0,0,Normal,2.5,2.32,1.0,0.0,0,None
2026-03-09 17:30:00,33.16,0,0,0,227.67,1.13,0.236,0.101,0.92,0.059,304.32,2312.84,175,231.28,0.0,1.032,0.041,0.02,0.0,0.175,0,0,Normal,3.26,1.29,0.69,0.0,0,None
2026-03-09 17:45:00,32.07,0,0,0,224.91,0.95,0.199,0.077,0.932,0.0498,304.37,2313.22,175,231.32,0.0,1.032,0.052,0.02,0.0,0.127,0,0,Normal,3.27,2.85,0.99,0.0,0,None
2026-03-09 18:00:00,31.95,1,0,1,225.4,17.05,3.443,1.709,0.896,0.8608,305.23,2319.76,175,231.98,2.72,1.032,0.361,0.02,0.0,0.342,0,0,Normal,3.9,1.89,0.55,0.0,0,None
2026-03-09 18:15:00,31.02,1,0,1,227.68,14.07,3.044,1.0,0.95,0.761,305.99,2325.55,175,232.55,2.27,1.032,0.353,0.124,0.0,0.297,0,0,Normal,3.16,3.8,0.43,0.0,0,None
2026-03-09 18:30:00,31.88,1,0,1,226.68,15.21,3.298,1.005,0.957,0.8245,306.82,2331.81,175,233.18,2.586,1.032,0.341,0.119,0.0,0.252,0,0,Normal,3.95,1.91,0.44,0.0,0,None
2026-03-09 18:45:00,30.95,1,0,1,225.13,15.45,3.085,1.608,0.887,0.7712,307.59,2337.67,175,233.77,2.29,1.032,0.356,0.02,0.0,0.419,0,0,Normal,3.18,2.43,0.36,0.0,0,None
2026-03-09 19:00:00,29.62,1,0,1,227.04,18.5,3.823,1.74,0.91,0.9558,308.54,2344.94,175,234.49,1.718,1.032,0.357,0.02,1.276,0.452,0,0,Normal,3.92,2.06,0.5,0.0,0,None
2026-03-09 19:15:00,29.74,1,0,1,224.38,17.42,3.56,1.616,0.911,0.89,309.43,2351.7,175,235.17,1.695,1.032,0.348,0.02,1.204,0.293,0,0,Normal,2.04,3.85,0.2,0.0,0,None
2026-03-09 19:30:00,31.14,1,0,1,223.86,22.1,4.481,2.098,0.906,1.1202,310.55,2360.22,175,236.02,2.317,1.032,0.347,0.02,1.555,0.242,0,0,Normal,4.43,2.21,0.86,0.0,0,None
2026-03-09 19:45:00,29.98,1,0,1,226.44,20.67,4.214,2.039,0.9,1.0535,311.61,2368.22,175,236.82,1.883,1.032,0.361,0.119,1.547,0.304,0,0,Normal,2.41,1.17,1.0,0.0,0,None
2026-03-09 20:00:00,27.65,1,0,1,225.78,15.94,3.417,1.132,0.949,0.8542,312.46,2374.71,175,237.47,0.796,1.032,0.343,0.117,1.629,0.532,0,0,Normal,2.31,3.86,0.93,0.0,0,None
2026-03-09 20:15:00,28.48,1,0,1,225.85,17.72,3.594,1.761,0.898,0.8985,313.36,2381.54,175,238.15,1.259,1.032,0.354,0.02,1.622,0.339,0,0,Normal,3.7,1.15,0.54,0.0,0,None
2026-03-09 20:30:00,27.82,1,0,1,227.71,15.12,3.271,1.078,0.95,0.8178,314.18,2387.76,175,238.78,0.947,1.032,0.35,0.02,1.729,0.225,0,0,Normal,3.24,1.89,0.88,0.0,0,None
2026-03-09 20:45:00,27.76,1,0,1,227.75,15.5,3.138,1.617,0.889,0.7845,314.96,2393.72,175,239.37,0.96,1.033,0.349,0.02,1.467,0.342,0,0,Normal,2.96,3.11,0.28,0.0,0,None
2026-03-09 21:00:00,26.9,1,0,1,226.09,14.61,3.054,1.256,0.925,0.7635,315.73,2399.52,175,239.95,0.463,1.033,0.365,0.02,1.837,0.369,0,0,Normal,3.48,2.1,0.54,0.0,0,None
2026-03-09 21:15:00,26.46,1,0,1,226.42,15.27,3.107,1.516,0.899,0.7767,316.5,2405.43,175,240.54,0.479,1.033,0.355,0.123,1.94,0.21,0,0,Normal,2.06,2.84,0.76,0.0,0,None
2026-03-09 21:30:00,26.59,1,0,1,227.97,12.4,2.502,1.318,0.885,0.6255,317.13,2410.18,175,241.02,0.419,1.033,0.356,0.117,1.206,0.404,0,0,Normal,3.04,3.89,0.92,0.0,0,None
2026-03-09 21:45:00,26.45,1,0,1,225.46,11.14,2.402,0.737,0.956,0.6005,317.73,2414.74,175,241.47,0.362,1.033,0.355,0.02,1.351,0.314,0,0,Normal,4.48,2.34,0.26,0.0,0,None
2026-03-09 22:00:00,25.17,1,0,1,230.37,4.04,0.864,0.346,0.928,0.216,317.95,2416.39,175,241.64,0.0,1.033,0.344,0.02,0.0,0.5,0,0,Normal,3.79,3.19,0.87,0.0,0,None
2026-03-09 22:15:00,25.21,1,0,1,230.11,3.31,0.701,0.299,0.92,0.1753,318.12,2417.72,175,241.77,0.0,1.033,0.351,0.02,0.0,0.33,0,0,Normal,3.12,2.88,0.27,0.0,0,None
2026-03-09 22:30:00,24.03,1,0,1,227.65,3.44,0.703,0.343,0.899,0.1758,318.3,2419.05,175,241.91,0.0,1.033,0.362,0.02,0.0,0.321,0,0,Normal,3.27,1.22,0.97,0.0,0,None
2026-03-09 22:45:00,25.33,1,0,1,229.64,4.63,0.941,0.495,0.885,0.2352,318.53,2420.84,175,242.08,0.01,1.033,0.349,0.12,0.0,0.462,0,0,Normal,4.49,3.52,0.34,0.0,0,None
2026-03-09 23:00:00,23.27,1,0,1,227.56,3.62,0.787,0.243,0.955,0.1967,318.73,2422.34,175,242.23,0.0,1.033,0.348,0.123,0.0,0.316,0,0,Normal,4.19,1.95,0.34,0.0,0,None
2026-03-09 23:15:00,23.04,1,0,1,230.64,3.65,0.769,0.341,0.914,0.1922,318.92,2423.8,175,242.38,0.0,1.033,0.342,0.02,0.0,0.407,0,0,Normal,2.96,1.12,0.74,0.0,0,None
2026-03-09 23:30:00,23.73,1,0,1,230.94,3.04,0.629,0.313,0.895,0.1572,319.08,2424.99,175,242.5,0.0,1.033,0.33,0.02,0.0,0.279,0,0,Normal,3.75,3.67,0.66,0.0,0,None
2026-03-09 23:45:00,23.8,1,0,1,227.99,3.55,0.739,0.327,0.914,0.1848,319.26,2426.4,175,242.64,0.0,1.033,0.337,0.02,0.0,0.382,0,0,Normal,3.59,3.87,0.76,0.0,0,None
2026-03-10 00:00:00,22.46,1,0,0,232.24,3.65,0.754,0.389,0.888,0.1885,319.45,2427.83,175,242.78,0.0,1.033,0.347,0.02,0.0,0.387,0,0,Normal,2.34,3.43,0.26,0.0,0,None
2026-03-10 00:15:00,23.22,1,0,0,230.76,4.2,0.909,0.338,0.937,0.2272,319.68,2429.56,175,242.96,0.0,1.033,0.359,0.117,0.0,0.433,0,0,Normal,4.29,2.99,0.91,0.0,0,None
2026-03-10 00:30:00,22.13,1,0,0,231.02,3.77,0.812,0.316,0.932,0.203,319.88,2431.1,175,243.11,0.0,1.033,0.36,0.123,0.0,0.329,0,0,Normal,2.45,3.41,0.34,0.0,0,None
2026-03-10 00:45:00,22.6,1,0,0,230.34,3.4,0.713,0.325,0.91,0.1783,320.06,2432.45,175,243.25,0.0,1.033,0.355,0.02,0.0,0.338,0,0,Normal,2.66,3.72,0.53,0.0,0,None
2026-03-10 01:00:00,21.91,1,0,0,231.1,3.55,0.744,0.343,0.908,0.186,320.25,2433.87,175,243.39,0.0,1.033,0.345,0.02,0.0,0.379,0,0,Normal,2.58,1.65,0.54,0.0,0,None
2026-03-10 01:15:00,22.18,1,0,0,232.55,3.27,0.677,0.347,0.89,0.1693,320.42,2435.15,175,243.52,0.0,1.033,0.331,0.02,0.0,0.326,0,0,Normal,3.81,3.51,0.51,0.0,0,None
2026-03-10 01:30:00,22.34,1,0,0,231.35,3.52,0.723,0.375,0.888,0.1808,320.6,2436.53,175,243.65,0.0,1.033,0.349,0.02,0.0,0.354,0,0,Normal,2.13,1.77,0.28,0.0,0,None
2026-03-10 01:45:00,21.7,1,0,0,232.92,3.31,0.709,0.301,0.921,0.1772,320.77,2437.87,175,243.79,0.0,1.033,0.345,0.114,0.0,0.25,0,0,Normal,2.12,1.44,0.84,0.0,0,None
2026-03-10 02:00:00,22.36,1,0,0,232.67,3.59,0.74,0.389,0.885,0.185,320.96,2439.28,175,243.93,0.0,1.033,0.335,0.113,0.0,0.292,0,0,Normal,2.74,2.82,0.76,0.0,0,None
2026-03-10 02:15:00,22.03,1,0,0,231.97,3.22,0.697,0.271,0.932,0.1743,321.13,2440.61,175,244.06,0.0,1.033,0.348,0.02,0.0,0.329,0,0,Normal,3.43,3.29,0.54,0.0,0,None
2026-03-10 02:30:00,21.05,1,0,0,230.74,3.54,0.73,0.369,0.892,0.1825,321.31,2441.99,175,244.2,0.0,1.033,0.364,0.02,0.0,0.346,0,0,Normal,2.98,3.39,0.54,0.0,0,None
2026-03-10 02:45:00,21.02,1,0,0,230.84,3.71,0.755,0.404,0.882,0.1888,321.5,2443.43,175,244.34,0.0,1.033,0.35,0.02,0.0,0.385,0,0,Normal,2.07,1.38,0.96,0.0,0,None
2026-03-10 03:00:00,22.2,1,0,0,233.06,2.91,0.646,0.203,0.954,0.1615,321.67,2444.65,175,244.47,0.0,1.033,0.348,0.02,0.0,0.278,0,0,Normal,2.26,1.3,0.25,0.0,0,None
2026-03-10 03:15:00,22.09,1,0,0,231.44,3.32,0.707,0.301,0.92,0.1768,321.84,2446.0,175,244.6,0.0,1.034,0.361,0.123,0.0,0.223,0,0,Normal,2.31,3.09,0.87,0.0,0,None
2026-03-10 03:30:00,22.15,1,0,0,233.19,3.99,0.823,0.435,0.884,0.2058,322.05,2447.56,175,244.76,0.0,1.034,0.355,0.114,0.0,0.354,0,0,Normal,2.13,2.82,0.96,0.0,0,None
2026-03-10 03:45:00,22.19,1,0,0,231.52,3.96,0.812,0.426,0.886,0.203,322.25,2449.1,175,244.91,0.0,1.034,0.336,0.02,0.0,0.456,0,0,Normal,2.74,1.38,0.56,0.0,0,None
2026-03-10 04:00:00,22.92,1,0,0,235.12,3.27,0.699,0.318,0.91,0.1748,322.43,2450.43,175,245.04,0.0,1.034,0.339,0.02,0.0,0.34,0,0,Normal,2.09,2.27,0.64,0.0,0,None
2026-03-10 04:15:00,23.28,1,0,0,234.4,3.47,0.734,0.35,0.903,0.1835,322.61,2451.83,175,245.18,0.0,1.034,0.36,0.02,0.0,0.354,0,0,Normal,2.2,3.18,0.55,0.0,0,None
2026-03-10 04:30:00,22.25,1,0,0,234.7,3.37,0.723,0.322,0.913,0.1808,322.79,2453.2,175,245.32,0.0,1.034,0.335,0.02,0.0,0.368,0,0,Normal,3.04,2.12,0.54,0.0,0,None
2026-03-10 04:45:00,22.22,1,0,0,232.74,3.59,0.779,0.303,0.932,0.1947,322.98,2454.68,175,245.47,0.0,1.034,0.354,0.124,0.0,0.301,0,0,Normal,3.43,2.76,0.81,0.0,0,None
2026-03-10 05:00:00,23.21,1,0,0,234.62,4.24,0.878,0.465,0.884,0.2195,323.2,2456.35,175,245.63,0.0,1.034,0.348,0.12,0.0,0.41,0,0,Normal,4.4,2.9,0.23,0.0,0,None
2026-03-10 05:15:00,23.9,1,0,0,233.42,3.75,0.803,0.348,0.918,0.2007,323.4,2457.87,175,245.79,0.0,1.034,0.35,0.02,0.0,0.433,0,0,Normal,3.49,3.9,0.98,0.0,0,None
2026-03-10 05:30:00,24.38,1,0,0,232.94,3.86,0.794,0.422,0.883,0.1985,323.6,2459.38,175,245.94,0.0,1.034,0.361,0.02,0.0,0.413,0,0,Normal,3.73,3.26,0.29,0.0,0,None
2026-03-10 05:45:00,23.54,1,0,0,231.63,3.36,0.692,0.357,0.889,0.173,323.78,2460.7,175,246.07,0.0,1.034,0.347,0.02,0.0,0.325,0,0,Normal,3.99,3.43,0.75,0.0,0,None
2026-03-10 06:00:00,23.75,1,0,0,233.32,10.49,2.288,0.868,0.935,0.572,324.35,2465.04,175,246.5,0.0,1.034,0.356,0.02,1.47,0.442,0,0,Normal,2.33,1.64,0.88,0.0,0,None
2026-03-10 06:15:00,24.15,1,0,0,233.38,12.06,2.678,0.864,0.952,0.6695,325.02,2470.13,175,247.01,0.0,1.034,0.339,0.124,1.895,0.32,0,0,Normal,3.09,3.67,0.84,0.0,0,None
2026-03-10 06:30:00,24.58,1,0,0,231.61,10.98,2.338,0.998,0.92,0.5845,325.6,2474.58,175,247.46,0.0,1.034,0.343,0.119,1.469,0.407,0,0,Normal,2.81,1.74,0.28,0.0,0,None
2026-03-10 06:45:00,24.72,1,0,0,234.62,9.36,1.999,0.908,0.91,0.4998,326.1,2478.37,175,247.84,0.0,1.034,0.363,0.02,1.27,0.346,0,0,Normal,2.64,1.79,0.68,0.0,0,None
2026-03-10 07:00:00,26.24,1,0,0,231.89,10.74,2.298,0.962,0.922,0.5745,326.68,2482.74,175,248.27,0.335,1.034,0.045,0.02,1.559,0.339,0,0,Normal,2.24,3.63,0.95,0.0,0,None
2026-03-10 07:15:00,26.47,1,0,0,233.04,9.61,2.071,0.852,0.925,0.5177,327.19,2486.67,175,248.67,0.358,1.034,0.07,0.02,1.327,0.296,0,0,Normal,3.53,2.07,0.38,0.0,0,None
2026-03-10 07:30:00,26.29,1,0,0,234.8,9.38,2.029,0.859,0.921,0.5072,327.7,2490.53,175,249.05,0.293,1.034,0.044,0.02,1.302,0.37,0,0,Normal,3.13,2.88,0.84,0.0,0,None
2026-03-10 07:45:00,26.97,1,0,0,234.29,13.03,2.774,1.273,0.909,0.6935,328.39,2495.8,175,249.58,0.537,1.034,0.027,0.125,1.778,0.307,0,0,Normal,2.95,2.48,0.39,0.0,0,None
2026-03-10 08:00:00,27.66,1,0,0,234.12,13.18,2.893,1.076,0.937,0.7233,329.12,2501.3,175,250.13,0.875,1.034,0.036,0.116,1.447,0.419,0,0,Normal,4.38,1.4,0.31,0.0,0,None
2026-03-10 08:15:00,27.57,1,0,0,230.26,12.16,2.506,1.247,0.895,0.6265,329.74,2506.06,175,250.61,0.743,1.034,0.044,0.02,1.394,0.305,0,0,Normal,3.27,2.75,0.99,0.0,0,None
2026-03-10 08:30:00,28.24,1,0,0,233.42,14.99,3.15,1.522,0.9,0.7875,330.53,2512.04,175,251.2,1.145,1.034,0.049,0.02,1.49,0.446,0,0,Normal,3.15,3.53,0.22,0.0,0,None
2026-03-10 08:45:00,27.23,1,0,0,231.83,14.73,3.105,1.42,0.909,0.7762,331.31,2517.94,175,251.79,0.812,1.034,0.029,0.02,1.761,0.483,0,0,Normal,4.27,3.43,0.5,0.0,0,None
2026-03-10 09:00:00,29.75,0,0,0,232.95,0.74,0.162,0.056,0.944,0.0405,331.35,2518.25,175,251.83,0.0,1.034,0.054,0.02,0.0,0.088,0,0,Normal,4.35,32.36,4.83,0.0,1,Elevated Earth Leakage Risk
2026-03-10 09:15:00,29.6,0,0,0,234.39,1.85,0.409,0.141,0.945,0.1022,331.45,2519.03,175,251.9,0.0,1.034,0.049,0.123,0.0,0.237,0,0,Normal,2.47,31.12,5.63,0.0,1,Elevated Earth Leakage Risk
2026-03-10 09:30:00,29.48,0,0,0,231.97,1.36,0.295,0.111,0.936,0.0738,331.52,2519.59,175,251.96,0.0,1.034,0.044,0.118,0.0,0.133,0,0,Normal,2.6,42.04,4.67,0.0,1,Elevated Earth Leakage Risk
2026-03-10 09:45:00,30.35,0,0,0,228.15,1.43,0.309,0.102,0.95,0.0772,331.6,2520.18,175,252.02,0.0,1.034,0.068,0.02,0.0,0.221,0,0,Normal,3.13,37.77,4.76,0.0,1,Elevated Earth Leakage Risk
2026-03-10 10:00:00,30.69,0,0,0,230.49,1.29,0.281,0.094,0.949,0.0702,331.67,2520.71,175,252.07,0.0,1.035,0.051,0.02,0.0,0.21,0,0,Normal,2.91,38.79,4.65,0.0,1,Elevated Earth Leakage Risk
2026-03-10 10:15:00,32.03,0,0,0,232.33,1.54,0.316,0.168,0.883,0.079,331.75,2521.31,175,252.13,0.0,1.035,0.05,0.02,0.0,0.246,0,0,Normal,2.06,28.56,6.41,0.0,1,Elevated Earth Leakage Risk
2026-03-10 10:30:00,30.89,0,0,0,230.77,0.65,0.136,0.064,0.904,0.034,331.79,2521.57,175,252.16,0.0,1.035,0.029,0.02,0.0,0.087,0,0,Normal,4.09,30.74,6.12,0.0,1,Elevated Earth Leakage Risk
2026-03-10 10:45:00,30.36,0,0,0,230.59,1.78,0.392,0.123,0.954,0.098,331.88,2522.31,175,252.23,0.0,1.035,0.069,0.122,0.0,0.201,0,0,Normal,3.79,29.76,6.09,0.0,1,Elevated Earth Leakage Risk
2026-03-10 11:00:00,32.28,0,0,0,231.89,1.8,0.387,0.156,0.927,0.0968,331.98,2523.05,175,252.3,0.0,1.035,0.045,0.125,0.0,0.217,0,0,Normal,3.24,27.32,5.59,0.0,1,Elevated Earth Leakage Risk
2026-03-10 11:15:00,31.7,0,0,0,231.17,1.16,0.239,0.119,0.895,0.0598,332.04,2523.5,175,252.35,0.0,1.035,0.054,0.02,0.0,0.165,0,0,Normal,3.47,29.76,5.88,0.0,1,Elevated Earth Leakage Risk
2026-03-10 11:30:00,31.87,0,0,0,230.16,1.3,0.286,0.089,0.954,0.0715,332.11,2524.05,175,252.4,0.0,1.035,0.048,0.02,0.0,0.218,0,0,Normal,2.51,33.7,5.42,0.0,1,Elevated Earth Leakage Risk
2026-03-10 11:45:00,32.44,0,0,0,230.13,0.98,0.216,0.068,0.954,0.054,332.17,2524.46,175,252.45,0.0,1.035,0.048,0.02,0.0,0.148,0,0,Normal,3.41,33.58,5.68,0.0,1,Elevated Earth Leakage Risk
2026-03-10 12:00:00,33.47,0,0,0,228.58,1.4,0.295,0.122,0.924,0.0738,332.24,2525.02,175,252.5,0.0,1.035,0.055,0.02,0.0,0.22,0,0,Normal,2.64,1.19,0.63,0.0,0,None
2026-03-10 12:15:00,32.89,0,0,0,229.5,1.92,0.4,0.183,0.909,0.1,332.34,2525.78,175,252.58,0.0,1.035,0.036,0.128,0.0,0.236,0,0,Normal,4.31,1.95,0.76,0.0,0,None
2026-03-10 12:30:00,33.69,0,0,0,228.29,1.41,0.293,0.131,0.913,0.0732,332.41,2526.33,175,252.63,0.0,1.035,0.065,0.121,0.0,0.107,0,0,Normal,2.54,1.65,0.58,0.0,0,None
2026-03-10 12:45:00,33.77,0,0,0,225.1,0.83,0.167,0.085,0.89,0.0417,332.45,2526.65,175,252.67,0.0,1.035,0.057,0.02,0.0,0.09,0,0,Normal,2.86,1.58,0.21,0.0,0,None
2026-03-10 13:00:00,34.51,0,0,0,229.67,1.28,0.263,0.129,0.898,0.0658,332.52,2527.15,175,252.72,0.0,1.035,0.052,0.02,0.0,0.191,0,0,Normal,3.79,2.72,0.62,0.0,0,None
2026-03-10 13:15:00,34.06,0,0,0,229.44,0.78,0.171,0.054,0.954,0.0428,332.56,2527.48,175,252.75,0.0,1.035,0.066,0.02,0.0,0.085,0,0,Normal,2.63,3.27,1.0,0.0,0,None
2026-03-10 13:30:00,34.48,0,0,0,227.16,1.4,0.303,0.097,0.952,0.0758,332.64,2528.05,175,252.81,0.0,1.035,0.039,0.02,0.0,0.244,0,0,Normal,4.18,1.97,0.89,0.0,0,None
2026-03-10 13:45:00,32.86,0,0,0,228.3,1.31,0.265,0.138,0.886,0.0662,332.7,2528.55,175,252.86,0.0,1.035,0.049,0.127,0.0,0.089,0,0,Normal,2.7,1.86,0.24,0.0,0,None
2026-03-10 14:00:00,33.84,0,0,0,229.14,1.73,0.37,0.143,0.932,0.0925,332.8,2529.26,175,252.93,0.0,1.035,0.06,0.117,0.0,0.193,0,0,Normal,4.08,2.65,0.42,0.0,0,None
2026-03-10 14:15:00,33.57,0,0,0,225.64,1.23,0.251,0.12,0.903,0.0628,332.86,2529.73,175,252.97,0.0,1.035,0.057,0.02,0.0,0.174,0,0,Normal,4.37,2.81,0.68,0.0,0,None
2026-03-10 14:30:00,34.06,0,0,0,229.05,1.35,0.284,0.123,0.918,0.071,332.93,2530.27,175,253.03,0.0,1.035,0.057,0.02,0.0,0.207,0,0,Normal,2.45,1.55,0.5,0.0,0,None
2026-03-10 14:45:00,33.71,0,0,0,227.64,0.96,0.21,0.062,0.959,0.0525,332.98,2530.67,175,253.07,0.0,1.035,0.037,0.02,0.0,0.153,0,0,Normal,3.21,1.45,0.55,0.0,0,None
2026-03-10 15:00:00,33.71,0,0,0,229.31,1.3,0.286,0.085,0.958,0.0715,333.05,2531.22,175,253.12,0.0,1.035,0.031,0.02,0.0,0.235,0,0,Normal,2.35,2.29,0.37,0.0,0,None
2026-03-10 15:15:00,34.74,0,0,0,228.95,1.6,0.339,0.137,0.927,0.0848,333.14,2531.86,175,253.19,0.0,1.035,0.054,0.117,0.0,0.168,0,0,Normal,2.31,1.2,0.41,0.0,0,None
2026-03-10 15:30:00,33.71,0,0,0,225.59,1.77,0.352,0.187,0.883,0.088,333.23,2532.53,175,253.25,0.0,1.035,0.05,0.121,0.0,0.181,0,0,Normal,2.16,2.88,0.3,0.0,0,None
2026-03-10 15:45:00,34.0,0,0,0,227.38,1.16,0.238,0.113,0.904,0.0595,333.29,2532.98,175,253.3,0.0,1.035,0.043,0.02,0.0,0.175,0,0,Normal,3.83,1.32,0.48,0.0,0,None
2026-03-10 16:00:00,33.08,0,0,0,225.74,1.07,0.232,0.068,0.959,0.058,333.34,2533.42,175,253.34,0.0,1.035,0.058,0.02,0.0,0.154,0,0,Normal,2.69,1.59,0.79,0.0,0,None
2026-03-10 16:15:00,33.23,0,0,0,225.64,1.33,0.267,0.139,0.887,0.0668,333.41,2533.93,175,253.39,0.0,1.035,0.045,0.02,0.0,0.202,0,0,Normal,2.96,3.98,0.99,0.0,0,None
2026-03-10 16:30:00,33.2,0,0,0,226.88,1.07,0.221,0.099,0.913,0.0552,333.47,2534.35,175,253.43,0.0,1.036,0.051,0.02,0.0,0.15,0,0,Normal,3.05,1.75,0.48,0.0,0,None
2026-03-10 16:45:00,33.42,0,0,0,227.03,1.47,0.31,0.124,0.928,0.0775,333.54,2534.94,175,253.49,0.0,1.036,0.055,0.117,0.0,0.138,0,0,Normal,3.36,1.18,0.43,0.0,0,None
2026-03-10 17:00:00,32.83,0,0,0,226.99,1.78,0.369,0.165,0.913,0.0922,333.64,2535.64,175,253.56,0.0,1.036,0.065,0.118,0.0,0.186,0,0,Normal,2.95,2.2,0.73,0.0,0,None
2026-03-10 17:15:00,33.07,0,0,0,226.57,1.41,0.307,0.09,0.959,0.0768,333.71,2536.22,175,253.62,0.0,1.036,0.059,0.02,0.0,0.228,0,0,Normal,4.14,2.82,0.87,0.0,0,None
2026-03-10 17:30:00,32.4,0,0,0,227.3,1.53,0.318,0.139,0.916,0.0795,333.79,2536.83,175,253.68,0.0,1.036,0.056,0.02,0.0,0.242,0,0,Normal,3.61,1.09,0.46,0.0,0,None
2026-03-10 17:45:00,32.54,0,0,0,228.39,1.0,0.215,0.079,0.938,0.0538,333.85,2537.24,175,253.72,0.0,1.036,0.047,0.02,0.0,0.148,0,0,Normal,2.42,3.42,0.58,0.0,0,None
2026-03-10 18:00:00,30.42,1,0,1,224.76,14.26,2.892,1.381,0.902,0.723,334.57,2542.73,175,254.27,2.005,1.036,0.361,0.02,0.0,0.506,0,0,Normal,2.52,3.31,0.23,0.0,0,None
2026-03-10 18:15:00,30.96,1,0,1,226.23,15.46,3.147,1.528,0.9,0.7867,335.36,2548.71,175,254.87,2.199,1.036,0.326,0.121,0.0,0.501,0,0,Normal,3.0,2.49,0.41,0.0,0,None
2026-03-10 18:30:00,31.47,1,0,1,225.52,15.27,3.203,1.264,0.93,0.8008,336.16,2554.8,175,255.48,2.406,1.036,0.339,0.116,0.0,0.342,0,0,Normal,3.19,2.34,0.9,0.0,0,None
2026-03-10 18:45:00,31.43,1,0,1,225.37,14.57,3.114,1.042,0.948,0.7785,336.94,2560.71,175,256.07,2.48,1.036,0.35,0.02,0.0,0.264,0,0,Normal,3.15,1.71,0.5,0.0,0,None
2026-03-10 19:00:00,29.66,1,0,1,226.09,20.48,4.311,1.693,0.931,1.0778,338.01,2568.9,175,256.89,1.728,1.036,0.353,0.02,1.845,0.365,0,0,Normal,4.0,1.64,0.36,0.0,0,None
2026-03-10 19:15:00,30.0,1,0,1,226.46,19.75,4.024,1.95,0.9,1.006,339.02,2576.55,175,257.65,1.853,1.036,0.344,0.02,1.478,0.329,0,0,Normal,2.96,1.06,0.21,0.0,0,None
2026-03-10 19:30:00,29.8,1,0,1,224.67,18.74,3.941,1.483,0.936,0.9852,340.0,2584.04,175,258.4,1.798,1.036,0.363,0.02,1.29,0.47,0,0,Normal,3.99,3.59,0.77,0.0,0,None
2026-03-10 19:45:00,30.15,1,0,1,224.66,21.48,4.611,1.421,0.956,1.1528,341.16,2592.8,175,259.28,1.907,1.036,0.353,0.11,1.908,0.333,0,0,Normal,2.16,3.19,0.37,0.0,0,None
2026-03-10 20:00:00,28.14,1,0,1,226.41,17.6,3.532,1.845,0.886,0.883,342.04,2599.51,175,259.95,1.06,1.036,0.355,0.118,1.656,0.343,0,0,Normal,2.18,2.64,0.77,0.0,0,None
2026-03-10 20:15:00,27.82,1,0,1,227.69,16.33,3.299,1.714,0.887,0.8248,342.87,2605.78,175,260.58,0.941,1.036,0.349,0.02,1.521,0.468,0,0,Normal,4.18,1.89,0.35,0.0,0,None
2026-03-10 20:30:00,28.17,1,0,1,225.87,15.17,3.201,1.22,0.934,0.8002,343.67,2611.86,175,261.19,1.094,1.036,0.369,0.02,1.325,0.393,0,0,Normal,3.1,1.97,0.57,0.0,0,None
2026-03-10 20:45:00,26.53,1,0,1,227.94,12.92,2.789,0.944,0.947,0.6972,344.36,2617.16,175,261.72,0.428,1.036,0.359,0.02,1.631,0.351,0,0,Normal,2.14,3.81,0.74,0.0,0,None
2026-03-10 21:00:00,26.64,1,0,1,224.85,13.99,2.877,1.272,0.915,0.7192,345.08,2622.62,175,262.26,0.499,1.036,0.353,0.02,1.665,0.34,0,0,Normal,2.3,2.87,0.78,0.0,0,None
2026-03-10 21:15:00,24.62,1,0,1,228.34,12.7,2.658,1.16,0.917,0.6645,345.75,2627.67,175,262.77,0.0,1.036,0.38,0.111,1.697,0.47,0,0,Normal,2.42,3.34,0.42,0.0,0,None
2026-03-10 21:30:00,25.59,1,0,1,227.26,13.29,2.695,1.362,0.892,0.6738,346.42,2632.79,175,263.28,0.022,1.036,0.346,0.123,1.753,0.451,0,0,Normal,3.43,3.49,0.9,0.0,0,None
2026-03-10 21:45:00,26.67,1,0,1,227.58,13.47,2.772,1.31,0.904,0.693,347.11,2638.06,175,263.81,0.455,1.036,0.354,0.02,1.646,0.297,0,0,Normal,3.44,3.37,0.21,0.0,0,None
2026-03-10 22:00:00,25.24,1,0,1,227.88,2.75,0.598,0.187,0.954,0.1495,347.26,2639.2,175,263.92,0.0,1.036,0.342,0.02,0.0,0.236,0,0,Normal,2.96,2.26,0.8,0.0,0,None
2026-03-10 22:15:00,24.42,1,0,1,230.86,3.22,0.655,0.351,0.881,0.1638,347.43,2640.44,175,264.04,0.0,1.036,0.335,0.02,0.0,0.3,0,0,Normal,2.29,1.85,0.54,0.0,0,None
2026-03-10 22:30:00,24.64,1,0,1,228.7,3.57,0.774,0.257,0.949,0.1935,347.62,2641.91,175,264.19,0.0,1.036,0.347,0.02,0.0,0.407,0,0,Normal,2.04,1.52,0.49,0.0,0,None
2026-03-10 22:45:00,25.69,1,0,1,227.51,4.26,0.873,0.419,0.901,0.2182,347.84,2643.57,175,264.36,0.071,1.036,0.358,0.125,0.0,0.319,0,0,Normal,4.27,1.89,0.33,0.0,0,None
2026-03-10 23:00:00,23.52,1,0,1,226.4,3.89,0.842,0.262,0.955,0.2105,348.05,2645.17,175,264.52,0.0,1.037,0.333,0.114,0.0,0.395,0,0,Normal,3.09,2.9,0.65,0.0,0,None
2026-03-10 23:15:00,24.88,1,0,1,229.1,4.01,0.85,0.348,0.926,0.2125,348.26,2646.79,175,264.68,0.0,1.037,0.355,0.02,0.0,0.475,0,0,Normal,3.45,3.19,0.23,0.0,0,None
2026-03-10 23:30:00,23.76,1,0,1,230.33,3.97,0.828,0.39,0.905,0.207,348.47,2648.36,175,264.84,0.0,1.037,0.339,0.02,0.0,0.469,0,0,Normal,3.74,2.28,0.92,0.0,0,None
2026-03-10 23:45:00,23.96,1,0,1,229.23,3.54,0.764,0.273,0.942,0.191,348.66,2649.81,175,264.98,0.0,1.037,0.354,0.02,0.0,0.39,0,0,Normal,3.07,1.54,0.83,0.0,0,None
2026-03-11 00:00:00,23.61,1,0,0,229.75,4.1,0.866,0.368,0.92,0.2165,348.88,2651.46,175,265.15,0.0,1.037,0.337,0.02,0.0,0.509,0,0,Normal,2.79,2.73,0.61,0.0,0,None
2026-03-11 00:15:00,22.87,1,0,0,229.73,4.36,0.889,0.464,0.887,0.2222,349.1,2653.14,175,265.31,0.0,1.037,0.355,0.122,0.0,0.412,0,0,Normal,3.38,1.32,0.94,0.0,0,None
2026-03-11 00:30:00,22.3,1,0,0,231.25,3.6,0.793,0.252,0.953,0.1982,349.3,2654.65,175,265.47,0.0,1.037,0.33,0.119,0.0,0.344,0,0,Normal,4.04,2.83,0.67,0.0,0,None
2026-03-11 00:45:00,22.75,1,0,0,231.44,3.53,0.726,0.375,0.889,0.1815,349.48,2656.03,175,265.6,0.0,1.037,0.357,0.02,0.0,0.349,0,0,Normal,4.38,3.37,0.46,0.0,0,None
2026-03-11 01:00:00,22.19,1,0,0,230.94,3.0,0.643,0.257,0.929,0.1608,349.64,2657.25,175,265.73,0.0,1.037,0.349,0.02,0.0,0.274,0,0,Normal,2.86,2.57,0.58,0.0,0,None
2026-03-11 01:15:00,21.52,1,0,0,232.89,3.8,0.784,0.409,0.886,0.196,349.83,2658.74,175,265.87,0.0,1.037,0.339,0.02,0.0,0.425,0,0,Normal,3.25,2.44,0.57,0.0,0,None
2026-03-11 01:30:00,22.08,1,0,0,230.78,3.08,0.681,0.202,0.959,0.1703,350.0,2782.54,200,278.25,0.0,1.037,0.344,0.02,0.0,0.317,0,0,Normal,3.34,3.83,0.89,0.0,0,None
2026-03-11 01:45:00,21.83,1,0,0,232.73,3.58,0.761,0.341,0.912,0.1902,350.2,2784.05,200,278.41,0.0,1.037,0.356,0.124,0.0,0.281,0,0,Normal,3.72,2.24,0.74,0.0,0,None
2026-03-11 02:00:00,22.46,1,0,0,233.49,3.37,0.698,0.364,0.886,0.1745,350.37,2785.44,200,278.54,0.0,1.037,0.35,0.12,0.0,0.228,0,0,Normal,3.96,2.24,0.53,0.0,0,None
2026-03-11 02:15:00,22.02,1,0,0,232.4,3.57,0.738,0.379,0.89,0.1845,350.55,2786.9,200,278.69,0.0,1.037,0.335,0.02,0.0,0.383,0,0,Normal,2.73,1.64,0.63,0.0,0,None
2026-03-11 02:30:00,21.86,1,0,0,231.68,3.38,0.741,0.253,0.946,0.1852,350.74,2788.38,200,278.84,0.0,1.037,0.351,0.02,0.0,0.37,0,0,Normal,3.87,3.53,0.25,0.0,0,None
2026-03-11 02:45:00,21.95,1,0,0,232.93,3.29,0.715,0.278,0.932,0.1788,350.92,2789.8,200,278.98,0.0,1.037,0.343,0.02,0.0,0.352,0,0,Normal,3.04,2.82,0.67,0.0,0,None
2026-03-11 03:00:00,22.32,1,0,0,233.25,3.78,0.799,0.37,0.907,0.1998,351.12,2791.39,200,279.14,0.0,1.037,0.338,0.02,0.0,0.441,0,0,Normal,2.39,2.08,0.78,0.0,0,None
2026-03-11 03:15:00,22.51,1,0,0,231.86,3.81,0.787,0.403,0.89,0.1967,351.31,2792.95,200,279.3,0.0,1.037,0.355,0.119,0.0,0.313,0,0,Normal,3.1,2.74,0.63,0.0,0,None
2026-03-11 03:30:00,21.7,1,0,0,234.52,4.24,0.88,0.461,0.886,0.22,351.53,2794.7,200,279.47,0.0,1.037,0.353,0.114,0.0,0.413,0,0,Normal,3.87,2.12,0.67,0.0,0,None
2026-03-11 03:45:00,21.68,1,0,0,235.89,3.81,0.811,0.386,0.903,0.2028,351.74,2796.31,200,279.63,0.0,1.037,0.327,0.02,0.0,0.464,0,0,Normal,3.33,1.14,0.58,0.0,0,None
2026-03-11 04:00:00,23.36,1,0,0,231.0,4.35,0.897,0.452,0.893,0.2242,351.96,2798.09,200,279.81,0.0,1.037,0.367,0.02,0.0,0.51,0,0,Normal,3.17,3.0,0.51,0.0,0,None
2026-03-11 04:15:00,22.6,1,0,0,235.45,3.58,0.755,0.374,0.896,0.1888,352.15,2799.59,200,279.96,0.0,1.037,0.356,0.02,0.0,0.379,0,0,Normal,2.06,3.24,0.79,0.0,0,None
2026-03-11 04:30:00,22.1,1,0,0,233.3,4.23,0.869,0.467,0.881,0.2172,352.37,2801.32,200,280.13,0.0,1.037,0.351,0.02,0.0,0.498,0,0,Normal,4.09,3.48,0.54,0.0,0,None
2026-03-11 04:45:00,23.03,1,0,0,231.57,3.1,0.654,0.294,0.912,0.1635,352.53,2802.62,200,280.26,0.0,1.037,0.339,0.115,0.0,0.2,0,0,Normal,3.28,2.75,0.28,0.0,0,None
2026-03-11 05:00:00,23.99,1,0,0,234.7,4.28,0.903,0.439,0.899,0.2258,352.76,2804.42,200,280.44,0.0,1.037,0.349,0.116,0.0,0.438,0,0,Normal,2.77,2.83,0.84,0.0,0,None
2026-03-11 05:15:00,22.99,1,0,0,232.69,3.17,0.693,0.251,0.94,0.1733,352.93,2805.79,200,280.58,0.0,1.037,0.347,0.02,0.0,0.326,0,0,Normal,4.05,1.42,0.8,0.0,0,None
2026-03-11 05:30:00,23.87,1,0,0,234.8,3.1,0.688,0.24,0.944,0.172,353.1,2807.16,200,280.72,0.0,1.038,0.36,0.02,0.0,0.308,0,0,Normal,2.95,3.13,0.81,0.0,0,None
2026-03-11 05:45:00,24.13,1,0,0,233.75,3.66,0.764,0.383,0.894,0.191,353.29,2808.68,200,280.87,0.0,1.038,0.363,0.02,0.0,0.381,0,0,Normal,3.99,3.18,0.84,0.0,0,None
2026-03-11 06:00:00,25.19,1,0,0,234.65,11.26,2.411,1.083,0.912,0.6028,353.9,2813.47,200,281.35,0.0,1.038,0.365,0.02,1.623,0.403,0,0,Normal,2.06,1.91,0.48,0.0,0,None
2026-03-11 06:15:00,25.32,1,0,0,233.45,12.54,2.715,1.092,0.928,0.6788,354.57,2818.87,200,281.89,0.0,1.038,0.366,0.116,1.761,0.472,0,0,Normal,4.24,2.63,0.59,0.0,0,None
2026-03-11 06:30:00,24.3,1,0,0,235.03,10.47,2.213,1.074,0.9,0.5532,355.13,2823.27,200,282.33,0.0,1.038,0.354,0.122,1.326,0.411,0,0,Normal,2.88,3.85,0.25,0.0,0,None
2026-03-11 06:45:00,25.17,1,0,0,229.97,12.35,2.607,1.129,0.918,0.6517,355.78,2828.45,200,282.84,0.0,1.038,0.35,0.02,1.7,0.537,0,0,Normal,3.78,2.79,0.65,0.0,0,None
2026-03-11 07:00:00,26.3,1,0,0,234.74,10.5,2.267,0.969,0.92,0.5668,356.35,2832.95,200,283.3,0.346,1.038,0.042,0.02,1.626,0.233,0,0,Normal,2.64,3.3,0.87,0.0,0,None
2026-03-11 07:15:00,26.21,1,0,0,232.27,10.72,2.286,0.99,0.918,0.5715,356.92,2837.5,200,283.75,0.282,1.038,0.042,0.02,1.576,0.366,0,0,Normal,2.65,2.69,0.79,0.0,0,None
2026-03-11 07:30:00,26.88,1,0,0,231.58,12.58,2.78,0.875,0.954,0.695,357.61,2843.02,200,284.3,0.564,1.038,0.03,0.02,1.684,0.482,0,0,Normal,2.84,2.15,0.54,0.0,0,None
2026-03-11 07:45:00,27.19,1,0,0,233.19,15.11,3.235,1.396,0.918,0.8088,358.42,2849.45,200,284.95,0.717,1.038,0.045,0.121,1.92,0.432,0,0,Normal,2.54,2.76,0.34,0.0,0,None
2026-03-11 08:00:00,28.9,1,0,0,234.78,17.81,3.757,1.837,0.898,0.9392,359.36,2856.92,200,285.69,1.44,1.038,0.044,0.114,1.737,0.422,0,0,Normal,2.08,3.52,0.24,0.0,0,None
2026-03-11 08:15:00,28.66,1,0,0,233.37,14.5,3.24,0.975,0.958,0.81,360.17,2863.36,200,286.34,1.279,1.038,0.041,0.02,1.565,0.335,0,0,Normal,2.94,1.73,0.28,0.0,0,None
2026-03-11 08:30:00,27.95,1,0,0,233.02,13.31,2.845,1.235,0.917,0.7113,360.88,2869.01,200,286.9,1.0,1.038,0.038,0.02,1.486,0.301,0,0,Normal,2.04,3.91,0.26,0.0,0,None
2026-03-11 08:45:00,28.18,1,0,0,231.72,12.88,2.805,1.019,0.94,0.7012,361.58,2874.59,200,287.46,1.142,1.038,0.051,0.02,1.234,0.358,0,0,Normal,2.3,2.99,0.52,0.0,0,None
2026-03-11 09:00:00,29.94,0,0,0,232.81,0.76,0.17,0.051,0.957,0.0425,361.63,2874.92,200,287.49,0.0,1.038,0.056,0.02,0.0,0.094,0,0,Normal,3.79,1.14,0.38,0.0,0,None
2026-03-11 09:15:00,29.61,0,0,0,232.59,1.4,0.299,0.13,0.918,0.0748,361.7,2875.52,200,287.55,0.0,1.038,0.055,0.117,0.0,0.127,0,0,Normal,3.61,3.23,0.92,0.0,0,None
2026-03-11 09:30:00,29.62,0,0,0,231.26,1.46,0.307,0.14,0.91,0.0768,361.78,2876.13,200,287.61,0.0,1.038,0.064,0.118,0.0,0.125,0,0,Normal,2.85,3.02,0.88,0.0,0,None
2026-03-11 09:45:00,29.96,0,0,0,231.0,0.77,0.163,0.07,0.918,0.0408,361.82,2876.45,200,287.65,0.0,1.038,0.032,0.02,0.0,0.111,0,0,Normal,2.19,2.61,0.98,0.0,0,None
2026-03-11 10:00:00,30.97,0,0,0,230.47,1.53,0.332,0.116,0.944,0.083,361.9,2877.11,200,287.71,0.0,1.038,0.062,0.02,0.0,0.25,0,0,Normal,4.11,1.14,0.64,0.0,0,None
2026-03-11 10:15:00,30.64,0,0,0,233.79,0.87,0.18,0.093,0.888,0.045,361.95,2877.47,200,287.75,0.0,1.038,0.061,0.02,0.0,0.099,0,0,Normal,3.67,3.42,0.69,0.0,0,None
2026-03-11 10:30:00,30.79,0,0,0,232.73,0.75,0.16,0.071,0.914,0.04,361.99,2877.79,200,287.78,0.0,1.038,0.051,0.02,0.0,0.089,0,0,Normal,2.04,1.14,0.91,0.0,0,None
2026-03-11 10:45:00,31.32,0,0,0,232.83,1.61,0.349,0.136,0.931,0.0872,362.07,2878.48,200,287.85,0.0,1.038,0.045,0.128,0.0,0.176,0,0,Normal,2.51,2.53,0.81,0.0,0,None
2026-03-11 11:00:00,32.24,0,0,0,232.22,1.86,0.386,0.196,0.892,0.0965,362.17,2879.25,200,287.92,0.0,1.038,0.03,0.125,0.0,0.231,0,0,Normal,3.82,1.24,0.2,0.0,0,None
2026-03-11 11:15:00,32.41,0,0,0,233.37,1.22,0.254,0.127,0.895,0.0635,362.23,2879.75,200,287.98,0.0,1.038,0.051,0.02,0.0,0.183,0,0,Normal,2.51,1.17,0.31,0.0,0,None
2026-03-11 11:30:00,32.58,0,0,0,231.42,1.14,0.243,0.1,0.925,0.0608,362.29,2880.24,200,288.02,0.0,1.038,0.054,0.02,0.0,0.169,0,0,Normal,2.62,3.04,0.82,0.0,0,None
2026-03-11 11:45:00,32.06,0,0,0,229.41,1.09,0.221,0.117,0.883,0.0552,362.35,2880.68,200,288.07,0.0,1.038,0.043,0.02,0.0,0.158,0,0,Normal,2.28,1.45,0.92,0.0,0,None
2026-03-11 12:00:00,33.57,0,0,0,231.68,1.19,0.25,0.114,0.91,0.0625,362.41,2881.17,200,288.12,0.0,1.039,0.05,0.02,0.0,0.18,0,0,Normal,2.99,2.14,0.57,0.0,0,None
2026-03-11 12:15:00,33.39,0,0,0,231.18,1.43,0.299,0.141,0.904,0.0748,362.49,2881.77,200,288.18,0.0,1.039,0.049,0.132,0.0,0.118,0,0,Normal,3.69,2.9,0.91,0.0,0,None
2026-03-11 12:30:00,32.58,0,0,0,228.79,1.33,0.282,0.116,0.924,0.0705,362.56,2882.33,200,288.23,0.0,1.039,0.043,0.123,0.0,0.116,0,0,Normal,4.02,3.85,0.59,0.0,0,None
2026-03-11 12:45:00,33.92,0,0,0,230.64,1.16,0.241,0.117,0.9,0.0602,362.62,2882.81,200,288.28,0.0,1.039,0.071,0.02,0.0,0.15,0,0,Normal,3.6,2.08,0.79,0.0,0,None
2026-03-11 13:00:00,33.55,0,0,0,229.68,0.67,0.14,0.062,0.915,0.035,362.65,2883.09,200,288.31,0.0,1.039,0.023,0.02,0.0,0.097,0,0,Normal,2.36,1.07,0.65,0.0,0,None
2026-03-11 13:15:00,32.97,0,0,0,227.94,1.15,0.239,0.105,0.915,0.0598,362.71,2883.56,200,288.36,0.0,1.039,0.036,0.02,0.0,0.183,0,0,Normal,4.16,1.16,0.91,0.0,0,None
2026-03-11 13:30:00,33.27,0,0,0,226.85,1.4,0.288,0.131,0.91,0.072,362.78,2884.13,200,288.41,0.0,1.039,0.059,0.02,0.0,0.209,0,0,Normal,2.58,2.49,0.84,0.0,0,None
2026-03-11 13:45:00,33.29,0,0,0,226.44,1.81,0.374,0.17,0.91,0.0935,362.88,2884.88,200,288.49,0.0,1.039,0.055,0.122,0.0,0.197,0,0,Normal,4.44,2.02,0.83,0.0,0,None
2026-03-11 14:00:00,34.03,0,0,0,228.09,1.34,0.277,0.131,0.904,0.0693,362.95,2885.43,200,288.54,0.0,1.039,0.042,0.117,0.0,0.118,0,0,Normal,4.12,1.75,0.6,0.0,0,None
2026-03-11 14:15:00,33.86,0,0,0,227.84,0.87,0.187,0.066,0.943,0.0468,362.99,2885.8,200,288.58,0.0,1.039,0.074,0.02,0.0,0.093,0,0,Normal,2.12,3.86,0.64,0.0,0,None
2026-03-11 14:30:00,33.83,0,0,0,225.83,0.81,0.171,0.062,0.939,0.0427,363.04,2886.14,200,288.61,0.0,1.039,0.039,0.02,0.0,0.112,0,0,Normal,3.71,2.53,0.82,0.0,0,None
2026-03-11 14:45:00,34.31,0,0,0,227.4,0.88,0.18,0.088,0.898,0.045,363.08,2886.5,200,288.65,0.0,1.039,0.052,0.02,0.0,0.108,0,0,Normal,2.03,3.36,0.49,0.0,0,None
2026-03-11 15:00:00,33.97,0,0,0,227.15,0.78,0.157,0.082,0.887,0.0392,363.12,2886.81,200,288.68,0.0,1.039,0.041,0.02,0.0,0.096,0,0,Normal,2.74,2.31,0.85,0.0,0,None
2026-03-11 15:15:00,33.95,0,0,0,225.76,1.46,0.309,0.117,0.935,0.0772,363.2,2887.42,200,288.74,0.0,1.039,0.047,0.116,0.0,0.146,0,0,Normal,3.51,1.33,0.79,0.0,0,None
2026-03-11 15:30:00,34.0,0,0,0,226.9,1.57,0.317,0.163,0.889,0.0792,363.28,2888.05,200,288.81,0.0,1.039,0.053,0.119,0.0,0.145,0,0,Normal,4.06,2.28,0.45,0.0,0,None
2026-03-11 15:45:00,34.1,0,0,0,225.69,1.08,0.221,0.101,0.91,0.0552,363.33,2888.49,200,288.85,0.0,1.039,0.043,0.02,0.0,0.158,0,0,Normal,2.86,2.13,0.64,0.0,0,None
2026-03-11 16:00:00,32.14,0,0,0,228.28,1.01,0.218,0.077,0.943,0.0545,363.39,2888.92,200,288.89,0.0,1.039,0.048,0.02,0.0,0.15,0,0,Normal,3.89,2.56,0.66,0.0,0,None
2026-03-11 16:15:00,33.01,0,0,0,226.51,0.91,0.185,0.091,0.898,0.0462,363.43,2889.29,200,288.93,0.0,1.039,0.053,0.02,0.0,0.112,0,0,Normal,2.73,1.41,0.91,0.0,0,None
2026-03-11 16:30:00,32.11,0,0,0,226.92,1.17,0.253,0.08,0.953,0.0632,363.5,2889.8,200,288.98,0.0,1.039,0.057,0.02,0.0,0.176,0,0,Normal,4.25,1.71,0.76,0.0,0,None
2026-03-11 16:45:00,33.21,0,0,0,225.95,1.68,0.351,0.144,0.925,0.0878,363.58,2890.49,200,289.05,0.0,1.039,0.043,0.124,0.0,0.184,0,0,Normal,2.46,2.81,0.68,0.0,0,None
2026-03-11 17:00:00,32.24,0,0,0,224.85,2.0,0.4,0.204,0.891,0.1,363.68,2891.29,200,289.13,0.0,1.039,0.05,0.118,0.0,0.232,0,0,Normal,2.48,2.65,0.8,0.0,0,None
2026-03-11 17:15:00,32.77,0,0,0,225.89,1.63,0.336,0.15,0.913,0.084,363.77,2891.96,200,289.2,0.0,1.039,0.067,0.02,0.0,0.249,0,0,Normal,2.35,2.4,0.35,0.0,0,None
2026-03-11 17:30:00,32.84,0,0,0,225.93,1.09,0.219,0.111,0.892,0.0548,363.82,2892.39,200,289.24,0.0,1.039,0.073,0.02,0.0,0.126,0,0,Normal,3.86,3.5,0.61,0.0,0,None
2026-03-11 17:45:00,32.34,0,0,0,226.55,0.71,0.149,0.059,0.929,0.0372,363.86,2892.69,200,289.27,0.0,1.039,0.026,0.02,0.0,0.103,0,0,Normal,4.48,2.38,0.44,0.0,0,None
2026-03-11 18:00:00,30.75,1,0,1,226.0,13.67,2.928,0.982,0.948,0.732,364.59,2898.51,200,289.85,2.24,1.039,0.343,0.02,0.0,0.325,0,0,Normal,3.05,1.97,0.67,0.0,0,None
2026-03-11 18:15:00,31.24,1,0,1,228.62,14.96,3.26,1.034,0.953,0.815,365.41,2904.99,200,290.5,2.334,1.039,0.353,0.125,0.0,0.448,0,0,Normal,3.66,1.45,0.86,0.0,0,None
2026-03-11 18:30:00,30.74,1,0,1,225.68,14.37,2.997,1.24,0.924,0.7493,366.16,2910.94,200,291.09,2.16,1.039,0.352,0.119,0.0,0.366,0,0,Normal,4.09,1.14,0.62,0.0,0,None
2026-03-11 18:45:00,31.0,1,0,1,226.34,14.3,3.045,1.095,0.941,0.7612,366.92,2916.99,200,291.7,2.317,1.04,0.331,0.02,0.0,0.377,0,0,Normal,4.47,1.72,0.66,0.0,0,None
2026-03-11 19:00:00,30.05,1,0,1,225.92,19.73,4.093,1.768,0.918,1.0232,367.94,2925.13,200,292.51,1.979,1.04,0.342,0.02,1.432,0.32,0,0,Normal,2.45,3.68,0.52,0.0,0,None
2026-03-11 19:15:00,29.27,1,0,1,227.38,19.47,4.015,1.867,0.907,1.0038,368.94,2933.11,200,293.31,1.493,1.04,0.357,0.02,1.766,0.379,0,0,Normal,4.08,3.11,0.42,0.0,0,None
2026-03-11 19:30:00,29.96,1,0,1,224.97,19.44,3.891,1.995,0.89,0.9727,369.92,2940.84,200,294.08,1.789,1.04,0.383,0.02,1.343,0.356,0,0,Normal,2.1,2.69,0.93,0.0,0,None
2026-03-11 19:45:00,29.89,1,0,1,225.96,19.27,4.008,1.7,0.921,1.002,370.92,2948.81,200,294.88,1.85,1.04,0.361,0.125,1.474,0.198,0,0,Normal,3.26,1.44,0.95,0.0,0,None
2026-03-11 20:00:00,27.52,1,0,1,227.61,16.78,3.471,1.591,0.909,0.8678,371.79,2955.71,200,295.57,0.922,1.04,0.36,0.129,1.61,0.45,0,0,Normal,3.95,3.78,0.91,0.0,0,None
2026-03-11 20:15:00,28.49,1,0,1,226.64,19.27,3.873,2.017,0.887,0.9682,372.76,2963.4,200,296.34,1.287,1.04,0.344,0.02,1.835,0.387,0,0,Normal,3.8,1.65,0.57,0.0,0,None
2026-03-11 20:30:00,28.35,1,0,1,227.89,15.85,3.205,1.668,0.887,0.8012,373.56,2969.77,200,296.98,1.223,1.04,0.341,0.02,1.296,0.325,0,0,Normal,2.59,3.49,0.23,0.0,0,None
2026-03-11 20:45:00,28.05,1,0,1,228.69,17.49,3.667,1.599,0.917,0.9168,374.47,2977.06,200,297.71,1.005,1.04,0.352,0.02,1.819,0.471,0,0,Normal,3.48,3.58,0.99,0.0,0,None
2026-03-11 21:00:00,26.07,1,0,1,228.17,13.44,2.701,1.451,0.881,0.6752,375.15,2982.43,200,298.24,0.251,1.04,0.365,0.02,1.68,0.385,0,0,Normal,2.25,3.74,0.33,0.0,0,None
2026-03-11 21:15:00,26.02,1,0,1,228.47,14.35,3.099,1.069,0.945,0.7747,375.92,2988.59,200,298.86,0.243,1.04,0.339,0.119,1.977,0.421,0,0,Normal,2.35,3.65,0.61,0.0,0,None
2026-03-11 21:30:00,26.18,1,0,1,227.83,12.53,2.552,1.279,0.894,0.638,376.56,2993.66,200,299.37,0.294,1.04,0.346,0.116,1.448,0.348,0,0,Normal,2.8,2.64,0.99,0.0,0,None
2026-03-11 21:45:00,26.72,1,0,1,229.01,11.43,2.417,1.007,0.923,0.6043,377.17,2998.47,200,299.85,0.523,1.04,0.345,0.02,1.204,0.325,0,0,Normal,2.01,1.41,0.59,0.0,0,None
2026-03-11 22:00:00,24.52,1,0,1,228.92,3.42,0.702,0.346,0.897,0.1755,377.34,2999.86,200,299.99,0.0,1.04,0.348,0.02,0.0,0.334,0,0,Normal,4.39,2.96,0.61,0.0,0,None
2026-03-11 22:15:00,25.22,1,0,1,227.91,3.45,0.739,0.267,0.94,0.1848,377.53,3001.33,200,300.13,0.0,1.04,0.355,0.02,0.0,0.364,0,0,Normal,4.04,1.21,0.73,0.0,0,None
2026-03-11 22:30:00,24.38,1,0,1,227.73,3.89,0.847,0.257,0.957,0.2118,377.74,3003.01,200,300.3,0.0,1.04,0.35,0.02,0.0,0.477,0,0,Normal,2.78,3.45,0.49,0.0,0,None
2026-03-11 22:45:00,24.9,1,0,1,228.35,4.7,0.959,0.48,0.894,0.2398,377.98,3004.92,200,300.49,0.0,1.04,0.34,0.124,0.0,0.495,0,0,Normal,4.25,2.15,0.46,0.0,0,None
2026-03-11 23:00:00,23.81,1,0,1,228.38,4.05,0.854,0.357,0.923,0.2135,378.19,3006.62,200,300.66,0.0,1.04,0.342,0.119,0.0,0.393,0,0,Normal,3.35,1.97,0.95,0.0,0,None
2026-03-11 23:15:00,24.98,1,0,1,228.35,3.74,0.785,0.335,0.92,0.1962,378.39,3008.18,200,300.82,0.0,1.04,0.348,0.02,0.0,0.417,0,0,Normal,2.19,1.65,0.29,0.0,0,None
2026-03-11 23:30:00,23.07,1,0,1,228.35,3.59,0.729,0.377,0.888,0.1822,378.57,3009.63,200,300.96,0.0,1.04,0.345,0.02,0.0,0.364,0,0,Normal,2.99,1.49,0.3,0.0,0,None
2026-03-11 23:45:00,24.49,1,0,1,229.6,3.38,0.714,0.305,0.92,0.1785,378.75,3011.04,200,301.1,0.0,1.04,0.355,0.02,0.0,0.339,0,0,Normal,2.92,2.16,0.45,0.0,0,None
2026-03-12 00:00:00,22.88,1,0,0,231.0,3.98,0.828,0.397,0.902,0.207,378.95,3012.69,200,301.27,0.0,1.04,0.36,0.02,0.0,0.448,0,0,Normal,3.67,1.42,0.68,0.0,0,None
2026-03-12 00:15:00,23.01,1,0,0,229.82,3.92,0.821,0.369,0.912,0.2052,379.16,3014.32,200,301.43,0.0,1.04,0.374,0.123,0.0,0.324,0,0,Normal,4.23,2.0,0.93,0.0,0,None
2026-03-12 00:30:00,22.86,1,0,0,229.19,4.18,0.88,0.38,0.918,0.22,379.38,3016.07,200,301.61,0.0,1.04,0.355,0.134,0.0,0.391,0,0,Normal,3.44,2.38,0.98,0.0,0,None
2026-03-12 00:45:00,23.03,1,0,0,231.44,2.93,0.621,0.272,0.916,0.1552,379.54,3017.31,200,301.73,0.0,1.04,0.334,0.02,0.0,0.267,0,0,Normal,3.42,1.65,0.34,0.0,0,None
2026-03-12 01:00:00,22.13,1,0,0,231.32,3.11,0.686,0.219,0.953,0.1715,379.71,3018.67,200,301.87,0.0,1.04,0.361,0.02,0.0,0.305,0,0,Normal,2.24,1.12,0.66,0.0,0,None
2026-03-12 01:15:00,22.93,1,0,0,230.96,3.1,0.662,0.273,0.924,0.1655,379.87,3019.98,200,302.0,0.0,1.041,0.338,0.02,0.0,0.304,0,0,Normal,2.04,2.46,0.23,0.0,0,None
2026-03-12 01:30:00,21.98,1,0,0,231.51,3.0,0.647,0.255,0.93,0.1618,380.03,3021.27,200,302.13,0.0,1.041,0.344,0.02,0.0,0.283,0,0,Normal,2.81,3.61,0.68,0.0,0,None
2026-03-12 01:45:00,22.77,1,0,0,229.94,4.54,0.959,0.413,0.919,0.2398,380.27,3023.18,200,302.32,0.0,1.041,0.358,0.128,0.0,0.473,0,0,Normal,2.05,1.2,0.98,0.0,0,None
2026-03-12 02:00:00,21.68,1,0,0,233.79,3.71,0.817,0.295,0.941,0.2042,380.48,3024.8,200,302.48,0.0,1.041,0.348,0.108,0.0,0.361,0,0,Normal,2.95,3.97,0.91,0.0,0,None
2026-03-12 02:15:00,21.97,1,0,0,231.53,3.35,0.689,0.357,0.888,0.1723,380.65,3026.17,200,302.62,0.0,1.041,0.346,0.02,0.0,0.323,0,0,Normal,2.73,1.22,0.68,0.0,0,None
2026-03-12 02:30:00,21.46,1,0,0,232.95,3.78,0.84,0.261,0.955,0.21,380.86,3027.84,200,302.78,0.0,1.041,0.328,0.02,0.0,0.492,0,0,Normal,3.16,2.26,0.23,0.0,0,None
2026-03-12 02:45:00,22.23,1,0,0,233.59,3.85,0.82,0.367,0.913,0.205,381.07,3029.47,200,302.95,0.0,1.041,0.345,0.02,0.0,0.455,0,0,Normal,2.43,3.26,0.45,0.0,0,None
2026-03-12 03:00:00,22.93,1,0,0,231.57,3.89,0.839,0.329,0.931,0.2098,381.28,3031.14,200,303.11,0.0,1.041,0.346,0.02,0.0,0.473,0,0,Normal,2.84,1.33,0.53,0.0,0,None
2026-03-12 03:15:00,22.17,1,0,0,232.59,4.52,0.995,0.339,0.946,0.2488,381.52,3033.11,200,303.31,0.0,1.041,0.343,0.126,0.0,0.526,0,0,Normal,2.11,3.88,0.57,0.0,0,None
2026-03-12 03:30:00,22.11,1,0,0,231.11,3.9,0.806,0.401,0.895,0.2015,381.73,3034.72,200,303.47,0.0,1.041,0.346,0.122,0.0,0.338,0,0,Normal,2.08,3.16,0.21,0.0,0,None
2026-03-12 03:45:00,21.65,1,0,0,234.47,3.24,0.713,0.261,0.939,0.1783,381.9,3036.13,200,303.61,0.0,1.041,0.338,0.02,0.0,0.355,0,0,Normal,3.74,3.82,0.51,0.0,0,None
2026-03-12 04:00:00,22.69,1,0,0,233.31,3.1,0.688,0.222,0.952,0.172,382.08,3037.5,200,303.75,0.0,1.041,0.336,0.02,0.0,0.332,0,0,Normal,2.67,2.43,0.78,0.0,0,None
2026-03-12 04:15:00,22.01,1,0,0,232.52,3.59,0.79,0.269,0.947,0.1975,382.27,3039.07,200,303.91,0.0,1.041,0.342,0.02,0.0,0.428,0,0,Normal,2.43,3.57,0.4,0.0,0,None
2026-03-12 04:30:00,22.35,1,0,0,234.71,3.3,0.738,0.233,0.953,0.1845,382.46,3040.54,200,304.05,0.0,1.041,0.355,0.02,0.0,0.363,0,0,Normal,2.85,3.65,0.94,0.0,0,None
2026-03-12 04:45:00,22.92,1,0,0,233.73,3.98,0.865,0.343,0.93,0.2162,382.67,3042.26,200,304.23,0.0,1.041,0.329,0.116,0.0,0.42,0,0,Normal,4.27,2.35,0.32,0.0,0,None
2026-03-12 05:00:00,24.42,1,0,0,232.49,4.31,0.95,0.316,0.949,0.2375,382.91,3044.14,200,304.41,0.0,1.041,0.356,0.113,0.0,0.481,0,0,Normal,2.49,2.72,0.57,0.0,0,None
2026-03-12 05:15:00,25.16,1,0,0,236.72,3.66,0.806,0.32,0.929,0.2015,383.11,3045.75,200,304.57,0.0,1.041,0.356,0.02,0.0,0.43,0,0,Normal,3.0,1.38,0.93,0.0,0,None
2026-03-12 05:30:00,23.46,1,0,0,231.91,3.41,0.737,0.288,0.932,0.1842,383.3,3047.21,200,304.72,0.0,1.041,0.362,0.02,0.0,0.355,0,0,Normal,2.75,1.86,0.27,0.0,0,None
2026-03-12 05:45:00,24.48,1,0,0,236.32,3.7,0.795,0.367,0.908,0.1987,383.5,3048.79,200,304.88,0.0,1.041,0.344,0.02,0.0,0.431,0,0,Normal,2.47,1.34,0.95,0.0,0,None
2026-03-12 06:00:00,25.12,1,0,0,235.04,11.77,2.48,1.228,0.896,0.62,384.12,3053.72,200,305.37,0.0,1.041,0.349,0.02,1.848,0.263,0,0,Normal,4.02,2.63,0.77,0.0,0,None
2026-03-12 06:15:00,24.92,1,0,0,233.65,10.75,2.221,1.171,0.885,0.5552,384.67,3058.13,200,305.81,0.0,1.041,0.362,0.117,1.382,0.36,0,0,Normal,2.66,2.44,0.33,0.0,0,None
2026-03-12 06:30:00,25.22,1,0,0,232.82,11.73,2.61,0.808,0.955,0.6525,385.32,3063.32,200,306.33,0.0,1.041,0.341,0.116,1.88,0.273,0,0,Normal,2.93,1.84,0.63,0.0,0,None
2026-03-12 06:45:00,25.03,1,0,0,232.31,11.57,2.571,0.784,0.956,0.6428,385.97,3068.43,200,306.84,0.0,1.041,0.333,0.02,1.864,0.354,0,0,Normal,3.97,4.0,0.33,0.0,0,None
2026-03-12 07:00:00,26.5,1,0,0,233.94,14.12,2.984,1.418,0.903,0.746,386.71,3074.36,200,307.44,0.473,1.041,0.05,0.02,1.982,0.459,0,0,Normal,3.82,2.6,0.82,0.0,0,None
2026-03-12 07:15:00,26.24,1,0,0,234.66,10.26,2.301,0.712,0.955,0.5752,387.29,3078.94,200,307.89,0.267,1.041,0.045,0.02,1.565,0.404,0,0,Normal,2.32,1.65,0.99,0.0,0,None
2026-03-12 07:30:00,25.75,1,0,0,233.18,10.0,2.188,0.809,0.938,0.547,387.83,3083.28,200,308.33,0.041,1.041,0.051,0.02,1.746,0.33,0,0,Normal,3.83,2.01,0.63,0.0,0,None
2026-03-12 07:45:00,25.68,1,0,0,233.52,9.99,2.077,1.063,0.89,0.5192,388.35,3087.41,200,308.74,0.125,1.042,0.04,0.114,1.527,0.271,0,0,Normal,4.49,2.22,0.98,0.0,0,None
2026-03-12 08:00:00,28.33,1,0,0,233.43,13.63,2.814,1.484,0.884,0.7035,389.06,3093.01,200,309.3,1.211,1.042,0.045,0.124,1.223,0.211,0,0,Normal,2.65,3.48,0.35,0.0,0,None
2026-03-12 08:15:00,27.86,1,0,0,234.89,14.18,3.154,1.072,0.947,0.7885,389.85,3099.27,200,309.93,0.981,1.042,0.054,0.02,1.685,0.414,0,0,Normal,2.27,3.67,0.37,0.0,0,None
2026-03-12 08:30:00,27.7,1,0,0,232.74,13.72,2.95,1.222,0.924,0.7375,390.58,3105.14,200,310.51,0.889,1.042,0.051,0.02,1.615,0.375,0,0,Normal,2.38,1.1,0.91,0.0,0,None
2026-03-12 08:45:00,28.0,1,0,0,231.52,13.31,2.907,1.025,0.943,0.7268,391.31,3110.91,200,311.09,0.899,1.042,0.049,0.02,1.647,0.292,0,0,Normal,2.48,3.09,0.67,0.0,0,None
2026-03-12 09:00:00,29.95,0,0,0,231.92,0.87,0.185,0.081,0.916,0.0462,391.36,3111.28,200,311.13,0.0,1.042,0.028,0.02,0.0,0.137,0,0,Normal,4.16,2.03,0.83,0.0,0,None
2026-03-12 09:15:00,29.64,0,0,0,231.59,1.86,0.395,0.175,0.915,0.0988,391.46,3112.07,200,311.21,0.0,1.042,0.04,0.12,0.0,0.235,0,0,Normal,3.42,1.18,0.48,0.0,0,None
2026-03-12 09:30:00,29.22,0,0,0,231.23,1.61,0.35,0.125,0.942,0.0875,391.54,3112.76,200,311.28,0.0,1.042,0.038,0.117,0.0,0.195,0,0,Normal,2.16,3.17,0.76,0.0,0,None
2026-03-12 09:45:00,30.17,0,0,0,230.18,1.44,0.314,0.104,0.949,0.0785,391.62,3113.39,200,311.34,0.0,1.042,0.077,0.02,0.0,0.217,0,0,Normal,2.15,2.9,1.0,0.0,0,None
2026-03-12 10:00:00,31.79,0,0,0,229.82,1.04,0.21,0.112,0.882,0.0525,391.67,3113.8,200,311.38,0.0,1.042,0.047,0.02,0.0,0.143,0,0,Normal,3.92,2.57,0.38,0.0,0,None
2026-03-12 10:15:00,31.25,0,0,0,230.49,1.05,0.226,0.085,0.937,0.0565,391.73,3114.25,200,311.43,0.0,1.042,0.043,0.02,0.0,0.163,0,0,Normal,4.3,1.9,0.37,0.0,0,None
2026-03-12 10:30:00,31.49,0,0,0,232.67,1.1,0.233,0.104,0.914,0.0582,391.79,3114.72,200,311.47,0.0,1.042,0.054,0.02,0.0,0.159,0,0,Normal,3.86,1.56,0.77,0.0,0,None
2026-03-12 10:45:00,31.62,0,0,0,231.29,1.61,0.33,0.175,0.884,0.0825,391.87,3115.37,200,311.54,0.0,1.042,0.033,0.122,0.0,0.175,0,0,Normal,2.38,1.05,0.46,0.0,0,None
2026-03-12 11:00:00,32.81,0,0,0,231.38,1.27,0.259,0.137,0.884,0.0648,391.94,3115.89,200,311.59,0.0,1.042,0.053,0.114,0.0,0.092,0,0,Normal,3.58,1.17,0.94,0.0,0,None
2026-03-12 11:15:00,32.55,0,0,0,229.7,1.31,0.265,0.141,0.882,0.0662,392.0,3116.41,200,311.64,0.0,1.042,0.063,0.02,0.0,0.182,0,0,Normal,4.16,3.4,0.7,0.0,0,None
2026-03-12 11:30:00,32.54,0,0,0,231.38,1.4,0.31,0.098,0.954,0.0775,392.08,3117.03,200,311.7,0.0,1.042,0.06,0.02,0.0,0.23,0,0,Normal,4.22,2.76,0.29,0.0,0,None
2026-03-12 11:45:00,32.5,0,0,0,229.39,1.25,0.269,0.097,0.94,0.0672,392.15,3117.56,200,311.76,0.0,1.042,0.043,0.02,0.0,0.206,0,0,Normal,3.79,1.33,0.56,0.0,0,None
2026-03-12 12:00:00,32.65,0,0,0,230.5,1.28,0.269,0.123,0.909,0.0672,392.21,3118.1,200,311.81,0.0,1.042,0.068,0.02,0.0,0.181,0,0,Normal,3.4,1.12,0.63,0.0,0,None
2026-03-12 12:15:00,33.55,0,0,0,229.88,1.35,0.275,0.144,0.886,0.0688,392.28,3118.65,200,311.86,0.0,1.042,0.067,0.116,0.0,0.092,0,0,Normal,2.12,3.41,0.6,0.0,0,None
2026-03-12 12:30:00,32.52,0,0,0,227.94,1.73,0.356,0.169,0.904,0.089,392.37,3119.35,200,311.94,0.0,1.042,0.03,0.124,0.0,0.202,0,0,Normal,4.4,3.86,0.52,0.0,0,None
2026-03-12 12:45:00,32.8,0,0,0,228.48,1.41,0.307,0.101,0.95,0.0768,392.45,3119.96,200,312.0,0.0,1.042,0.05,0.02,0.0,0.237,0,0,Normal,4.38,1.37,0.66,0.0,0,None
2026-03-12 13:00:00,34.45,0,0,0,230.79,0.98,0.21,0.085,0.927,0.0525,392.5,3120.38,200,312.04,0.0,1.042,0.044,0.02,0.0,0.146,0,0,Normal,3.38,2.9,0.38,0.0,0,None
2026-03-12 13:15:00,34.22,0,0,0,226.76,1.08,0.225,0.098,0.918,0.0562,392.56,3120.83,200,312.08,0.0,1.042,0.041,0.02,0.0,0.164,0,0,Normal,2.94,3.35,0.25,0.0,0,None
2026-03-12 13:30:00,34.54,0,0,0,227.16,0.99,0.212,0.077,0.94,0.053,392.61,3121.25,200,312.12,0.0,1.042,0.044,0.02,0.0,0.148,0,0,Normal,2.96,1.04,0.56,0.0,0,None
2026-03-12 13:45:00,33.66,0,0,0,227.71,2.01,0.404,0.216,0.882,0.101,392.71,3122.05,200,312.21,0.0,1.042,0.041,0.124,0.0,0.239,0,0,Normal,2.66,2.93,0.74,0.0,0,None
2026-03-12 14:00:00,33.42,0,0,0,227.79,1.34,0.279,0.127,0.911,0.0698,392.78,3122.61,200,312.26,0.0,1.042,0.062,0.12,0.0,0.097,0,0,Normal,3.78,3.1,0.9,0.0,0,None
2026-03-12 14:15:00,33.88,0,0,0,227.57,0.73,0.153,0.067,0.917,0.0382,392.82,3122.91,200,312.29,0.0,1.043,0.051,0.02,0.0,0.082,0,0,Normal,2.93,3.41,0.7,0.0,0,None
2026-03-12 14:30:00,34.05,0,0,0,229.36,1.48,0.313,0.133,0.92,0.0782,392.9,3123.53,200,312.35,0.0,1.043,0.051,0.02,0.0,0.242,0,0,Normal,2.33,3.43,0.29,0.0,0,None
2026-03-12 14:45:00,34.04,0,0,0,226.99,0.83,0.171,0.077,0.911,0.0427,392.94,3123.87,200,312.39,0.0,1.043,0.064,0.02,0.0,0.087,0,0,Normal,2.86,2.87,0.89,0.0,0,None
2026-03-12 15:00:00,34.36,0,0,0,227.23,0.96,0.196,0.097,0.895,0.049,392.99,3124.26,200,312.43,0.0,1.043,0.047,0.02,0.0,0.129,0,0,Normal,3.57,3.79,0.4,0.0,0,None
2026-03-12 15:15:00,33.61,0,0,0,228.05,1.4,0.286,0.14,0.898,0.0715,393.06,3124.83,200,312.48,0.0,1.043,0.052,0.124,0.0,0.11,0,0,Normal,3.97,2.71,0.26,0.0,0,None
2026-03-12 15:30:00,33.97,0,0,0,227.34,1.28,0.27,0.106,0.93,0.0675,393.13,3125.37,200,312.54,0.0,1.043,0.04,0.121,0.0,0.109,0,0,Normal,3.02,3.66,0.97,0.0,0,None
2026-03-12 15:45:00,33.3,0,0,0,226.59,1.2,0.255,0.094,0.939,0.0638,393.19,3125.87,200,312.59,0.0,1.043,0.052,0.02,0.0,0.183,0,0,Normal,3.15,2.28,0.61,0.0,0,None
2026-03-12 16:00:00,33.42,0,0,0,227.51,0.95,0.204,0.072,0.944,0.051,393.24,3126.28,200,312.63,0.0,1.043,0.072,0.02,0.0,0.112,0,0,Normal,3.48,1.39,0.64,0.0,0,None
2026-03-12 16:15:00,33.2,0,0,0,224.3,1.07,0.214,0.109,0.891,0.0535,393.3,3126.71,200,312.67,0.0,1.043,0.056,0.02,0.0,0.138,0,0,Normal,2.62,3.39,0.82,0.0,0,None
2026-03-12 16:30:00,32.82,0,0,0,225.85,0.75,0.159,0.061,0.933,0.0398,393.34,3127.02,200,312.7,0.0,1.043,0.045,0.02,0.0,0.094,0,0,Normal,3.52,2.69,0.25,0.0,0,None
2026-03-12 16:45:00,33.08,0,0,0,226.84,1.75,0.376,0.128,0.946,0.094,393.43,3127.77,200,312.78,0.0,1.043,0.045,0.118,0.0,0.213,0,0,Normal,2.63,1.45,0.44,0.0,0,None
2026-03-12 17:00:00,32.15,0,0,0,227.24,1.37,0.29,0.111,0.934,0.0725,393.5,3128.34,200,312.83,0.0,1.043,0.048,0.119,0.0,0.123,0,0,Normal,3.65,1.19,0.28,0.0,0,None
2026-03-12 17:15:00,32.11,0,0,0,227.63,0.88,0.178,0.09,0.893,0.0445,393.55,3128.7,200,312.87,0.0,1.043,0.057,0.02,0.0,0.101,0,0,Normal,4.03,2.02,0.45,0.0,0,None
2026-03-12 17:30:00,33.13,0,0,0,226.36,0.99,0.2,0.1,0.895,0.05,393.6,3129.1,200,312.91,0.0,1.043,0.043,0.02,0.0,0.137,0,0,Normal,2.84,1.3,0.45,0.0,0,None
2026-03-12 17:45:00,32.19,0,0,0,226.49,1.18,0.25,0.096,0.934,0.0625,393.66,3129.59,200,312.96,0.0,1.043,0.052,0.02,0.0,0.178,0,0,Normal,4.29,3.16,0.41,0.0,0,None
2026-03-12 18:00:00,30.88,1,0,1,226.64,15.01,3.028,1.552,0.89,0.757,394.42,3135.61,200,313.56,2.225,1.043,0.35,0.02,0.0,0.433,0,0,Normal,4.45,1.88,0.35,0.0,0,None
2026-03-12 18:15:00,29.95,1,0,1,225.54,13.44,2.767,1.236,0.913,0.6918,395.11,3141.11,200,314.11,1.829,1.043,0.36,0.124,0.0,0.454,0,0,Normal,3.54,3.67,0.67,0.0,0,None
2026-03-12 18:30:00,30.55,1,0,1,223.64,14.65,2.973,1.375,0.908,0.7433,395.85,3147.02,200,314.7,1.991,1.043,0.345,0.112,0.0,0.525,0,0,Normal,2.16,1.77,0.53,0.0,0,None
2026-03-12 18:45:00,30.87,1,0,1,226.95,14.37,2.97,1.349,0.91,0.7425,396.59,3152.92,200,315.29,2.297,1.043,0.366,0.02,0.0,0.287,0,0,Normal,3.13,1.21,0.49,0.0,0,None
2026-03-12 19:00:00,29.21,1,0,1,227.75,17.29,3.487,1.832,0.885,0.8718,397.47,3159.85,200,315.99,1.497,1.043,0.355,0.02,1.376,0.239,0,0,Normal,3.03,3.73,0.24,0.0,0,None
2026-03-12 19:15:00,30.24,1,0,1,226.23,20.63,4.469,1.345,0.958,1.1172,398.58,3168.73,200,316.87,1.976,1.043,0.34,0.02,1.795,0.338,0,0,Normal,3.31,3.53,0.78,0.0,0,None
2026-03-12 19:30:00,29.47,1,0,1,224.92,19.0,3.787,1.982,0.886,0.9468,399.53,3176.26,200,317.63,1.756,1.043,0.339,0.02,1.249,0.423,0,0,Normal,2.51,1.39,0.85,0.0,0,None
2026-03-12 19:45:00,30.2,1,0,1,225.34,20.28,4.081,2.056,0.893,1.0203,400.55,3304.54,230,330.45,2.009,1.043,0.343,0.119,1.203,0.407,0,0,Normal,4.19,3.56,0.61,0.0,0,None
2026-03-12 20:00:00,28.03,1,0,1,228.12,18.44,3.971,1.39,0.944,0.9928,401.54,3312.73,230,331.27,1.031,1.043,0.344,0.12,1.973,0.503,0,0,Normal,2.32,3.32,0.81,0.0,0,None
2026-03-12 20:15:00,28.02,1,0,1,227.83,19.31,3.881,2.074,0.882,0.9702,402.51,3320.73,230,332.07,1.183,1.043,0.341,0.02,1.932,0.405,0,0,Normal,3.35,2.39,0.28,0.0,0,None
2026-03-12 20:30:00,27.96,1,0,1,227.45,15.54,3.194,1.514,0.904,0.7985,403.31,3327.32,230,332.73,1.082,1.043,0.359,0.02,1.339,0.394,0,0,Normal,4.02,2.95,0.27,0.0,0,None
2026-03-12 20:45:00,28.0,1,0,1,227.62,17.5,3.52,1.863,0.884,0.88,404.19,3334.58,230,333.46,1.0,1.044,0.358,0.02,1.811,0.331,0,0,Normal,2.54,1.84,0.6,0.0,0,None
2026-03-12 21:00:00,27.31,1,0,1,229.03,15.28,3.187,1.443,0.911,0.7968,404.99,3341.15,230,334.12,0.732,1.044,0.349,0.02,1.766,0.32,0,0,Normal,2.73,3.62,0.99,0.0,0,None
2026-03-12 21:15:00,25.29,1,0,1,228.4,10.53,2.259,0.826,0.939,0.5648,405.55,3345.81,230,334.58,0.0,1.044,0.354,0.119,1.553,0.233,0,0,Normal,3.71,1.5,0.64,0.0,0,None
2026-03-12 21:30:00,25.45,1,0,1,228.49,10.88,2.337,0.844,0.94,0.5843,406.14,3350.63,230,335.06,0.024,1.044,0.35,0.116,1.421,0.426,0,0,Normal,3.07,2.08,0.93,0.0,0,None
2026-03-12 21:45:00,26.18,1,0,1,226.6,13.16,2.697,1.27,0.905,0.6742,406.81,3356.19,230,335.62,0.306,1.044,0.359,0.02,1.66,0.352,0,0,Normal,3.6,2.01,0.32,0.0,0,None
2026-03-12 22:00:00,25.01,1,0,1,227.61,3.33,0.722,0.231,0.952,0.1805,406.99,3357.68,230,335.77,0.0,1.044,0.35,0.02,0.0,0.352,0,0,Normal,2.86,1.83,0.52,0.0,0,None
2026-03-12 22:15:00,25.35,1,0,1,227.91,3.17,0.694,0.204,0.959,0.1735,407.17,3359.12,230,335.91,0.0,1.044,0.341,0.02,0.0,0.333,0,0,Normal,4.32,3.48,0.55,0.0,0,None
2026-03-12 22:30:00,25.24,1,0,1,228.5,3.27,0.694,0.28,0.928,0.1735,407.34,3360.55,230,336.05,0.0,1.044,0.361,0.02,0.0,0.313,0,0,Normal,4.34,3.29,0.57,0.0,0,None
2026-03-12 22:45:00,24.81,1,0,1,230.0,3.54,0.763,0.284,0.937,0.1907,407.53,3362.12,230,336.21,0.0,1.044,0.352,0.114,0.0,0.297,0,0,Normal,2.53,3.94,0.3,0.0,0,None
2026-03-12 23:00:00,24.27,1,0,1,229.29,3.8,0.815,0.306,0.936,0.2037,407.73,3363.8,230,336.38,0.0,1.044,0.36,0.117,0.0,0.338,0,0,Normal,3.47,1.53,0.25,0.0,0,None
2026-03-12 23:15:00,24.27,1,0,1,230.45,4.03,0.864,0.34,0.931,0.216,407.95,3365.58,230,336.56,0.0,1.044,0.335,0.02,0.0,0.509,0,0,Normal,3.7,1.82,0.99,0.0,0,None
2026-03-12 23:30:00,23.85,1,0,1,229.21,4.31,0.882,0.445,0.893,0.2205,408.17,3367.4,230,336.74,0.0,1.044,0.356,0.02,0.0,0.506,0,0,Normal,2.26,3.08,0.78,0.0,0,None
2026-03-12 23:45:00,24.24,1,0,1,229.08,3.99,0.827,0.39,0.904,0.2068,408.38,3369.11,230,336.91,0.0,1.044,0.364,0.02,0.0,0.443,0,0,Normal,3.0,3.57,0.63,0.0,0,None
2026-03-13 00:00:00,22.94,1,0,0,230.14,3.4,0.706,0.336,0.903,0.1765,408.55,3370.56,230,337.06,0.0,1.044,0.34,0.02,0.0,0.346,0,0,Normal,4.32,3.02,0.46,0.0,0,None
2026-03-13 00:15:00,22.52,1,0,0,230.7,3.84,0.814,0.348,0.92,0.2035,408.76,3372.24,230,337.22,0.0,1.044,0.352,0.123,0.0,0.339,0,0,Normal,3.63,1.26,0.28,0.0,0,None
2026-03-13 00:30:00,23.15,1,0,0,229.94,4.54,0.974,0.377,0.933,0.2435,409.0,3374.25,230,337.43,0.0,1.044,0.345,0.117,0.0,0.512,0,0,Normal,3.41,3.36,0.82,0.0,0,None
2026-03-13 00:45:00,22.86,1,0,0,231.2,3.16,0.687,0.249,0.94,0.1718,409.17,3375.67,230,337.57,0.0,1.044,0.365,0.02,0.0,0.302,0,0,Normal,4.05,1.92,0.84,0.0,0,None
2026-03-13 01:00:00,22.21,1,0,0,231.49,3.6,0.74,0.385,0.887,0.185,409.36,3377.2,230,337.72,0.0,1.044,0.338,0.02,0.0,0.382,0,0,Normal,2.8,1.44,0.61,0.0,0,None
2026-03-13 01:15:00,22.94,1,0,0,228.79,3.22,0.654,0.34,0.887,0.1635,409.52,3378.54,230,337.85,0.0,1.044,0.34,0.02,0.0,0.294,0,0,Normal,3.89,3.86,0.54,0.0,0,None
2026-03-13 01:30:00,20.98,1,0,0,231.56,3.5,0.741,0.33,0.913,0.1852,409.71,3380.07,230,338.01,0.0,1.044,0.353,0.02,0.0,0.368,0,0,Normal,2.6,3.93,0.55,0.0,0,None
2026-03-13 01:45:00,21.5,1,0,0,231.16,3.48,0.725,0.351,0.9,0.1813,409.89,3381.57,230,338.16,0.0,1.044,0.34,0.126,0.0,0.259,0,0,Normal,3.17,2.98,0.68,0.0,0,None
2026-03-13 02:00:00,21.41,1,0,0,234.52,3.91,0.815,0.422,0.888,0.2037,410.09,3383.25,230,338.32,0.0,1.044,0.343,0.113,0.0,0.359,0,0,Normal,4.33,2.92,0.6,0.0,0,None
2026-03-13 02:15:00,21.82,1,0,0,233.1,3.7,0.785,0.357,0.91,0.1962,410.29,3384.87,230,338.49,0.0,1.044,0.362,0.02,0.0,0.403,0,0,Normal,2.53,2.18,0.78,0.0,0,None
2026-03-13 02:30:00,21.87,1,0,0,233.41,3.61,0.785,0.305,0.932,0.1962,410.48,3386.49,230,338.65,0.0,1.044,0.334,0.02,0.0,0.431,0,0,Normal,3.92,1.94,0.78,0.0,0,None
2026-03-13 02:45:00,21.25,1,0,0,232.5,3.77,0.822,0.301,0.939,0.2055,410.69,3388.18,230,338.82,0.0,1.044,0.346,0.02,0.0,0.456,0,0,Normal,2.64,2.1,1.0,0.0,0,None
2026-03-13 03:00:00,21.71,1,0,0,233.43,3.15,0.703,0.213,0.957,0.1758,410.86,3389.63,230,338.96,0.0,1.044,0.369,0.02,0.0,0.314,0,0,Normal,3.73,3.88,0.48,0.0,0,None
2026-03-13 03:15:00,21.77,1,0,0,231.64,3.4,0.713,0.334,0.905,0.1782,411.04,3391.1,230,339.11,0.0,1.045,0.361,0.123,0.0,0.229,0,0,Normal,3.14,1.92,0.66,0.0,0,None
2026-03-13 03:30:00,23.43,1,0,0,232.93,3.71,0.78,0.372,0.903,0.195,411.24,3392.71,230,339.27,0.0,1.045,0.336,0.115,0.0,0.329,0,0,Normal,2.81,3.94,0.87,0.0,0,None
2026-03-13 03:45:00,23.11,1,0,0,234.58,3.18,0.666,0.337,0.892,0.1665,411.4,3394.09,230,339.41,0.0,1.045,0.354,0.02,0.0,0.292,0,0,Normal,2.25,1.88,0.53,0.0,0,None
2026-03-13 04:00:00,22.6,1,0,0,233.74,3.58,0.786,0.285,0.94,0.1965,411.6,3395.71,230,339.57,0.0,1.045,0.355,0.02,0.0,0.411,0,0,Normal,3.59,2.18,0.73,0.0,0,None
2026-03-13 04:15:00,22.62,1,0,0,232.04,2.97,0.609,0.322,0.884,0.1522,411.75,3396.96,230,339.7,0.0,1.045,0.36,0.02,0.0,0.229,0,0,Normal,3.12,2.23,0.38,0.0,0,None
2026-03-13 04:30:00,22.23,1,0,0,234.73,3.14,0.694,0.249,0.941,0.1735,411.93,3398.39,230,339.84,0.0,1.045,0.352,0.02,0.0,0.322,0,0,Normal,2.0,1.64,0.97,0.0,0,None
2026-03-13 04:45:00,21.85,1,0,0,233.12,3.65,0.763,0.377,0.897,0.1907,412.12,3399.97,230,340.0,0.0,1.045,0.348,0.125,0.0,0.29,0,0,Normal,2.29,3.19,0.83,0.0,0,None
2026-03-13 05:00:00,23.7,1,0,0,232.4,3.64,0.785,0.316,0.928,0.1962,412.31,3401.59,230,340.16,0.0,1.045,0.347,0.13,0.0,0.308,0,0,Normal,2.69,1.2,0.76,0.0,0,None
2026-03-13 05:15:00,23.26,1,0,0,232.38,3.06,0.661,0.264,0.929,0.1652,412.48,3402.95,230,340.29,0.0,1.045,0.359,0.02,0.0,0.282,0,0,Normal,3.09,3.49,0.46,0.0,0,None
2026-03-13 05:30:00,23.71,1,0,0,233.31,3.24,0.672,0.347,0.889,0.168,412.65,3404.34,230,340.43,0.0,1.045,0.337,0.02,0.0,0.315,0,0,Normal,2.32,2.92,0.86,0.0,0,None
2026-03-13 05:45:00,22.96,1,0,0,236.36,3.88,0.863,0.313,0.94,0.2158,412.86,3406.12,230,340.61,0.0,1.045,0.354,0.02,0.0,0.489,0,0,Normal,3.05,2.6,0.44,0.0,0,None
2026-03-13 06:00:00,24.62,1,0,0,234.9,9.72,2.031,1.045,0.889,0.5078,413.37,3410.3,230,341.03,0.0,1.045,0.328,0.02,1.268,0.415,0,0,Normal,2.95,1.41,0.97,0.0,0,None
2026-03-13 06:15:00,25.07,1,0,0,233.02,8.85,1.936,0.713,0.938,0.484,413.85,3414.3,230,341.43,0.0,1.045,0.342,0.117,1.219,0.258,0,0,Normal,3.98,3.29,0.83,0.0,0,None
2026-03-13 06:30:00,25.18,1,0,0,232.48,9.77,2.092,0.887,0.921,0.523,414.38,3418.61,230,341.86,0.0,1.045,0.351,0.12,1.258,0.363,0,0,Normal,4.03,1.05,0.69,0.0,0,None
2026-03-13 06:45:00,25.21,1,0,0,234.33,11.17,2.387,1.072,0.912,0.5968,414.97,3423.54,230,342.35,0.0,1.045,0.364,0.02,1.674,0.329,0,0,Normal,3.19,1.33,0.41,0.0,0,None
2026-03-13 07:00:00,25.79,1,0,0,234.7,10.65,2.278,1.031,0.911,0.5695,415.54,3428.23,230,342.82,0.153,1.045,0.034,0.02,1.774,0.297,0,0,Normal,3.31,3.89,0.27,0.0,0,None
2026-03-13 07:15:00,26.87,1,0,0,232.86,13.72,3.054,0.939,0.956,0.7635,416.31,3434.53,230,343.45,0.597,1.045,0.05,0.02,1.956,0.431,0,0,Normal,2.39,3.68,0.51,0.0,0,None
2026-03-13 07:30:00,26.05,1,0,0,233.29,12.05,2.582,1.109,0.919,0.6455,416.95,3439.86,230,343.99,0.18,1.045,0.051,0.02,1.888,0.443,0,0,Normal,2.5,1.16,0.22,0.0,0,None
2026-03-13 07:45:00,26.76,1,0,0,234.43,13.11,2.923,0.946,0.951,0.7308,417.68,3445.89,230,344.59,0.585,1.045,0.052,0.119,1.832,0.335,0,0,Normal,3.49,3.63,0.3,0.0,0,None
2026-03-13 08:00:00,27.99,1,0,0,233.06,14.08,3.097,1.085,0.944,0.7742,418.46,3452.27,230,345.23,1.125,1.045,0.047,0.113,1.301,0.511,0,0,Normal,3.6,1.11,0.51,0.0,0,None
2026-03-13 08:15:00,27.31,1,0,0,231.48,11.08,2.349,1.031,0.916,0.5873,419.04,3457.12,230,345.71,0.742,1.045,0.061,0.02,1.284,0.242,0,0,Normal,3.13,2.74,0.42,0.0,0,None
2026-03-13 08:30:00,27.84,1,0,0,232.28,13.72,3.04,0.957,0.954,0.76,419.8,3463.39,230,346.34,0.949,1.045,0.044,0.02,1.551,0.476,0,0,Normal,2.34,2.72,0.52,0.0,0,None
2026-03-13 08:45:00,28.18,1,0,0,231.96,12.85,2.82,0.965,0.946,0.705,420.51,3469.21,230,346.92,1.111,1.045,0.057,0.02,1.263,0.369,0,0,Normal,3.07,3.06,0.39,0.0,0,None
2026-03-13 09:00:00,29.86,0,0,0,231.86,1.15,0.244,0.108,0.914,0.061,420.57,3469.71,230,346.97,0.0,1.045,0.046,0.02,0.0,0.178,0,0,Normal,3.87,1.55,0.64,0.0,0,None
2026-03-13 09:15:00,29.48,0,0,0,233.86,1.18,0.25,0.116,0.907,0.0625,420.63,3470.22,230,347.02,0.0,1.045,0.046,0.108,0.0,0.096,0,0,Normal,3.89,3.22,0.77,0.0,0,None
2026-03-13 09:30:00,30.32,0,0,0,232.01,1.83,0.376,0.199,0.884,0.094,420.73,3471.0,230,347.1,0.0,1.045,0.059,0.116,0.0,0.201,0,0,Normal,2.61,2.61,0.33,0.0,0,None
2026-03-13 09:45:00,30.06,0,0,0,231.63,0.86,0.179,0.087,0.9,0.0448,420.77,3471.37,230,347.14,0.0,1.045,0.053,0.02,0.0,0.106,0,0,Normal,3.23,1.86,0.58,0.0,0,None
2026-03-13 10:00:00,30.87,0,0,0,233.66,1.43,0.301,0.148,0.898,0.0753,420.85,3471.99,230,347.2,0.0,1.046,0.049,0.02,0.0,0.232,0,0,Normal,2.44,2.92,0.42,0.0,0,None
2026-03-13 10:15:00,31.38,0,0,0,228.83,0.91,0.185,0.094,0.891,0.0462,420.89,3472.37,230,347.24,0.0,1.046,0.06,0.02,0.0,0.105,0,0,Normal,2.32,1.38,0.94,0.0,0,None
2026-03-13 10:30:00,31.97,0,0,0,231.28,1.57,0.32,0.171,0.882,0.08,420.97,3473.03,230,347.3,0.0,1.046,0.051,0.02,0.0,0.249,0,0,Normal,2.96,3.72,0.81,0.0,0,None
2026-03-13 10:45:00,31.98,0,0,0,228.84,1.78,0.374,0.159,0.92,0.0935,421.07,3473.8,230,347.38,0.0,1.046,0.04,0.116,0.0,0.218,0,0,Normal,3.81,2.52,0.33,0.0,0,None
2026-03-13 11:00:00,31.63,0,0,0,232.19,1.49,0.316,0.143,0.911,0.079,421.15,3474.45,230,347.45,0.0,1.046,0.04,0.115,0.0,0.161,0,0,Normal,3.48,3.15,0.42,0.0,0,None
2026-03-13 11:15:00,31.78,0,0,0,229.98,1.02,0.221,0.076,0.946,0.0552,421.2,3474.91,230,347.49,0.0,1.046,0.048,0.02,0.0,0.153,0,0,Normal,2.77,1.5,0.53,0.0,0,None
2026-03-13 11:30:00,32.99,0,0,0,230.58,0.8,0.173,0.064,0.938,0.0432,421.24,3475.27,230,347.53,0.0,1.046,0.055,0.02,0.0,0.098,0,0,Normal,4.21,1.03,0.36,0.0,0,None
2026-03-13 11:45:00,31.71,0,0,0,230.17,0.85,0.187,0.057,0.956,0.0468,421.29,3475.65,230,347.57,0.0,1.046,0.035,0.02,0.0,0.132,0,0,Normal,4.28,3.77,0.5,0.0,0,None
2026-03-13 12:00:00,32.53,0,0,0,229.21,1.11,0.236,0.097,0.924,0.059,421.35,3476.14,230,347.61,0.0,1.046,0.049,0.02,0.0,0.167,0,0,Normal,3.35,1.66,0.59,0.0,0,None
2026-03-13 12:15:00,32.95,0,0,0,231.05,1.31,0.288,0.096,0.948,0.072,421.42,3476.73,230,347.67,0.0,1.046,0.05,0.117,0.0,0.121,0,0,Normal,3.47,2.76,0.61,0.0,0,None
2026-03-13 12:30:00,33.41,0,0,0,230.11,1.46,0.306,0.136,0.914,0.0765,421.5,3477.36,230,347.74,0.0,1.046,0.049,0.118,0.0,0.139,0,0,Normal,3.25,3.03,0.97,0.0,0,None
2026-03-13 12:45:00,33.14,0,0,0,229.79,1.16,0.254,0.079,0.955,0.0635,421.56,3477.89,230,347.79,0.0,1.046,0.062,0.02,0.0,0.172,0,0,Normal,3.38,3.23,0.21,0.0,0,None
2026-03-13 13:00:00,33.47,0,0,0,228.27,1.07,0.215,0.114,0.884,0.0538,421.62,3478.33,230,347.83,0.0,1.046,0.039,0.02,0.0,0.156,0,0,Normal,3.02,2.68,0.26,0.0,0,None
2026-03-13 13:15:00,33.46,0,0,0,229.81,1.19,0.243,0.126,0.887,0.0608,421.68,3478.83,230,347.88,0.0,1.046,0.066,0.02,0.0,0.157,0,0,Normal,2.54,3.37,0.45,0.0,0,None
2026-03-13 13:30:00,33.44,0,0,0,228.87,1.32,0.267,0.143,0.882,0.0668,421.74,3479.38,230,347.94,0.0,1.046,0.056,0.02,0.0,0.191,0,0,Normal,3.87,1.24,0.9,0.0,0,None
2026-03-13 13:45:00,33.36,0,0,0,228.31,1.68,0.354,0.15,0.921,0.0885,421.83,3480.11,230,348.01,0.0,1.046,0.052,0.108,0.0,0.194,0,0,Normal,3.29,1.21,0.48,0.0,0,None
2026-03-13 14:00:00,35.14,0,0,0,226.28,1.91,0.398,0.167,0.922,0.0995,421.93,3480.93,230,348.09,0.0,1.046,0.062,0.123,0.0,0.213,0,0,Normal,4.48,2.99,0.82,0.0,0,None
2026-03-13 14:15:00,34.15,0,0,0,227.31,0.79,0.169,0.062,0.939,0.0422,421.97,3481.28,230,348.13,0.0,1.046,0.043,0.02,0.0,0.106,0,0,Normal,3.26,1.21,0.6,0.0,0,None
2026-03-13 14:30:00,34.44,0,0,0,226.89,1.33,0.285,0.098,0.945,0.0713,422.04,3481.87,230,348.19,0.0,1.046,0.045,0.02,0.0,0.22,0,0,Normal,2.19,3.34,0.64,0.0,0,None
2026-03-13 14:45:00,33.76,0,0,0,229.34,1.06,0.218,0.108,0.896,0.0545,422.1,3482.32,230,348.23,0.0,1.046,0.047,0.02,0.0,0.151,0,0,Normal,3.25,2.18,0.94,0.0,0,None
2026-03-13 15:00:00,33.7,0,0,0,228.86,1.09,0.235,0.081,0.945,0.0588,422.16,3482.81,230,348.28,0.0,1.046,0.034,0.02,0.0,0.181,0,0,Normal,4.09,2.36,0.85,0.0,0,None
2026-03-13 15:15:00,33.44,0,0,0,227.47,1.64,0.334,0.165,0.897,0.0835,422.24,3483.49,230,348.35,0.0,1.046,0.047,0.111,0.0,0.176,0,0,Normal,4.42,2.91,0.32,0.0,0,None
2026-03-13 15:30:00,32.47,0,0,0,225.65,1.46,0.303,0.131,0.918,0.0758,422.32,3484.12,230,348.41,0.0,1.046,0.045,0.119,0.0,0.139,0,0,Normal,3.0,3.09,0.84,0.0,0,None
2026-03-13 15:45:00,33.11,0,0,0,227.51,1.37,0.29,0.113,0.931,0.0725,422.39,3484.72,230,348.47,0.0,1.046,0.043,0.02,0.0,0.227,0,0,Normal,3.9,1.14,0.25,0.0,0,None
2026-03-13 16:00:00,32.29,0,0,0,225.76,0.7,0.148,0.054,0.94,0.037,422.43,3485.02,230,348.5,0.0,1.046,0.032,0.02,0.0,0.096,0,0,Normal,4.4,1.58,0.78,0.0,0,None
2026-03-13 16:15:00,32.07,0,0,0,225.72,1.5,0.299,0.158,0.884,0.0748,422.5,3485.64,230,348.56,0.0,1.046,0.044,0.02,0.0,0.235,0,0,Normal,4.25,2.4,0.82,0.0,0,None
2026-03-13 16:30:00,32.6,0,0,0,225.02,0.71,0.15,0.054,0.942,0.0375,422.54,3485.95,230,348.59,0.0,1.047,0.044,0.02,0.0,0.086,0,0,Normal,4.22,2.12,0.91,0.0,0,None
2026-03-13 16:45:00,33.86,0,0,0,226.42,1.36,0.291,0.102,0.943,0.0728,422.61,3486.55,230,348.65,0.0,1.047,0.045,0.122,0.0,0.124,0,0,Normal,3.75,2.4,0.47,0.0,0,None
2026-03-13 17:00:00,32.22,0,0,0,226.61,1.83,0.366,0.194,0.883,0.0915,422.7,3487.3,230,348.73,0.0,1.047,0.049,0.116,0.0,0.201,0,0,Normal,4.0,1.38,0.46,0.0,0,None
2026-03-13 17:15:00,32.89,0,0,0,227.69,0.78,0.167,0.059,0.944,0.0417,422.75,3487.65,230,348.76,0.0,1.047,0.043,0.02,0.0,0.104,0,0,Normal,3.46,2.69,0.24,0.0,0,None
2026-03-13 17:30:00,32.45,0,0,0,227.07,1.2,0.256,0.095,0.938,0.064,422.81,3488.18,230,348.82,0.0,1.047,0.046,0.02,0.0,0.19,0,0,Normal,3.57,1.05,0.33,0.0,0,None
2026-03-13 17:45:00,32.63,0,0,0,225.8,0.73,0.156,0.056,0.941,0.039,422.85,3488.5,230,348.85,0.0,1.047,0.05,0.02,0.0,0.086,0,0,Normal,3.51,1.67,0.97,0.0,0,None
2026-03-13 18:00:00,30.55,1,0,1,226.63,13.92,2.986,1.018,0.946,0.7465,423.59,3494.66,230,349.47,2.171,1.047,0.354,0.02,0.0,0.441,0,0,Normal,4.03,2.7,0.63,0.0,0,None
2026-03-13 18:15:00,31.26,1,0,1,225.0,17.03,3.398,1.773,0.887,0.8495,424.44,3501.67,230,350.17,2.421,1.047,0.365,0.127,0.0,0.485,0,0,Normal,4.27,3.11,0.6,0.0,0,None
2026-03-13 18:30:00,31.36,1,0,1,225.89,16.83,3.348,1.799,0.881,0.837,425.28,3508.57,230,350.86,2.512,1.047,0.357,0.118,0.0,0.361,0,0,Normal,2.5,1.9,0.39,0.0,0,None
2026-03-13 18:45:00,30.71,1,0,1,226.67,13.54,2.799,1.26,0.912,0.6998,425.98,3514.34,230,351.43,2.141,1.047,0.36,0.02,0.0,0.278,0,0,Normal,4.42,2.01,0.55,0.0,0,None
2026-03-13 19:00:00,29.83,1,0,1,224.75,21.78,4.382,2.181,0.895,1.0955,427.08,3523.38,230,352.34,1.799,1.047,0.363,0.02,1.794,0.406,0,0,Normal,4.27,1.81,0.75,0.0,0,None
2026-03-13 19:15:00,29.84,1,0,1,228.51,20.33,4.293,1.777,0.924,1.0732,428.15,3532.24,230,353.22,1.795,1.047,0.346,0.02,1.662,0.47,0,0,Normal,2.55,2.54,0.84,0.0,0,None
2026-03-13 19:30:00,29.28,1,0,1,225.36,18.38,3.946,1.26,0.953,0.9865,429.14,3540.37,230,354.04,1.503,1.047,0.339,0.02,1.734,0.35,0,0,Normal,3.58,1.28,0.95,0.0,0,None
2026-03-13 19:45:00,28.99,1,0,1,225.99,18.06,3.86,1.325,0.946,0.965,430.1,3548.34,230,354.83,1.526,1.047,0.339,0.127,1.569,0.299,0,0,Normal,2.68,1.19,0.44,0.0,0,None
2026-03-13 20:00:00,27.41,1,0,1,225.79,16.91,3.563,1.374,0.933,0.8908,430.99,3555.68,230,355.57,0.744,1.047,0.356,0.12,1.963,0.38,0,0,Normal,2.1,2.26,0.88,0.0,0,None
2026-03-13 20:15:00,28.04,1,0,1,226.0,17.63,3.554,1.8,0.892,0.8885,431.88,3563.01,230,356.3,0.999,1.047,0.355,0.02,1.83,0.35,0,0,Normal,4.19,3.02,0.9,0.0,0,None
2026-03-13 20:30:00,28.16,1,0,1,228.56,17.77,3.735,1.593,0.92,0.9338,432.81,3570.72,230,357.07,1.13,1.047,0.364,0.02,1.738,0.483,0,0,Normal,3.04,2.27,0.48,0.0,0,None
2026-03-13 20:45:00,27.6,1,0,1,229.68,16.66,3.458,1.639,0.904,0.8645,433.68,3577.85,230,357.78,0.934,1.047,0.35,0.02,1.752,0.402,0,0,Normal,3.6,1.57,0.9,0.0,0,None
2026-03-13 21:00:00,26.46,1,0,1,229.45,13.23,2.821,1.124,0.929,0.7052,434.38,3583.67,230,358.37,0.445,1.047,0.334,0.02,1.781,0.241,0,0,Normal,3.48,3.88,1.0,0.0,0,None
2026-03-13 21:15:00,26.73,1,0,1,227.55,12.8,2.671,1.164,0.917,0.6678,435.05,3589.18,230,358.92,0.543,1.047,0.354,0.126,1.24,0.408,0,0,Normal,4.1,1.34,0.96,0.0,0,None
2026-03-13 21:30:00,26.76,1,0,1,228.35,13.78,2.819,1.397,0.896,0.7048,435.76,3594.99,230,359.5,0.608,1.047,0.351,0.127,1.371,0.362,0,0,Normal,2.08,2.57,0.71,0.0,0,None
2026-03-13 21:45:00,27.22,1,0,1,226.64,15.71,3.166,1.631,0.889,0.7915,436.55,3601.52,230,360.15,0.69,1.047,0.353,0.02,1.71,0.393,0,0,Normal,2.37,2.67,0.69,0.0,0,None
2026-03-13 22:00:00,25.64,1,0,1,229.3,3.38,0.721,0.283,0.931,0.1802,436.73,3603.01,230,360.3,0.0,1.047,0.353,0.02,0.0,0.348,0,0,Normal,2.37,3.35,0.99,0.0,0,None
2026-03-13 22:15:00,24.5,1,0,1,226.95,3.6,0.783,0.231,0.959,0.1957,436.92,3604.62,230,360.46,0.0,1.047,0.348,0.02,0.0,0.415,0,0,Normal,3.26,3.49,0.68,0.0,0,None
2026-03-13 22:30:00,25.84,1,0,1,229.62,4.01,0.879,0.275,0.954,0.2198,437.14,3606.44,230,360.64,0.125,1.047,0.357,0.02,0.0,0.377,0,0,Normal,3.34,2.79,0.65,0.0,0,None
2026-03-13 22:45:00,24.73,1,0,1,227.22,4.66,0.966,0.433,0.912,0.2415,437.39,3608.43,230,360.84,0.0,1.047,0.35,0.11,0.0,0.506,0,0,Normal,3.32,1.64,0.37,0.0,0,None
2026-03-13 23:00:00,24.28,1,0,1,230.49,3.95,0.856,0.31,0.94,0.214,437.6,3610.19,230,361.02,0.0,1.048,0.355,0.116,0.0,0.385,0,0,Normal,3.92,1.85,0.99,0.0,0,None
2026-03-13 23:15:00,23.79,1,0,1,226.98,3.48,0.695,0.374,0.881,0.1738,437.77,3611.63,230,361.16,0.0,1.048,0.343,0.02,0.0,0.332,0,0,Normal,4.12,1.46,0.76,0.0,0,None
2026-03-13 23:30:00,23.55,1,0,1,230.13,3.59,0.788,0.249,0.954,0.197,437.97,3613.25,230,361.33,0.0,1.048,0.334,0.02,0.0,0.434,0,0,Normal,3.37,3.96,0.8,0.0,0,None
2026-03-13 23:45:00,22.85,1,0,1,228.96,3.8,0.775,0.396,0.89,0.1938,438.16,3614.85,230,361.49,0.0,1.048,0.359,0.02,0.0,0.396,0,0,Normal,4.12,2.58,0.7,0.0,0,None
2026-03-14 00:00:00,22.72,1,1,0,227.87,3.29,0.695,0.282,0.927,0.1738,438.34,3616.28,230,361.63,0.0,1.048,0.335,0.02,0.0,0.34,0,0,Normal,4.17,2.51,0.3,0.0,0,None
2026-03-14 00:15:00,22.02,1,1,0,230.71,3.55,0.764,0.297,0.932,0.191,438.53,3617.86,230,361.79,0.0,1.048,0.358,0.126,0.0,0.28,0,0,Normal,2.09,3.46,0.31,0.0,0,None
2026-03-14 00:30:00,23.29,1,1,0,227.95,3.58,0.72,0.382,0.883,0.18,438.71,3619.35,230,361.93,0.0,1.048,0.342,0.117,0.0,0.261,0,0,Normal,3.72,2.6,0.44,0.0,0,None
2026-03-14 00:45:00,23.56,1,1,0,230.07,3.7,0.789,0.32,0.927,0.1972,438.91,3620.97,230,362.1,0.0,1.048,0.35,0.02,0.0,0.419,0,0,Normal,3.93,2.63,0.55,0.0,0,None
2026-03-14 01:00:00,21.81,1,1,0,230.45,2.77,0.609,0.188,0.956,0.1522,439.06,3622.23,230,362.22,0.0,1.048,0.335,0.02,0.0,0.254,0,0,Normal,4.13,1.62,0.55,0.0,0,None
2026-03-14 01:15:00,22.36,1,1,0,231.2,2.92,0.632,0.239,0.935,0.158,439.22,3623.53,230,362.35,0.0,1.048,0.334,0.02,0.0,0.278,0,0,Normal,2.68,2.65,0.36,0.0,0,None
2026-03-14 01:30:00,21.84,1,1,0,233.59,3.7,0.764,0.406,0.883,0.191,439.41,3625.11,230,362.51,0.0,1.048,0.348,0.02,0.0,0.396,0,0,Normal,3.54,1.19,0.54,0.0,0,None
2026-03-14 01:45:00,21.89,1,1,0,233.24,4.58,0.998,0.382,0.934,0.2495,439.66,3627.17,230,362.72,0.0,1.048,0.351,0.129,0.0,0.518,0,0,Normal,3.31,2.14,0.97,0.0,0,None
2026-03-14 02:00:00,22.39,1,1,0,233.9,4.55,0.948,0.483,0.891,0.237,439.89,3629.12,230,362.91,0.0,1.048,0.332,0.12,0.0,0.496,0,0,Normal,3.33,3.88,0.82,0.0,0,None
2026-03-14 02:15:00,21.98,1,1,0,232.35,3.57,0.75,0.355,0.904,0.1875,440.08,3630.67,230,363.07,0.0,1.048,0.346,0.02,0.0,0.384,0,0,Normal,4.48,2.45,0.27,0.0,0,None
2026-03-14 02:30:00,22.87,1,1,0,230.43,3.17,0.669,0.292,0.917,0.1672,440.25,3632.05,230,363.2,0.0,1.048,0.339,0.02,0.0,0.31,0,0,Normal,3.93,2.84,0.78,0.0,0,None
2026-03-14 02:45:00,21.76,1,1,0,232.52,3.9,0.851,0.311,0.939,0.2128,440.46,3633.8,230,363.38,0.0,1.048,0.322,0.02,0.0,0.509,0,0,Normal,4.42,1.25,0.3,0.0,0,None
2026-03-14 03:00:00,22.7,1,1,0,231.68,2.9,0.603,0.295,0.898,0.1508,440.61,3635.05,230,363.5,0.0,1.048,0.341,0.02,0.0,0.242,0,0,Normal,2.91,3.16,0.6,0.0,0,None
2026-03-14 03:15:00,22.25,1,1,0,232.75,4.16,0.865,0.433,0.894,0.2162,440.83,3636.83,230,363.68,0.0,1.048,0.347,0.128,0.0,0.39,0,0,Normal,2.41,2.07,0.91,0.0,0,None
2026-03-14 03:30:00,22.6,1,1,0,233.66,4.53,0.954,0.461,0.9,0.2385,441.07,3638.8,230,363.88,0.0,1.048,0.353,0.118,0.0,0.483,0,0,Normal,2.73,3.65,0.67,0.0,0,None
2026-03-14 03:45:00,21.98,1,1,0,232.18,3.42,0.743,0.282,0.935,0.1858,441.25,3640.33,230,364.03,0.0,1.048,0.34,0.02,0.0,0.383,0,0,Normal,4.29,2.61,0.48,0.0,0,None
2026-03-14 04:00:00,22.78,1,1,0,234.42,3.89,0.804,0.431,0.882,0.201,441.45,3641.99,230,364.2,0.0,1.048,0.342,0.02,0.0,0.442,0,0,Normal,3.98,1.11,0.42,0.0,0,None
2026-03-14 04:15:00,22.75,1,1,0,232.3,3.73,0.816,0.292,0.941,0.204,441.66,3643.67,230,364.37,0.0,1.048,0.359,0.02,0.0,0.437,0,0,Normal,4.11,1.62,0.56,0.0,0,None
2026-03-14 04:30:00,22.39,1,1,0,234.94,2.68,0.589,0.222,0.936,0.1472,441.8,3644.89,230,364.49,0.0,1.048,0.368,0.02,0.0,0.201,0,0,Normal,2.45,3.11,0.94,0.0,0,None
2026-03-14 04:45:00,23.13,1,1,0,233.65,3.37,0.715,0.331,0.907,0.1788,441.98,3646.36,230,364.64,0.0,1.048,0.332,0.118,0.0,0.265,0,0,Normal,3.15,2.63,0.86,0.0,0,None
2026-03-14 05:00:00,24.08,1,1,0,232.73,3.89,0.866,0.263,0.957,0.2165,442.2,3648.15,230,364.81,0.0,1.048,0.356,0.123,0.0,0.387,0,0,Normal,3.7,2.91,0.35,0.0,0,None
2026-03-14 05:15:00,24.05,1,1,0,232.77,3.46,0.744,0.308,0.924,0.186,442.39,3649.68,230,364.97,0.0,1.048,0.352,0.02,0.0,0.372,0,0,Normal,4.28,3.82,0.8,0.0,0,None
2026-03-14 05:30:00,24.53,1,1,0,233.29,3.21,0.685,0.301,0.916,0.1713,442.56,3651.1,230,365.11,0.0,1.049,0.359,0.02,0.0,0.306,0,0,Normal,2.37,2.92,0.71,0.0,0,None
2026-03-14 05:45:00,24.48,1,1,0,234.79,4.23,0.902,0.416,0.908,0.2255,442.78,3652.96,230,365.3,0.0,1.049,0.344,0.02,0.0,0.538,0,0,Normal,2.11,2.48,0.62,0.0,0,None
2026-03-14 06:00:00,24.81,1,1,0,234.76,10.66,2.243,1.108,0.897,0.5608,443.34,3657.58,230,365.76,0.0,1.049,0.355,0.02,1.543,0.325,0,0,Normal,3.52,2.95,0.93,0.0,0,None
2026-03-14 06:15:00,25.19,1,1,0,232.91,12.36,2.575,1.287,0.895,0.6438,443.99,3662.89,230,366.29,0.0,1.049,0.345,0.119,1.875,0.236,0,0,Normal,3.65,1.32,0.52,0.0,0,None
2026-03-14 06:30:00,24.69,1,1,0,232.02,10.18,2.193,0.874,0.929,0.5482,444.54,3667.42,230,366.74,0.0,1.049,0.349,0.124,1.477,0.243,0,0,Normal,2.75,2.07,0.97,0.0,0,None
2026-03-14 06:45:00,25.01,1,1,0,233.9,9.96,2.058,1.089,0.884,0.5145,445.05,3671.66,230,367.17,0.0,1.049,0.35,0.02,1.287,0.401,0,0,Normal,2.76,2.18,0.51,0.0,0,None
2026-03-14 07:00:00,26.15,1,1,0,235.49,9.59,2.03,0.987,0.899,0.5075,445.56,3675.85,230,367.58,0.278,1.049,0.05,0.02,1.319,0.363,0,0,Normal,2.21,1.84,0.49,0.0,0,None
2026-03-14 07:15:00,27.26,1,1,0,235.94,11.26,2.502,0.895,0.942,0.6255,446.18,3681.01,230,368.1,0.767,1.049,0.045,0.02,1.421,0.249,0,0,Normal,4.12,3.53,0.65,0.0,0,None
2026-03-14 07:30:00,26.63,1,1,0,232.64,13.34,2.791,1.359,0.899,0.6978,446.88,3686.76,230,368.68,0.459,1.049,0.037,0.02,1.94,0.335,0,0,Normal,3.53,3.38,0.93,0.0,0,None
2026-03-14 07:45:00,26.34,1,1,0,235.2,11.29,2.341,1.255,0.881,0.5852,447.47,3691.59,230,369.16,0.348,1.049,0.058,0.129,1.615,0.191,0,0,Normal,4.33,2.53,0.7,0.0,0,None
2026-03-14 08:00:00,28.6,1,1,0,232.36,14.68,3.235,1.081,0.948,0.8088,448.27,3698.26,230,369.83,1.261,1.049,0.063,0.127,1.45,0.334,0,0,Normal,3.69,3.21,0.85,0.0,0,None
2026-03-14 08:15:00,26.91,1,1,0,232.67,14.46,2.986,1.549,0.888,0.7465,449.02,3704.42,230,370.44,0.6,1.049,0.038,0.02,1.979,0.349,0,0,Normal,2.64,2.54,0.54,0.0,0,None
2026-03-14 08:30:00,26.99,1,1,0,234.7,11.15,2.499,0.78,0.955,0.6248,449.65,3709.58,230,370.96,0.608,1.049,0.037,0.02,1.548,0.286,0,0,Normal,2.37,1.32,0.26,0.0,0,None
2026-03-14 08:45:00,28.4,1,1,0,234.07,13.74,2.986,1.195,0.928,0.7465,450.39,3715.74,230,371.57,1.129,1.049,0.069,0.02,1.388,0.38,0,0,Normal,3.52,2.48,0.97,0.0,0,None
2026-03-14 09:00:00,29.58,1,1,0,233.22,10.35,2.162,1.072,0.896,0.5405,450.93,3720.2,230,372.02,1.713,1.049,0.037,0.02,0.0,0.392,0,0,Normal,3.83,2.07,0.53,0.0,0,None
2026-03-14 09:15:00,29.68,1,1,0,230.62,10.68,2.304,0.873,0.935,0.576,451.51,3724.95,230,372.49,1.872,1.049,0.052,0.125,0.0,0.255,0,0,Normal,2.95,2.23,0.45,0.0,0,None
2026-03-14 09:30:00,28.89,1,1,0,230.7,8.02,1.72,0.683,0.929,0.43,451.94,3728.49,230,372.85,1.34,1.049,0.037,0.112,0.0,0.231,0,0,Normal,3.76,1.32,0.57,0.0,0,None
2026-03-14 09:45:00,29.54,1,1,0,232.96,9.74,2.134,0.77,0.941,0.5335,452.47,3732.9,230,373.29,1.699,1.049,0.065,0.02,0.0,0.35,0,0,Normal,3.6,2.96,0.63,0.0,0,None
2026-03-14 10:00:00,32.0,1,1,0,231.61,13.8,3.012,1.068,0.943,0.753,453.23,3739.11,230,373.91,2.634,1.049,0.053,0.02,0.0,0.305,0,0,Normal,2.06,3.97,0.82,0.0,0,None
2026-03-14 10:15:00,31.41,1,1,0,232.68,13.96,2.929,1.403,0.902,0.7322,453.96,3745.15,230,374.51,2.562,1.049,0.037,0.02,0.0,0.31,0,0,Normal,4.49,3.03,0.79,0.0,0,None
2026-03-14 10:30:00,31.08,1,1,0,230.57,14.23,2.908,1.52,0.886,0.727,454.68,3751.15,230,375.11,2.44,1.049,0.063,0.02,0.0,0.385,0,0,Normal,4.43,1.16,0.53,0.0,0,None
2026-03-14 10:45:00,30.78,1,1,0,231.48,13.26,2.915,0.958,0.95,0.7288,455.41,3757.16,230,375.72,2.273,1.049,0.066,0.129,0.0,0.447,0,0,Normal,3.01,1.1,0.41,0.0,0,None
2026-03-14 11:00:00,32.05,0,1,0,231.05,1.66,0.344,0.169,0.898,0.086,455.5,3757.87,230,375.79,0.0,1.049,0.052,0.131,0.0,0.161,0,0,Normal,2.77,1.46,0.74,0.0,0,None
2026-03-14 11:15:00,31.18,0,1,0,229.59,0.85,0.178,0.081,0.911,0.0445,455.54,3758.24,230,375.82,0.0,1.049,0.062,0.02,0.0,0.096,0,0,Normal,3.53,1.36,0.69,0.0,0,None
2026-03-14 11:30:00,32.37,0,1,0,230.01,1.09,0.24,0.075,0.954,0.06,455.6,3758.73,230,375.87,0.0,1.049,0.05,0.02,0.0,0.17,0,0,Normal,2.06,2.78,0.91,0.0,0,None
2026-03-14 11:45:00,32.67,0,1,0,230.81,0.92,0.195,0.087,0.914,0.0488,455.65,3759.13,230,375.91,0.0,1.049,0.045,0.02,0.0,0.13,0,0,Normal,3.23,1.87,0.87,0.0,0,None
2026-03-14 12:00:00,32.41,0,1,0,230.14,1.18,0.248,0.108,0.917,0.062,455.71,3759.64,230,375.96,0.0,1.05,0.042,0.02,0.0,0.186,0,0,Normal,3.37,3.26,0.74,0.0,0,None
2026-03-14 12:15:00,32.87,0,1,0,228.07,1.67,0.362,0.121,0.949,0.0905,455.8,3760.39,230,376.04,0.0,1.05,0.047,0.122,0.0,0.193,0,0,Normal,4.12,2.98,0.22,0.0,0,None
2026-03-14 12:30:00,32.62,0,1,0,230.58,1.69,0.367,0.134,0.939,0.0918,455.9,3761.15,230,376.11,0.0,1.05,0.071,0.118,0.0,0.178,0,0,Normal,4.04,3.3,0.97,0.0,0,None
2026-03-14 12:45:00,32.71,0,1,0,229.59,1.12,0.242,0.089,0.938,0.0605,455.96,3761.65,230,376.16,0.0,1.05,0.049,0.02,0.0,0.173,0,0,Normal,3.48,2.52,0.86,0.0,0,None
2026-03-14 13:00:00,33.82,0,1,0,228.79,1.33,0.283,0.113,0.929,0.0708,456.03,3762.23,230,376.22,0.0,1.05,0.071,0.02,0.0,0.192,0,0,Normal,2.36,3.75,0.99,0.0,0,None
2026-03-14 13:15:00,32.75,0,1,0,228.92,0.72,0.149,0.07,0.905,0.0372,456.07,3762.54,230,376.25,0.0,1.05,0.022,0.02,0.0,0.107,0,0,Normal,2.72,2.62,0.23,0.0,0,None
2026-03-14 13:30:00,34.1,0,1,0,229.66,1.44,0.312,0.111,0.942,0.078,456.14,3763.18,230,376.32,0.0,1.05,0.046,0.02,0.0,0.246,0,0,Normal,2.84,2.2,0.65,0.0,0,None
2026-03-14 13:45:00,34.17,0,1,0,228.99,1.7,0.355,0.16,0.912,0.0888,456.23,3763.91,230,376.39,0.0,1.05,0.021,0.121,0.0,0.213,0,0,Normal,2.23,3.81,0.45,0.0,0,None
2026-03-14 14:00:00,33.87,0,1,0,226.97,1.49,0.306,0.145,0.904,0.0765,456.31,3764.55,230,376.45,0.0,1.05,0.039,0.117,0.0,0.15,0,0,Normal,2.86,2.41,0.47,0.0,0,None
2026-03-14 14:15:00,32.76,0,1,0,227.0,1.43,0.292,0.143,0.898,0.073,456.38,3765.15,230,376.51,0.0,1.05,0.063,0.02,0.0,0.209,0,0,Normal,2.35,2.13,0.57,0.0,0,None
2026-03-14 14:30:00,33.5,0,1,0,230.29,1.36,0.285,0.131,0.908,0.0712,456.45,3765.74,230,376.57,0.0,1.05,0.053,0.02,0.0,0.212,0,0,Normal,2.82,2.16,0.34,0.0,0,None
2026-03-14 14:45:00,34.62,0,1,0,228.29,1.01,0.214,0.084,0.931,0.0535,456.51,3766.18,230,376.62,0.0,1.05,0.051,0.02,0.0,0.143,0,0,Normal,2.33,2.59,0.21,0.0,0,None
2026-03-14 15:00:00,32.41,1,1,0,228.67,15.74,3.359,1.295,0.933,0.8398,457.35,3773.1,230,377.31,2.934,1.05,0.051,0.02,0.0,0.354,0,0,Normal,3.14,1.95,0.43,0.0,0,None
2026-03-14 15:15:00,33.62,1,1,0,227.62,18.45,3.994,1.296,0.951,0.9985,458.34,3781.34,230,378.13,3.473,1.05,0.044,0.115,0.0,0.362,0,0,Normal,3.69,3.43,0.22,0.0,0,None
2026-03-14 15:30:00,33.21,1,1,0,225.83,18.05,3.826,1.407,0.939,0.9565,459.3,3789.23,230,378.92,3.266,1.05,0.039,0.117,0.0,0.404,0,0,Normal,3.77,2.16,0.88,0.0,0,None
2026-03-14 15:45:00,34.2,1,1,0,225.61,18.47,3.986,1.217,0.956,0.9965,460.3,3797.45,230,379.75,3.604,1.05,0.064,0.02,0.0,0.298,0,0,Normal,4.33,1.85,0.33,0.0,0,None
2026-03-14 16:00:00,32.86,1,1,0,226.09,16.51,3.561,1.12,0.954,0.8902,461.19,3804.8,230,380.48,3.07,1.05,0.051,0.02,0.0,0.42,0,0,Normal,3.94,2.08,0.75,0.0,0,None
2026-03-14 16:15:00,33.4,1,1,0,226.69,17.56,3.702,1.46,0.93,0.9255,462.11,3812.43,230,381.24,3.294,1.05,0.033,0.02,0.0,0.355,0,0,Normal,2.55,2.6,0.73,0.0,0,None
2026-03-14 16:30:00,33.48,1,1,0,225.0,19.5,3.907,1.996,0.89,0.9768,463.09,3820.49,230,382.05,3.395,1.05,0.041,0.02,0.0,0.451,0,0,Normal,3.58,2.17,0.72,0.0,0,None
2026-03-14 16:45:00,34.11,1,1,0,225.7,20.08,4.274,1.505,0.943,1.0685,464.16,3829.31,230,382.93,3.654,1.05,0.04,0.12,0.0,0.46,0,0,Normal,4.12,1.84,0.37,0.0,0,None
2026-03-14 17:00:00,32.14,1,1,0,226.86,16.07,3.268,1.618,0.896,0.817,464.98,3836.05,230,383.6,2.766,1.05,0.057,0.12,0.0,0.325,0,0,Normal,2.88,3.43,0.67,0.0,0,None
2026-03-14 17:15:00,32.43,1,1,0,225.09,16.06,3.309,1.458,0.915,0.8272,465.8,3842.87,230,384.29,2.823,1.05,0.056,0.02,0.0,0.41,0,0,Normal,3.32,2.3,1.0,0.0,0,None
2026-03-14 17:30:00,31.5,1,1,0,227.16,13.95,2.955,1.142,0.933,0.7388,466.54,3848.97,230,384.9,2.53,1.05,0.052,0.02,0.0,0.353,0,0,Normal,2.2,3.68,0.52,0.0,0,None
2026-03-14 17:45:00,32.84,1,1,0,226.03,17.64,3.519,1.874,0.883,0.8798,467.42,3856.23,230,385.62,3.005,1.05,0.048,0.02,0.0,0.446,0,0,Normal,3.54,1.29,0.61,0.0,0,None
2026-03-14 18:00:00,30.62,1,1,1,225.67,13.87,2.915,1.141,0.931,0.7288,468.15,3862.24,230,386.22,2.094,1.05,0.342,0.02,0.0,0.459,0,0,Normal,2.38,1.72,0.94,0.0,0,None
2026-03-14 18:15:00,30.72,1,1,1,226.98,14.68,2.977,1.498,0.893,0.7442,468.89,3868.38,230,386.84,2.201,1.05,0.342,0.118,0.0,0.316,0,0,Normal,4.07,3.91,0.38,0.0,0,None
2026-03-14 18:30:00,30.99,1,1,1,225.33,15.29,3.055,1.593,0.887,0.7637,469.66,3874.68,230,387.47,2.319,1.051,0.348,0.116,0.0,0.272,0,0,Normal,3.35,2.41,0.5,0.0,0,None
2026-03-14 18:45:00,30.22,1,1,1,225.16,12.14,2.549,0.985,0.933,0.6373,470.3,3879.94,230,387.99,1.943,1.051,0.354,0.02,0.0,0.232,0,0,Normal,2.79,1.23,0.5,0.0,0,None
2026-03-14 19:00:00,29.67,1,1,1,227.4,21.55,4.413,2.131,0.9,1.1032,471.4,3889.04,230,388.9,1.752,1.051,0.349,0.02,1.811,0.481,0,0,Normal,2.92,3.57,0.31,0.0,0,None
2026-03-14 19:15:00,30.04,1,1,1,225.37,20.34,4.381,1.352,0.956,1.0952,472.49,3898.07,230,389.81,1.925,1.051,0.351,0.02,1.699,0.386,0,0,Normal,2.19,1.6,0.63,0.0,0,None
2026-03-14 19:30:00,29.7,1,1,1,227.3,21.39,4.499,1.846,0.925,1.1248,473.62,3907.35,230,390.74,1.856,1.051,0.343,0.02,1.885,0.395,0,0,Normal,2.1,3.72,0.54,0.0,0,None
2026-03-14 19:45:00,28.76,1,1,1,227.45,17.54,3.518,1.881,0.882,0.8795,474.5,3914.61,230,391.46,1.408,1.051,0.355,0.121,1.24,0.394,0,0,Normal,2.35,3.69,0.58,0.0,0,None
2026-03-14 20:00:00,27.94,1,1,1,228.28,15.94,3.376,1.357,0.928,0.844,475.34,3921.57,230,392.16,0.986,1.051,0.358,0.116,1.426,0.49,0,0,Normal,2.29,1.79,0.51,0.0,0,None
2026-03-14 20:15:00,28.37,1,1,1,227.11,16.42,3.404,1.522,0.913,0.851,476.19,3928.59,230,392.86,1.181,1.051,0.335,0.02,1.465,0.403,0,0,Normal,4.21,1.44,0.52,0.0,0,None
2026-03-14 20:30:00,27.06,1,1,1,225.17,15.76,3.353,1.163,0.945,0.8382,477.03,3935.51,230,393.55,0.671,1.051,0.355,0.02,1.891,0.416,0,0,Normal,3.31,1.86,0.71,0.0,0,None
2026-03-14 20:45:00,27.46,1,1,1,228.48,15.6,3.137,1.691,0.88,0.7842,477.82,3941.98,230,394.2,0.866,1.051,0.357,0.02,1.451,0.443,0,0,Normal,2.78,1.31,0.83,0.0,0,None
2026-03-14 21:00:00,26.89,1,1,1,226.42,14.59,3.167,0.937,0.959,0.7917,478.61,3948.51,230,394.85,0.582,1.051,0.33,0.02,1.807,0.428,0,0,Normal,2.72,2.88,0.69,0.0,0,None
2026-03-14 21:15:00,26.58,1,1,1,227.68,12.92,2.738,1.074,0.931,0.6845,479.29,3954.16,230,395.42,0.447,1.051,0.333,0.121,1.467,0.37,0,0,Normal,2.11,1.71,0.66,0.0,0,None
2026-03-14 21:30:00,26.65,1,1,1,229.13,13.57,2.865,1.207,0.922,0.7163,480.01,3960.07,230,396.01,0.558,1.051,0.357,0.121,1.481,0.348,0,0,Normal,3.52,3.56,0.54,0.0,0,None
2026-03-14 21:45:00,27.38,1,1,1,230.61,15.56,3.194,1.634,0.89,0.7985,480.81,3966.65,230,396.67,0.791,1.051,0.353,0.02,1.758,0.272,0,0,Normal,3.93,3.9,0.75,0.0,0,None
2026-03-14 22:00:00,25.23,1,1,1,227.98,3.61,0.733,0.374,0.891,0.1832,480.99,3968.17,230,396.82,0.0,1.051,0.357,0.02,0.0,0.356,0,0,Normal,4.48,1.64,0.99,0.0,0,None
2026-03-14 22:15:00,25.33,1,1,1,227.77,4.25,0.866,0.431,0.895,0.2165,481.21,3969.95,230,397.0,0.072,1.051,0.354,0.02,0.0,0.42,0,0,Normal,3.28,1.16,0.77,0.0,0,None
2026-03-14 22:30:00,26.36,1,1,1,230.94,5.4,1.161,0.454,0.931,0.2902,481.5,3972.35,230,397.23,0.343,1.051,0.343,0.02,0.0,0.455,0,0,Normal,2.2,3.15,0.99,0.0,0,None
2026-03-14 22:45:00,24.89,1,1,1,227.31,3.67,0.775,0.309,0.929,0.1937,481.69,3973.94,230,397.39,0.0,1.051,0.344,0.12,0.0,0.311,0,0,Normal,2.98,2.87,1.0,0.0,0,None
2026-03-14 23:00:00,23.36,1,1,1,228.26,3.72,0.8,0.282,0.943,0.2,481.89,3975.59,230,397.56,0.0,1.051,0.336,0.12,0.0,0.344,0,0,Normal,4.45,3.73,0.53,0.0,0,None
2026-03-14 23:15:00,23.97,1,1,1,228.74,3.04,0.64,0.273,0.92,0.16,482.05,3976.91,230,397.69,0.0,1.051,0.351,0.02,0.0,0.269,0,0,Normal,2.6,3.55,0.38,0.0,0,None
2026-03-14 23:30:00,23.98,1,1,1,231.18,3.22,0.695,0.267,0.933,0.1738,482.22,3978.35,230,397.83,0.0,1.051,0.348,0.02,0.0,0.327,0,0,Normal,2.47,2.29,0.25,0.0,0,None
2026-03-14 23:45:00,23.49,1,1,1,229.37,3.04,0.654,0.243,0.938,0.1635,482.39,3979.7,230,397.97,0.0,1.051,0.364,0.02,0.0,0.27,0,0,Normal,4.22,1.18,0.93,0.0,0,None
2026-03-15 00:00:00,22.29,1,1,0,230.39,3.2,0.705,0.218,0.955,0.1763,482.56,3981.15,230,398.12,0.0,1.051,0.336,0.02,0.0,0.349,0,0,Normal,4.22,3.84,0.34,0.0,0,None
2026-03-15 00:15:00,23.96,1,1,0,232.43,4.17,0.878,0.413,0.905,0.2195,482.78,3982.96,230,398.3,0.0,1.051,0.355,0.127,0.0,0.396,0,0,Normal,2.9,1.87,0.58,0.0,0,None
2026-03-15 00:30:00,22.97,1,1,0,231.9,3.47,0.744,0.307,0.925,0.186,482.97,3984.5,230,398.45,0.0,1.051,0.361,0.127,0.0,0.256,0,0,Normal,4.4,2.32,0.68,0.0,0,None
2026-03-15 00:45:00,22.44,1,1,0,231.11,4.04,0.867,0.347,0.928,0.2168,483.19,3986.28,230,398.63,0.0,1.051,0.345,0.02,0.0,0.502,0,0,Normal,3.78,4.0,0.64,0.0,0,None
2026-03-15 01:00:00,22.66,1,1,0,229.89,3.92,0.856,0.279,0.951,0.214,483.4,3988.05,230,398.8,0.0,1.051,0.346,0.02,0.0,0.49,0,0,Normal,3.52,3.43,0.7,0.0,0,None
2026-03-15 01:15:00,22.15,1,1,0,230.57,3.24,0.701,0.259,0.938,0.1753,483.58,3989.5,230,398.95,0.0,1.052,0.341,0.02,0.0,0.34,0,0,Normal,3.67,1.73,0.27,0.0,0,None
2026-03-15 01:30:00,22.08,1,1,0,230.54,3.9,0.83,0.345,0.923,0.2075,483.78,3991.21,230,399.12,0.0,1.052,0.341,0.02,0.0,0.469,0,0,Normal,2.16,2.81,0.49,0.0,0,None
2026-03-15 01:45:00,22.49,1,1,0,230.12,3.48,0.705,0.381,0.88,0.1762,483.96,3992.66,230,399.27,0.0,1.052,0.352,0.123,0.0,0.23,0,0,Normal,4.31,3.9,0.2,0.0,0,None
2026-03-15 02:00:00,21.35,1,1,0,233.42,3.6,0.754,0.372,0.897,0.1885,484.15,3994.22,230,399.42,0.0,1.052,0.323,0.121,0.0,0.31,0,0,Normal,2.78,3.47,0.39,0.0,0,None
2026-03-15 02:15:00,22.18,1,1,0,232.08,2.91,0.601,0.311,0.888,0.1502,484.3,3995.46,230,399.55,0.0,1.052,0.332,0.02,0.0,0.249,0,0,Normal,3.09,1.34,0.71,0.0,0,None
2026-03-15 02:30:00,22.96,1,1,0,232.38,3.89,0.841,0.333,0.93,0.2102,484.51,3997.19,230,399.72,0.0,1.052,0.371,0.02,0.0,0.45,0,0,Normal,3.33,2.2,0.33,0.0,0,None
2026-03-15 02:45:00,22.23,1,1,0,233.86,3.74,0.786,0.386,0.898,0.1965,484.7,3998.81,230,399.88,0.0,1.052,0.341,0.02,0.0,0.425,0,0,Normal,2.65,1.96,0.74,0.0,0,None
2026-03-15 03:00:00,22.02,1,1,0,230.87,4.0,0.881,0.275,0.955,0.2202,484.92,4000.63,230,400.06,0.0,1.052,0.341,0.02,0.0,0.52,0,0,Normal,2.42,1.22,0.68,0.0,0,None
2026-03-15 03:15:00,21.95,1,1,0,231.34,3.57,0.753,0.337,0.913,0.1882,485.11,4002.18,230,400.22,0.0,1.052,0.339,0.132,0.0,0.282,0,0,Normal,4.1,3.45,0.95,0.0,0,None
2026-03-15 03:30:00,22.0,1,1,0,234.5,4.33,0.932,0.402,0.918,0.233,485.35,4004.1,230,400.41,0.0,1.052,0.361,0.123,0.0,0.448,0,0,Normal,3.87,1.61,0.99,0.0,0,None
2026-03-15 03:45:00,22.08,1,1,0,232.44,3.98,0.819,0.432,0.884,0.2047,485.55,4005.79,230,400.58,0.0,1.052,0.347,0.02,0.0,0.452,0,0,Normal,4.3,2.29,0.34,0.0,0,None
2026-03-15 04:00:00,22.61,1,1,0,232.87,3.7,0.76,0.406,0.882,0.19,485.74,4007.36,230,400.74,0.0,1.052,0.36,0.02,0.0,0.38,0,0,Normal,2.69,2.89,0.77,0.0,0,None
2026-03-15 04:15:00,23.26,1,1,0,232.55,4.02,0.836,0.418,0.894,0.209,485.95,4009.09,230,400.91,0.0,1.052,0.362,0.02,0.0,0.454,0,0,Normal,4.41,1.34,0.43,0.0,0,None
2026-03-15 04:30:00,21.94,1,1,0,232.75,3.63,0.762,0.366,0.901,0.1905,486.14,4010.66,230,401.07,0.0,1.052,0.328,0.02,0.0,0.414,0,0,Normal,3.92,2.17,0.88,0.0,0,None
2026-03-15 04:45:00,23.23,1,1,0,233.32,3.95,0.84,0.378,0.912,0.21,486.35,4012.39,230,401.24,0.0,1.052,0.351,0.114,0.0,0.375,0,0,Normal,3.91,2.81,0.26,0.0,0,None
2026-03-15 05:00:00,23.57,1,1,0,232.35,3.17,0.684,0.272,0.929,0.171,486.52,4013.8,230,401.38,0.0,1.052,0.346,0.126,0.0,0.212,0,0,Normal,3.81,3.07,0.25,0.0,0,None
2026-03-15 05:15:00,23.95,1,1,0,230.67,3.52,0.766,0.269,0.944,0.1915,486.71,4015.38,230,401.54,0.0,1.052,0.341,0.02,0.0,0.405,0,0,Normal,2.22,3.38,0.27,0.0,0,None
2026-03-15 05:30:00,23.19,1,1,0,235.83,3.59,0.776,0.34,0.916,0.194,486.91,4016.98,230,401.7,0.0,1.052,0.352,0.02,0.0,0.404,0,0,Normal,4.11,1.33,0.95,0.0,0,None
2026-03-15 05:45:00,24.42,1,1,0,233.06,3.04,0.631,0.323,0.89,0.1578,487.06,4018.28,230,401.83,0.0,1.052,0.349,0.02,0.0,0.262,0,0,Normal,2.54,3.18,0.59,0.0,0,None
2026-03-15 06:00:00,25.62,1,1,0,235.12,11.61,2.532,1.019,0.928,0.633,487.7,4023.5,230,402.35,0.016,1.052,0.355,0.02,1.798,0.343,0,0,Normal,3.1,3.16,0.82,0.0,0,None
2026-03-15 06:15:00,25.48,1,1,0,234.52,9.96,2.153,0.903,0.922,0.5382,488.24,4027.94,230,402.79,0.0,1.052,0.329,0.112,1.462,0.25,0,0,Normal,3.39,2.9,0.41,0.0,0,None
2026-03-15 06:30:00,24.24,1,1,0,234.27,13.06,2.703,1.436,0.883,0.6758,488.91,4033.52,230,403.35,0.0,1.052,0.353,0.129,1.866,0.355,0,0,Normal,4.4,3.12,0.35,0.0,0,None
2026-03-15 06:45:00,25.41,1,1,0,234.75,9.61,2.056,0.929,0.911,0.514,489.43,4037.76,230,403.78,0.009,1.052,0.358,0.02,1.402,0.267,0,0,Normal,2.0,1.08,0.52,0.0,0,None
2026-03-15 07:00:00,26.65,1,1,0,233.87,10.33,2.296,0.75,0.951,0.574,490.0,4042.5,230,404.25,0.478,1.052,0.05,0.02,1.454,0.294,0,0,Normal,2.25,3.8,0.99,0.0,0,None
2026-03-15 07:15:00,25.64,1,1,0,232.88,11.55,2.417,1.18,0.899,0.6042,490.6,4047.48,230,404.75,0.0,1.052,0.04,0.02,1.936,0.421,0,0,Normal,3.3,2.51,0.43,0.0,0,None
2026-03-15 07:30:00,26.43,1,1,0,233.07,9.24,2.063,0.617,0.958,0.5158,491.12,4051.74,230,405.17,0.382,1.052,0.051,0.02,1.232,0.378,0,0,Normal,2.61,2.58,0.86,0.0,0,None
2026-03-15 07:45:00,26.63,1,1,0,234.55,14.51,2.998,1.61,0.881,0.7495,491.87,4057.92,230,405.79,0.475,1.053,0.056,0.12,1.944,0.403,0,0,Normal,4.12,3.66,0.65,0.0,0,None
2026-03-15 08:00:00,28.28,1,1,0,231.9,15.57,3.46,1.032,0.958,0.865,492.73,4065.06,230,406.51,1.195,1.053,0.064,0.118,1.611,0.472,0,0,Normal,3.88,3.97,0.54,0.0,0,None
2026-03-15 08:15:00,28.09,1,1,0,229.58,15.19,3.288,1.162,0.943,0.822,493.56,4071.84,230,407.18,0.995,1.053,0.04,0.02,1.862,0.371,0,0,Normal,3.63,3.03,0.97,0.0,0,None
2026-03-15 08:30:00,28.15,1,1,0,236.43,15.56,3.392,1.424,0.922,0.848,494.4,4078.83,230,407.88,1.153,1.053,0.048,0.02,1.809,0.362,0,0,Normal,4.37,3.95,0.55,0.0,0,None
2026-03-15 08:45:00,28.74,1,1,0,231.98,15.47,3.201,1.623,0.892,0.8002,495.2,4085.44,230,408.54,1.349,1.053,0.048,0.02,1.494,0.29,0,0,Normal,4.14,3.94,0.67,0.0,0,None
2026-03-15 09:00:00,30.17,1,1,0,234.58,10.85,2.361,0.951,0.928,0.5902,495.79,4090.3,230,409.03,2.018,1.053,0.045,0.02,0.0,0.278,0,0,Normal,3.57,3.81,0.52,0.0,0,None
2026-03-15 09:15:00,28.12,1,1,0,232.52,7.71,1.583,0.842,0.883,0.3957,496.19,4093.57,230,409.36,1.132,1.053,0.045,0.124,0.0,0.282,0,0,Normal,2.25,1.06,0.43,0.0,0,None
2026-03-15 09:30:00,29.39,1,1,0,231.28,10.5,2.17,1.093,0.893,0.5425,496.73,4098.05,230,409.8,1.584,1.053,0.056,0.123,0.0,0.407,0,0,Normal,2.35,3.51,0.85,0.0,0,None
2026-03-15 09:45:00,29.47,1,1,0,230.38,9.6,2.051,0.829,0.927,0.5128,497.25,4102.28,230,410.23,1.671,1.053,0.069,0.02,0.0,0.291,0,0,Normal,3.45,2.43,0.64,0.0,0,None
2026-03-15 10:00:00,30.12,1,1,0,231.84,10.59,2.301,0.856,0.937,0.5752,497.82,4107.02,230,410.7,1.92,1.053,0.043,0.02,0.0,0.318,0,0,Normal,2.13,1.56,0.32,0.0,0,None
2026-03-15 10:15:00,31.05,1,1,0,232.48,12.72,2.762,1.056,0.934,0.6905,498.51,4112.72,230,411.27,2.347,1.053,0.051,0.02,0.0,0.344,0,0,Normal,4.36,1.55,0.4,0.0,0,None
2026-03-15 10:30:00,31.62,1,1,0,230.4,13.53,2.875,1.206,0.922,0.7187,499.23,4118.65,230,411.86,2.534,1.053,0.05,0.02,0.0,0.271,0,0,Normal,4.12,1.72,0.36,0.0,0,None
2026-03-15 10:45:00,30.46,1,1,0,231.48,12.99,2.683,1.355,0.893,0.6708,499.9,4124.18,230,412.42,2.064,1.053,0.047,0.124,0.0,0.448,0,0,Normal,2.74,1.99,0.6,0.0,0,None
2026-03-15 11:00:00,32.41,0,1,0,233.2,1.75,0.371,0.169,0.91,0.0928,499.99,4124.95,230,412.49,0.0,1.053,0.031,0.123,0.0,0.217,0,0,Normal,4.23,3.09,0.91,0.0,0,None
2026-03-15 11:15:00,31.78,0,1,0,231.25,0.73,0.163,0.048,0.96,0.0407,500.03,4600.32,260,460.03,0.0,1.053,0.038,0.02,0.0,0.105,0,0,Normal,3.55,1.24,0.52,0.0,0,None
2026-03-15 11:30:00,31.91,0,1,0,231.04,1.34,0.273,0.144,0.884,0.0682,500.1,4600.94,260,460.09,0.0,1.053,0.048,0.02,0.0,0.205,0,0,Normal,3.33,2.85,0.25,0.0,0,None
2026-03-15 11:45:00,32.98,0,1,0,229.9,1.26,0.269,0.106,0.93,0.0672,500.17,4601.56,260,460.16,0.0,1.053,0.057,0.02,0.0,0.192,0,0,Normal,3.48,1.67,0.6,0.0,0,None
2026-03-15 12:00:00,32.92,0,1,0,230.67,0.86,0.174,0.094,0.881,0.0435,500.21,4601.96,260,460.2,0.0,1.053,0.058,0.02,0.0,0.096,0,0,Normal,4.45,2.58,0.87,0.0,0,None
2026-03-15 12:15:00,33.43,0,1,0,231.12,1.8,0.381,0.165,0.917,0.0952,500.31,4602.84,260,460.28,0.0,1.053,0.045,0.128,0.0,0.208,0,0,Normal,3.28,3.01,0.68,0.0,0,None
2026-03-15 12:30:00,32.26,0,1,0,229.17,1.89,0.391,0.184,0.905,0.0978,500.41,4603.74,260,460.37,0.0,1.053,0.072,0.116,0.0,0.203,0,0,Normal,2.05,1.58,0.67,0.0,0,None
2026-03-15 12:45:00,34.13,0,1,0,229.4,0.73,0.149,0.078,0.887,0.0373,500.44,4604.08,260,460.41,0.0,1.053,0.044,0.02,0.0,0.085,0,0,Normal,3.17,2.67,0.64,0.0,0,None
2026-03-15 13:00:00,34.1,0,1,0,230.51,0.81,0.175,0.068,0.932,0.0438,500.49,4604.48,260,460.45,0.0,1.053,0.058,0.02,0.0,0.097,0,0,Normal,2.4,2.94,0.95,0.0,0,None
2026-03-15 13:15:00,33.7,0,1,0,228.63,1.06,0.225,0.089,0.93,0.0562,500.54,4605.0,260,460.5,0.0,1.053,0.041,0.02,0.0,0.164,0,0,Normal,4.17,1.08,0.53,0.0,0,None
2026-03-15 13:30:00,34.08,0,1,0,227.68,1.39,0.301,0.101,0.948,0.0753,500.62,4605.69,260,460.57,0.0,1.053,0.05,0.02,0.0,0.231,0,0,Normal,4.16,3.33,0.24,0.0,0,None
2026-03-15 13:45:00,33.09,0,1,0,229.08,1.74,0.373,0.138,0.938,0.0932,500.71,4606.55,260,460.66,0.0,1.053,0.044,0.121,0.0,0.208,0,0,Normal,2.03,1.73,0.77,0.0,0,None
2026-03-15 14:00:00,34.59,0,1,0,227.84,1.6,0.345,0.117,0.947,0.0862,500.8,4607.34,260,460.73,0.0,1.053,0.058,0.113,0.0,0.174,0,0,Normal,3.65,2.14,0.21,0.0,0,None
2026-03-15 14:15:00,33.84,0,1,0,229.13,1.04,0.217,0.096,0.914,0.0542,500.85,4607.84,260,460.78,0.0,1.054,0.054,0.02,0.0,0.143,0,0,Normal,2.69,2.92,0.33,0.0,0,None
2026-03-15 14:30:00,33.9,0,1,0,226.32,0.88,0.175,0.093,0.883,0.0438,500.9,4608.25,260,460.82,0.0,1.054,0.046,0.02,0.0,0.109,0,0,Normal,4.4,2.31,0.51,0.0,0,None
2026-03-15 14:45:00,33.75,0,1,0,227.37,0.8,0.166,0.074,0.913,0.0415,500.94,4608.63,260,460.86,0.0,1.054,0.064,0.02,0.0,0.082,0,0,Normal,2.45,1.58,0.87,0.0,0,None
2026-03-15 15:00:00,33.51,1,1,0,226.72,19.26,3.854,2.052,0.883,0.9635,501.9,4617.49,260,461.75,3.376,1.054,0.055,0.02,0.0,0.403,0,0,Normal,2.43,1.46,0.3,0.0,0,None
2026-03-15 15:15:00,34.14,1,1,0,226.99,19.51,4.153,1.536,0.938,1.0382,502.94,4627.04,260,462.7,3.6,1.054,0.05,0.121,0.0,0.382,0,0,Normal,4.0,1.27,0.49,0.0,0,None
2026-03-15 15:30:00,33.92,1,1,0,226.72,19.18,4.128,1.367,0.949,1.032,503.97,4636.54,260,463.65,3.58,1.054,0.066,0.123,0.0,0.359,0,0,Normal,4.43,1.64,0.3,0.0,0,None
2026-03-15 15:45:00,34.12,1,1,0,225.02,19.7,4.091,1.706,0.923,1.0228,504.99,4645.95,260,464.59,3.63,1.054,0.047,0.02,0.0,0.394,0,0,Normal,2.93,1.34,0.58,0.0,0,None
2026-03-15 16:00:00,33.19,1,1,0,225.43,18.72,3.778,1.878,0.895,0.9445,505.94,4654.64,260,465.46,3.333,1.054,0.068,0.02,0.0,0.357,0,0,Normal,3.97,1.15,0.49,0.0,0,None
2026-03-15 16:15:00,33.45,1,1,0,227.46,19.61,3.932,2.106,0.881,0.983,506.92,4663.68,260,466.37,3.41,1.054,0.038,0.02,0.0,0.464,0,0,Normal,2.21,3.9,0.99,0.0,0,None
2026-03-15 16:30:00,32.99,1,1,0,226.67,16.91,3.498,1.568,0.913,0.8745,507.8,4671.73,260,467.17,3.161,1.054,0.052,0.02,0.0,0.265,0,0,Normal,3.22,3.4,0.66,0.0,0,None
2026-03-15 16:45:00,34.31,1,1,0,224.12,19.09,4.035,1.426,0.943,1.0088,508.8,4681.01,260,468.1,3.646,1.054,0.061,0.121,0.0,0.207,0,0,Normal,3.91,1.04,0.39,0.0,0,None
2026-03-15 17:00:00,31.46,1,1,0,225.05,13.48,2.868,0.99,0.945,0.717,509.52,4687.6,260,468.76,2.461,1.054,0.038,0.117,0.0,0.252,0,0,Normal,3.58,2.5,1.0,0.0,0,None
2026-03-15 17:15:00,32.87,1,1,0,227.11,17.06,3.684,1.198,0.951,0.921,510.44,4696.08,260,469.61,3.163,1.054,0.062,0.02,0.0,0.439,0,0,Normal,3.57,3.18,0.6,0.0,0,None
2026-03-15 17:30:00,32.93,1,1,0,223.5,18.28,3.679,1.777,0.9,0.9198,511.36,4704.54,260,470.45,3.175,1.054,0.032,0.02,0.0,0.452,0,0,Normal,4.13,2.08,0.82,0.0,0,None
2026-03-15 17:45:00,31.82,1,1,0,227.8,14.19,2.997,1.214,0.927,0.7493,512.11,4711.43,260,471.14,2.605,1.054,0.055,0.02,0.0,0.317,0,0,Normal,2.13,1.62,0.75,0.0,0,None
2026-03-15 18:00:00,32.11,1,1,1,227.61,16.7,3.568,1.312,0.939,0.892,513.0,4719.64,260,471.96,2.79,1.054,0.356,0.02,0.0,0.402,0,0,Normal,2.26,1.79,0.48,0.0,0,None
2026-03-15 18:15:00,31.5,1,1,1,225.04,16.3,3.346,1.505,0.912,0.8365,513.84,4727.33,260,472.73,2.489,1.054,0.355,0.116,0.0,0.386,0,0,Normal,3.81,3.68,0.27,0.0,0,None
2026-03-15 18:30:00,31.49,1,1,1,224.54,15.85,3.338,1.234,0.938,0.8345,514.67,4735.01,260,473.5,2.466,1.054,0.348,0.124,0.0,0.4,0,0,Normal,2.85,1.2,0.33,0.0,0,None
2026-03-15 18:45:00,31.01,1,1,1,225.87,14.11,2.928,1.259,0.919,0.732,515.41,4741.74,260,474.17,2.233,1.054,0.35,0.02,0.0,0.325,0,0,Normal,2.05,2.22,0.31,0.0,0,None
2026-03-15 19:00:00,29.44,1,1,1,223.89,19.98,4.086,1.823,0.913,1.0215,516.43,4751.14,260,475.11,1.654,1.054,0.348,0.02,1.813,0.251,0,0,Normal,2.8,1.66,0.73,0.0,0,None
2026-03-15 19:15:00,29.45,1,1,1,228.08,20.16,4.266,1.714,0.928,1.0665,517.5,4760.95,260,476.1,1.663,1.054,0.333,0.02,1.835,0.415,0,0,Normal,3.45,3.07,0.38,0.0,0,None
2026-03-15 19:30:00,29.75,1,1,1,226.52,19.15,3.879,1.941,0.894,0.9698,518.46,4769.88,260,476.99,1.771,1.054,0.355,0.02,1.397,0.336,0,0,Normal,3.88,2.48,0.91,0.0,0,None
2026-03-15 19:45:00,30.25,1,1,1,226.71,21.86,4.462,2.159,0.9,1.1155,519.58,4780.14,260,478.01,1.937,1.054,0.355,0.119,1.604,0.447,0,0,Normal,2.77,2.3,0.6,0.0,0,None
2026-03-15 20:00:00,28.09,1,1,1,226.68,18.0,3.75,1.611,0.919,0.9375,520.52,4788.76,260,478.88,1.107,1.054,0.35,0.117,1.671,0.505,0,0,Normal,2.59,3.61,0.81,0.0,0,None
2026-03-15 20:15:00,27.54,1,1,1,227.03,14.35,2.943,1.395,0.904,0.7357,521.25,4795.53,260,479.55,0.83,1.054,0.345,0.02,1.275,0.473,0,0,Normal,4.26,3.0,0.71,0.0,0,None
2026-03-15 20:30:00,28.41,1,1,1,228.9,14.77,3.145,1.241,0.93,0.7862,522.04,4802.77,260,480.28,1.263,1.054,0.36,0.02,1.25,0.252,0,0,Normal,2.17,3.31,0.26,0.0,0,None
2026-03-15 20:45:00,28.46,1,1,1,227.48,16.91,3.547,1.49,0.922,0.8868,522.93,4810.92,260,481.09,1.26,1.055,0.359,0.02,1.429,0.479,0,0,Normal,4.08,2.63,0.61,0.0,0,None
2026-03-15 21:00:00,26.77,1,1,1,226.37,15.04,3.123,1.357,0.917,0.7808,523.71,4818.11,260,481.81,0.512,1.055,0.369,0.02,1.903,0.319,0,0,Normal,2.1,3.84,0.69,0.0,0,None
2026-03-15 21:15:00,26.82,1,1,1,228.51,13.23,2.678,1.401,0.886,0.6695,524.38,4824.27,260,482.43,0.604,1.055,0.345,0.115,1.226,0.388,0,0,Normal,4.39,3.36,0.65,0.0,0,None
2026-03-15 21:30:00,26.31,1,1,1,225.74,13.64,2.739,1.407,0.89,0.6848,525.06,4830.57,260,483.06,0.302,1.055,0.334,0.123,1.55,0.43,0,0,Normal,4.41,3.48,0.37,0.0,0,None
2026-03-15 21:45:00,25.98,1,1,1,227.95,12.23,2.579,1.057,0.925,0.6448,525.71,4836.5,260,483.65,0.166,1.055,0.343,0.02,1.82,0.23,0,0,Normal,3.73,2.81,0.24,0.0,0,None
2026-03-15 22:00:00,24.57,1,1,1,226.32,3.19,0.68,0.239,0.943,0.17,525.88,4838.06,260,483.81,0.0,1.055,0.349,0.02,0.0,0.311,0,0,Normal,4.43,3.41,0.79,0.0,0,None
2026-03-15 22:15:00,24.18,1,1,1,228.98,3.82,0.816,0.318,0.932,0.204,526.08,4839.94,260,483.99,0.0,1.055,0.354,0.02,0.0,0.442,0,0,Normal,2.36,2.93,0.39,0.0,0,None
2026-03-15 22:30:00,25.12,1,1,1,227.07,3.46,0.747,0.242,0.951,0.1868,526.27,4841.66,260,484.17,0.0,1.055,0.345,0.02,0.0,0.382,0,0,Normal,3.21,1.24,0.56,0.0,0,None
2026-03-15 22:45:00,24.96,1,1,1,229.61,3.99,0.856,0.327,0.934,0.214,526.48,4843.63,260,484.36,0.0,1.055,0.349,0.12,0.0,0.387,0,0,Normal,4.21,1.3,0.82,0.0,0,None
2026-03-15 23:00:00,23.54,1,1,1,228.47,4.27,0.877,0.427,0.899,0.2192,526.7,4845.64,260,484.56,0.0,1.055,0.362,0.121,0.0,0.394,0,0,Normal,4.28,3.64,0.29,0.0,0,None
2026-03-15 23:15:00,22.28,1,1,1,229.77,3.79,0.792,0.364,0.908,0.198,526.9,4847.46,260,484.75,0.0,1.055,0.342,0.02,0.0,0.43,0,0,Normal,2.16,3.68,0.57,0.0,0,None
2026-03-15 23:30:00,23.13,1,1,1,229.73,3.68,0.794,0.288,0.94,0.1985,527.1,4849.29,260,484.93,0.0,1.055,0.349,0.02,0.0,0.425,0,0,Normal,4.25,2.53,0.37,0.0,0,None
2026-03-15 23:45:00,24.32,1,1,1,228.06,3.97,0.844,0.328,0.932,0.211,527.31,4851.23,260,485.12,0.0,1.055,0.357,0.02,0.0,0.467,0,0,Normal,4.06,2.99,0.61,0.0,0,None
2026-03-16 00:00:00,22.47,1,0,0,230.1,3.8,0.826,0.285,0.945,0.2065,527.51,4853.13,260,485.31,0.0,1.055,0.358,0.02,0.0,0.448,0,0,Normal,3.53,3.42,0.99,0.0,0,None
2026-03-16 00:15:00,22.98,1,0,0,229.68,3.99,0.861,0.316,0.939,0.2152,527.73,4855.11,260,485.51,0.0,1.055,0.353,0.11,0.0,0.398,0,0,Normal,2.99,2.92,0.3,0.0,0,None
2026-03-16 00:30:00,22.11,1,0,0,231.03,3.94,0.816,0.404,0.896,0.204,527.93,4856.99,260,485.7,0.0,1.055,0.344,0.123,0.0,0.349,0,0,Normal,3.98,1.03,0.35,0.0,0,None
2026-03-16 00:45:00,23.52,1,0,0,230.82,3.54,0.752,0.322,0.919,0.188,528.12,4858.72,260,485.87,0.0,1.055,0.36,0.02,0.0,0.372,0,0,Normal,2.54,3.25,0.83,0.0,0,None
2026-03-16 01:00:00,22.13,1,0,0,231.48,3.94,0.854,0.318,0.937,0.2135,528.34,4860.68,260,486.07,0.0,1.055,0.347,0.02,0.0,0.487,0,0,Normal,3.96,3.26,0.22,0.0,0,None
2026-03-16 01:15:00,22.35,1,0,0,230.54,3.21,0.681,0.291,0.919,0.1703,528.51,4862.25,260,486.22,0.0,1.055,0.337,0.02,0.0,0.324,0,0,Normal,2.24,3.1,0.96,0.0,0,None
2026-03-16 01:30:00,23.37,1,0,0,230.02,3.67,0.762,0.364,0.903,0.1905,528.7,4864.0,260,486.4,0.0,1.055,0.35,0.02,0.0,0.392,0,0,Normal,2.12,1.69,0.78,0.0,0,None
2026-03-16 01:45:00,22.96,1,0,0,231.43,3.64,0.745,0.392,0.885,0.1862,528.88,4865.71,260,486.57,0.0,1.055,0.332,0.124,0.0,0.289,0,0,Normal,3.72,2.45,0.75,0.0,0,None
2026-03-16 02:00:00,21.85,1,0,0,233.32,3.96,0.834,0.4,0.902,0.2085,529.09,4867.63,260,486.76,0.0,1.055,0.367,0.121,0.0,0.346,0,0,Normal,3.97,3.98,0.27,0.0,0,None
2026-03-16 02:15:00,21.7,1,0,0,232.04,3.75,0.828,0.271,0.95,0.207,529.3,4869.54,260,486.95,0.0,1.055,0.351,0.02,0.0,0.457,0,0,Normal,4.41,3.66,0.88,0.0,0,None
2026-03-16 02:30:00,21.84,1,0,0,231.01,3.78,0.776,0.402,0.888,0.194,529.49,4871.32,260,487.13,0.0,1.055,0.376,0.02,0.0,0.38,0,0,Normal,2.75,1.81,0.28,0.0,0,None
2026-03-16 02:45:00,22.25,1,0,0,229.7,3.55,0.741,0.338,0.91,0.1853,529.68,4873.03,260,487.3,0.0,1.055,0.342,0.02,0.0,0.379,0,0,Normal,4.24,2.55,0.46,0.0,0,None
2026-03-16 03:00:00,22.15,1,0,0,232.93,3.1,0.684,0.233,0.947,0.171,529.85,4874.6,260,487.46,0.0,1.055,0.333,0.02,0.0,0.331,0,0,Normal,2.11,3.09,0.34,0.0,0,None
2026-03-16 03:15:00,22.01,1,0,0,234.54,3.86,0.808,0.407,0.893,0.202,530.05,4876.46,260,487.65,0.0,1.056,0.347,0.111,0.0,0.35,0,0,Normal,3.74,2.89,0.63,0.0,0,None
2026-03-16 03:30:00,22.94,1,0,0,231.8,3.9,0.833,0.351,0.921,0.2082,530.26,4878.37,260,487.84,0.0,1.056,0.355,0.12,0.0,0.358,0,0,Normal,3.94,1.26,0.51,0.0,0,None
2026-03-16 03:45:00,22.15,1,0,0,234.32,3.8,0.833,0.315,0.935,0.2082,530.47,4880.29,260,488.03,0.0,1.056,0.362,0.02,0.0,0.451,0,0,Normal,2.96,2.2,0.3,0.0,0,None
2026-03-16 04:00:00,23.95,1,0,0,233.08,3.3,0.703,0.312,0.914,0.1758,530.64,4881.91,260,488.19,0.0,1.056,0.346,0.02,0.0,0.337,0,0,Normal,3.03,1.45,0.21,0.0,0,None
2026-03-16 04:15:00,22.85,1,0,0,233.4,2.86,0.618,0.252,0.926,0.1545,530.8,4883.33,260,488.33,0.0,1.056,0.345,0.02,0.0,0.253,0,0,Normal,3.34,2.84,0.26,0.0,0,None
2026-03-16 04:30:00,23.7,1,0,0,232.9,3.38,0.73,0.292,0.929,0.1825,530.98,4885.01,260,488.5,0.0,1.056,0.359,0.02,0.0,0.351,0,0,Normal,2.18,2.25,0.36,0.0,0,None
2026-03-16 04:45:00,22.98,1,0,0,233.54,3.85,0.798,0.417,0.886,0.1995,531.18,4886.84,260,488.68,0.0,1.056,0.342,0.123,0.0,0.333,0,0,Normal,4.21,1.15,0.4,0.0,0,None
2026-03-16 05:00:00,24.24,1,0,0,234.04,3.84,0.846,0.304,0.941,0.2115,531.39,4888.79,260,488.88,0.0,1.056,0.352,0.119,0.0,0.375,0,0,Normal,2.36,4.0,0.6,0.0,0,None
2026-03-16 05:15:00,23.4,1,0,0,233.31,3.5,0.751,0.321,0.92,0.1878,531.58,4890.52,260,489.05,0.0,1.056,0.345,0.02,0.0,0.386,0,0,Normal,3.92,3.71,0.29,0.0,0,None
2026-03-16 05:30:00,23.33,1,0,0,232.99,3.05,0.63,0.328,0.887,0.1575,531.74,4891.96,260,489.2,0.0,1.056,0.356,0.02,0.0,0.254,0,0,Normal,4.1,3.17,0.97,0.0,0,None
2026-03-16 05:45:00,23.99,1,0,0,232.42,3.78,0.781,0.4,0.89,0.1952,531.93,4893.76,260,489.38,0.0,1.056,0.356,0.02,0.0,0.405,0,0,Normal,3.54,3.63,0.97,0.0,0,None
2026-03-16 06:00:00,25.49,1,0,0,233.39,10.68,2.346,0.843,0.941,0.5865,532.52,4899.16,260,489.92,0.0,1.056,0.355,0.02,1.603,0.368,0,0,Normal,4.49,2.79,0.64,0.0,0,None
2026-03-16 06:15:00,25.02,1,0,0,233.55,12.1,2.499,1.32,0.884,0.6248,533.14,4904.9,260,490.49,0.0,1.056,0.348,0.113,1.575,0.463,0,0,Normal,3.65,3.3,0.98,0.0,0,None
2026-03-16 06:30:00,24.36,1,0,0,235.76,10.79,2.426,0.766,0.954,0.6065,533.75,4910.48,260,491.05,0.0,1.056,0.329,0.119,1.678,0.3,0,0,Normal,4.29,1.62,0.97,0.0,0,None
2026-03-16 06:45:00,24.32,1,0,0,232.84,11.15,2.426,0.922,0.935,0.6065,534.35,4916.06,260,491.61,0.0,1.056,0.353,0.02,1.565,0.488,0,0,Normal,3.89,1.83,0.26,0.0,0,None
2026-03-16 07:00:00,25.73,1,0,0,231.63,11.83,2.575,0.936,0.94,0.6438,535.0,4921.99,260,492.2,0.272,1.056,0.051,0.02,1.949,0.283,0,0,Normal,4.13,3.89,0.35,0.0,0,None
2026-03-16 07:15:00,25.56,1,0,0,237.0,10.09,2.215,0.898,0.927,0.5538,535.55,4927.08,260,492.71,0.053,1.056,0.06,0.02,1.725,0.357,0,0,Normal,3.05,1.19,0.43,0.0,0,None
2026-03-16 07:30:00,26.5,1,0,0,232.16,12.09,2.611,1.028,0.93,0.6527,536.21,4933.09,260,493.31,0.43,1.056,0.058,0.02,1.757,0.346,0,0,Normal,3.59,1.69,0.26,0.0,0,None
2026-03-16 07:45:00,27.01,1,0,0,231.37,13.35,2.846,1.198,0.922,0.7115,536.92,4939.63,260,493.96,0.631,1.056,0.051,0.128,1.759,0.277,0,0,Normal,2.93,2.75,0.64,0.0,0,None
2026-03-16 08:00:00,27.99,1,0,0,230.69,13.97,2.921,1.36,0.907,0.7303,537.65,4946.35,260,494.64,0.955,1.056,0.051,0.126,1.436,0.353,0,0,Normal,3.76,1.98,0.41,0.0,0,None
2026-03-16 08:15:00,26.87,1,0,0,233.16,11.33,2.457,0.973,0.93,0.6142,538.26,4952.0,260,495.2,0.58,1.056,0.064,0.02,1.399,0.394,0,0,Normal,2.11,1.19,0.89,0.0,0,None
2026-03-16 08:30:00,27.9,1,0,0,233.96,14.39,3.151,1.185,0.936,0.7877,539.05,4959.25,260,495.92,1.023,1.056,0.057,0.02,1.506,0.545,0,0,Normal,2.69,1.59,0.23,0.0,0,None
2026-03-16 08:45:00,27.92,1,0,0,232.3,13.98,3.087,1.008,0.951,0.7718,539.82,4966.35,260,496.63,1.096,1.056,0.05,0.02,1.446,0.475,0,0,Normal,4.35,3.48,0.46,0.0,0,None
2026-03-16 09:00:00,30.6,0,0,0,234.39,0.97,0.211,0.085,0.927,0.0528,539.87,4966.83,260,496.68,0.0,1.056,0.058,0.02,0.0,0.133,0,0,Normal,3.92,1.46,0.44,0.0,0,None
2026-03-16 09:15:00,28.82,0,0,0,229.64,1.35,0.281,0.133,0.904,0.0702,539.94,4967.48,260,496.75,0.0,1.056,0.05,0.122,0.0,0.109,0,0,Normal,3.02,1.89,0.21,0.0,0,None
2026-03-16 09:30:00,29.36,0,0,0,232.03,1.6,0.337,0.157,0.906,0.0842,540.03,4968.26,260,496.83,0.0,1.056,0.049,0.119,0.0,0.169,0,0,Normal,2.32,1.39,0.92,0.0,0,None
2026-03-16 09:45:00,30.41,0,0,0,229.76,1.01,0.209,0.102,0.898,0.0522,540.08,4968.74,260,496.87,0.0,1.056,0.056,0.02,0.0,0.133,0,0,Normal,3.34,3.94,0.98,0.0,0,None
2026-03-16 10:00:00,31.22,0,0,0,233.71,1.09,0.243,0.077,0.953,0.0608,540.14,4969.29,260,496.93,0.0,1.057,0.053,0.02,0.0,0.17,0,0,Normal,4.34,2.0,0.48,0.0,0,None
2026-03-16 10:15:00,31.28,0,0,0,232.08,1.48,0.314,0.138,0.916,0.0785,540.22,4970.02,260,497.0,0.0,1.057,0.069,0.02,0.0,0.225,0,0,Normal,3.62,1.22,0.76,0.0,0,None
2026-03-16 10:30:00,31.06,0,0,0,231.9,1.4,0.293,0.141,0.901,0.0733,540.29,4970.69,260,497.07,0.0,1.057,0.04,0.02,0.0,0.233,0,0,Normal,2.25,3.62,0.66,0.0,0,None
2026-03-16 10:45:00,31.16,0,0,0,232.53,1.44,0.316,0.109,0.945,0.079,540.37,4971.42,260,497.14,0.0,1.057,0.035,0.123,0.0,0.158,0,0,Normal,3.04,1.14,0.81,0.0,0,None
2026-03-16 11:00:00,32.63,0,0,0,231.41,1.78,0.382,0.153,0.928,0.0955,540.47,4972.3,260,497.23,0.0,1.057,0.06,0.116,0.0,0.206,0,0,Normal,2.75,3.67,0.37,0.0,0,None
2026-03-16 11:15:00,31.84,0,0,0,229.95,0.85,0.183,0.066,0.941,0.0458,540.51,4972.72,260,497.27,0.0,1.057,0.046,0.02,0.0,0.117,0,0,Normal,2.37,2.52,0.75,0.0,0,None
2026-03-16 11:30:00,32.68,0,0,0,231.25,0.92,0.199,0.073,0.939,0.0498,540.56,4973.17,260,497.32,0.0,1.057,0.05,0.02,0.0,0.129,0,0,Normal,4.33,3.53,0.26,0.0,0,None
2026-03-16 11:45:00,31.56,0,0,0,228.86,1.3,0.275,0.115,0.922,0.0688,540.63,4973.81,260,497.38,0.0,1.057,0.048,0.02,0.0,0.207,0,0,Normal,3.93,3.86,0.81,0.0,0,None
2026-03-16 12:00:00,33.36,0,0,0,230.69,0.82,0.178,0.064,0.941,0.0445,540.68,4974.22,260,497.42,0.0,1.057,0.05,0.02,0.0,0.108,0,0,Normal,4.12,2.33,0.78,0.0,0,None
2026-03-16 12:15:00,33.29,0,0,0,230.36,1.41,0.289,0.146,0.892,0.0723,540.75,4974.88,260,497.49,0.0,1.057,0.036,0.118,0.0,0.135,0,0,Normal,3.28,2.42,0.7,0.0,0,None
2026-03-16 12:30:00,32.89,0,0,0,229.32,1.66,0.343,0.164,0.902,0.0857,540.83,4975.67,260,497.57,0.0,1.057,0.046,0.119,0.0,0.178,0,0,Normal,2.84,2.84,0.45,0.0,0,None
2026-03-16 12:45:00,33.18,0,0,0,230.86,1.05,0.22,0.103,0.905,0.055,540.89,4976.18,260,497.62,0.0,1.057,0.051,0.02,0.0,0.149,0,0,Normal,3.84,2.82,0.51,0.0,0,None
2026-03-16 13:00:00,33.48,0,0,0,229.47,1.16,0.246,0.1,0.927,0.0615,540.95,4976.74,260,497.67,0.0,1.057,0.054,0.02,0.0,0.172,0,0,Normal,4.3,1.53,0.47,0.0,0,None
2026-03-16 13:15:00,33.26,0,0,0,225.89,1.17,0.24,0.112,0.907,0.06,541.01,4977.29,260,497.73,0.0,1.057,0.052,0.02,0.0,0.168,0,0,Normal,3.8,3.76,0.78,0.0,0,None
2026-03-16 13:30:00,33.62,0,0,0,226.02,1.42,0.282,0.152,0.88,0.0705,541.08,4977.94,260,497.79,0.0,1.057,0.055,0.02,0.0,0.207,0,0,Normal,2.91,3.27,0.28,0.0,0,None
2026-03-16 13:45:00,33.24,0,0,0,229.31,1.85,0.381,0.189,0.896,0.0952,541.18,4978.82,260,497.88,0.0,1.057,0.055,0.116,0.0,0.21,0,0,Normal,2.98,2.34,0.97,0.0,0,None
2026-03-16 14:00:00,34.16,0,0,0,229.47,1.63,0.335,0.166,0.896,0.0837,541.26,4979.59,260,497.96,0.0,1.057,0.036,0.12,0.0,0.179,0,0,Normal,3.91,2.31,0.67,0.0,0,None
2026-03-16 14:15:00,33.42,0,0,0,226.05,0.99,0.206,0.088,0.92,0.0515,541.31,4980.06,260,498.01,0.0,1.057,0.063,0.02,0.0,0.123,0,0,Normal,4.36,2.26,0.88,0.0,0,None
2026-03-16 14:30:00,34.36,0,0,0,229.2,1.44,0.292,0.154,0.885,0.073,541.38,4980.74,260,498.07,0.0,1.057,0.03,0.02,0.0,0.242,0,0,Normal,4.45,1.39,0.3,0.0,0,None
2026-03-16 14:45:00,33.41,0,0,0,228.96,1.1,0.228,0.107,0.905,0.057,541.44,4981.26,260,498.13,0.0,1.057,0.054,0.02,0.0,0.154,0,0,Normal,2.89,2.64,0.71,0.0,0,None
2026-03-16 15:00:00,33.51,0,0,0,227.94,0.82,0.166,0.087,0.885,0.0415,541.48,4981.64,260,498.16,0.0,1.057,0.039,0.02,0.0,0.107,0,0,Normal,3.25,1.24,0.66,0.0,0,None
2026-03-16 15:15:00,33.48,0,0,0,226.83,1.85,0.389,0.155,0.929,0.0972,541.58,4982.54,260,498.25,0.0,1.057,0.048,0.121,0.0,0.22,0,0,Normal,2.15,3.51,0.26,0.0,0,None
2026-03-16 15:30:00,34.46,0,0,0,225.98,1.87,0.377,0.191,0.892,0.0942,541.67,4983.4,260,498.34,0.0,1.057,0.038,0.123,0.0,0.216,0,0,Normal,2.65,1.12,0.64,0.0,0,None
2026-03-16 15:45:00,33.96,0,0,0,226.48,0.85,0.184,0.06,0.951,0.046,541.72,4983.83,260,498.38,0.0,1.057,0.055,0.02,0.0,0.109,0,0,Normal,4.27,3.03,0.38,0.0,0,None
2026-03-16 16:00:00,33.09,0,0,0,226.28,1.4,0.297,0.109,0.939,0.0742,541.79,4984.51,260,498.45,0.0,1.057,0.039,0.02,0.0,0.238,0,0,Normal,2.25,2.34,0.47,0.0,0,None
2026-03-16 16:15:00,33.45,0,0,0,224.02,0.93,0.199,0.064,0.952,0.0498,541.84,4984.97,260,498.5,0.0,1.057,0.044,0.02,0.0,0.135,0,0,Normal,3.16,2.49,0.98,0.0,0,None
2026-03-16 16:30:00,32.14,0,0,0,225.7,1.15,0.245,0.083,0.947,0.0612,541.91,4985.53,260,498.55,0.0,1.058,0.057,0.02,0.0,0.168,0,0,Normal,2.31,2.87,0.67,0.0,0,None
2026-03-16 16:45:00,33.17,0,0,0,228.05,1.58,0.32,0.163,0.891,0.08,541.99,4986.27,260,498.63,0.0,1.058,0.035,0.122,0.0,0.163,0,0,Normal,3.4,2.77,0.61,0.0,0,None
2026-03-16 17:00:00,33.24,0,0,0,226.99,1.91,0.398,0.172,0.918,0.0995,542.08,4987.18,260,498.72,0.0,1.058,0.055,0.122,0.0,0.221,0,0,Normal,3.82,1.56,0.72,0.0,0,None
2026-03-16 17:15:00,32.31,0,0,0,227.25,1.28,0.261,0.13,0.896,0.0652,542.15,4987.78,260,498.78,0.0,1.058,0.047,0.02,0.0,0.194,0,0,Normal,2.72,3.27,0.85,0.0,0,None
2026-03-16 17:30:00,32.28,0,0,0,225.47,1.07,0.229,0.075,0.95,0.0572,542.21,4988.31,260,498.83,0.0,1.058,0.045,0.02,0.0,0.164,0,0,Normal,4.24,3.41,0.27,0.0,0,None
2026-03-16 17:45:00,32.52,0,0,0,226.26,1.2,0.252,0.098,0.932,0.063,542.27,4988.89,260,498.89,0.0,1.058,0.039,0.02,0.0,0.193,0,0,Normal,3.22,1.82,0.74,0.0,0,None
2026-03-16 18:00:00,31.45,1,0,1,226.86,15.52,3.169,1.532,0.9,0.7922,543.06,4996.18,260,499.62,2.442,1.058,0.359,0.02,0.0,0.348,0,0,Normal,3.78,2.61,0.41,0.0,0,None
2026-03-16 18:15:00,30.0,1,0,1,224.14,13.13,2.756,1.033,0.936,0.689,543.75,5002.52,260,500.25,1.797,1.058,0.36,0.11,0.0,0.489,0,0,Normal,2.78,2.43,0.87,0.0,0,None
2026-03-16 18:30:00,30.16,1,0,1,225.73,14.64,2.919,1.551,0.883,0.7297,544.48,5009.23,260,500.92,1.998,1.058,0.355,0.121,0.0,0.445,0,0,Normal,3.39,1.74,0.83,0.0,0,None
2026-03-16 18:45:00,31.11,1,0,1,226.41,14.62,3.088,1.194,0.933,0.772,545.25,5016.33,260,501.63,2.362,1.058,0.333,0.02,0.0,0.373,0,0,Normal,3.04,2.36,0.54,0.0,0,None
2026-03-16 19:00:00,29.2,1,0,1,227.04,18.15,3.657,1.9,0.887,0.9143,546.17,5024.74,260,502.47,1.667,1.058,0.352,0.02,1.313,0.305,0,0,Normal,3.29,2.39,0.31,0.0,0,None
2026-03-16 19:15:00,30.21,1,0,1,227.12,19.14,4.118,1.393,0.947,1.0295,547.2,5034.21,260,503.42,2.044,1.058,0.346,0.02,1.439,0.269,0,0,Normal,2.86,3.42,0.25,0.0,0,None
2026-03-16 19:30:00,29.4,1,0,1,227.17,21.24,4.434,1.903,0.919,1.1085,548.31,5044.41,260,504.44,1.69,1.058,0.344,0.02,1.955,0.425,0,0,Normal,4.05,1.65,0.88,0.0,0,None
2026-03-16 19:45:00,28.59,1,0,1,225.64,17.3,3.713,1.204,0.951,0.9282,549.23,5052.95,260,505.3,1.351,1.058,0.36,0.123,1.595,0.284,0,0,Normal,3.35,3.13,0.52,0.0,0,None
2026-03-16 20:00:00,27.37,1,0,1,224.28,15.8,3.134,1.654,0.884,0.7835,550.02,5060.16,260,506.02,0.737,1.058,0.344,0.112,1.652,0.289,0,0,Normal,2.29,2.09,0.65,0.0,0,None
2026-03-16 20:15:00,26.63,1,0,1,223.79,13.44,2.671,1.384,0.888,0.6678,550.69,5066.3,260,506.63,0.483,1.058,0.35,0.02,1.51,0.308,0,0,Normal,2.55,3.66,0.48,0.0,0,None
2026-03-16 20:30:00,27.88,1,0,1,226.28,16.22,3.25,1.705,0.885,0.8125,551.5,5073.78,260,507.38,1.116,1.058,0.351,0.02,1.305,0.458,0,0,Normal,4.46,1.84,0.83,0.0,0,None
2026-03-16 20:45:00,27.91,1,0,1,227.63,14.2,2.87,1.489,0.888,0.7175,552.22,5080.38,260,508.04,0.954,1.058,0.348,0.02,1.248,0.3,0,0,Normal,2.05,1.29,0.53,0.0,0,None
2026-03-16 21:00:00,26.23,1,0,1,228.49,12.13,2.533,1.127,0.914,0.6332,552.85,5086.21,260,508.62,0.307,1.058,0.365,0.02,1.456,0.385,0,0,Normal,3.82,2.9,0.99,0.0,0,None
2026-03-16 21:15:00,26.99,1,0,1,226.4,15.61,3.132,1.637,0.886,0.783,553.63,5093.41,260,509.34,0.576,1.058,0.351,0.123,1.761,0.321,0,0,Normal,2.52,2.7,0.82,0.0,0,None
2026-03-16 21:30:00,27.05,1,0,1,228.84,16.06,3.344,1.526,0.91,0.836,554.47,5101.1,260,510.11,0.688,1.058,0.362,0.125,1.826,0.343,0,0,Normal,3.41,3.59,0.62,0.0,0,None
2026-03-16 21:45:00,26.36,1,0,1,228.08,14.23,2.968,1.314,0.914,0.742,555.21,5107.93,260,510.79,0.412,1.058,0.327,0.02,1.934,0.275,0,0,Normal,3.33,1.19,0.3,0.0,0,None
2026-03-16 22:00:00,23.93,1,0,1,230.02,3.61,0.758,0.337,0.914,0.1895,555.4,5109.67,260,510.97,0.0,1.058,0.338,0.02,0.0,0.4,0,0,Normal,2.81,2.82,0.34,0.0,0,None
2026-03-16 22:15:00,25.31,1,0,1,229.12,3.64,0.753,0.358,0.903,0.1882,555.59,5111.4,260,511.14,0.0,1.058,0.344,0.02,0.0,0.389,0,0,Normal,2.23,1.44,0.64,0.0,0,None
2026-03-16 22:30:00,25.28,1,0,1,231.01,3.59,0.747,0.359,0.901,0.1868,555.77,5113.12,260,511.31,0.0,1.058,0.359,0.02,0.0,0.368,0,0,Normal,3.82,3.84,0.83,0.0,0,None
2026-03-16 22:45:00,25.15,1,0,1,229.64,4.24,0.873,0.432,0.896,0.2182,555.99,5115.13,260,511.51,0.0,1.058,0.353,0.116,0.0,0.404,0,0,Normal,3.58,3.06,0.56,0.0,0,None
2026-03-16 23:00:00,24.25,1,0,1,228.32,3.46,0.734,0.295,0.928,0.1835,556.18,5116.82,260,511.68,0.0,1.059,0.355,0.111,0.0,0.268,0,0,Normal,2.17,2.41,0.52,0.0,0,None
2026-03-16 23:15:00,23.17,1,0,1,230.67,3.75,0.793,0.343,0.918,0.1982,556.37,5118.64,260,511.86,0.0,1.059,0.361,0.02,0.0,0.412,0,0,Normal,3.86,1.28,0.93,0.0,0,None
2026-03-16 23:30:00,24.76,1,0,1,228.91,2.98,0.652,0.199,0.956,0.163,556.54,5120.14,260,512.01,0.0,1.059,0.344,0.02,0.0,0.288,0,0,Normal,4.04,2.22,0.37,0.0,0,None
2026-03-16 23:45:00,23.28,1,0,1,229.95,3.77,0.771,0.394,0.89,0.1928,556.73,5121.91,260,512.19,0.0,1.059,0.366,0.02,0.0,0.385,0,0,Normal,4.16,3.48,0.41,0.0,0,None
2026-03-17 00:00:00,23.18,1,0,0,230.42,3.54,0.762,0.292,0.934,0.1905,556.92,5123.67,260,512.37,0.0,1.059,0.343,0.02,0.0,0.399,0,0,Normal,3.31,1.33,0.5,0.0,0,None
2026-03-17 00:15:00,21.96,1,0,0,231.57,3.54,0.724,0.384,0.884,0.181,557.1,5125.33,260,512.53,0.0,1.059,0.364,0.121,0.0,0.239,0,0,Normal,3.6,3.79,0.61,0.0,0,None
2026-03-17 00:30:00,22.34,1,0,0,230.27,3.83,0.821,0.323,0.931,0.2052,557.31,5127.22,260,512.72,0.0,1.059,0.367,0.113,0.0,0.341,0,0,Normal,3.91,2.56,0.25,0.0,0,None
2026-03-17 00:45:00,23.56,1,0,0,229.96,3.77,0.824,0.27,0.95,0.206,557.51,5129.12,260,512.91,0.0,1.059,0.351,0.02,0.0,0.453,0,0,Normal,4.48,1.5,0.54,0.0,0,None
2026-03-17 01:00:00,22.07,1,0,0,230.41,11.53,2.345,1.247,0.883,0.5863,558.1,5134.51,260,513.45,1.6,1.059,0.34,0.02,0.0,0.385,1,1,Unnecessary Night HVAC,3.03,1.14,0.49,0.0,0,None
2026-03-17 01:15:00,22.62,1,0,0,231.43,11.76,2.444,1.198,0.898,0.611,558.71,5140.13,260,514.01,1.6,1.059,0.355,0.02,0.0,0.469,1,1,Unnecessary Night HVAC,4.48,3.55,0.59,0.0,0,None
2026-03-17 01:30:00,22.32,1,0,0,230.22,10.52,2.3,0.758,0.95,0.575,559.28,5145.42,260,514.54,1.6,1.059,0.331,0.02,0.0,0.349,1,1,Unnecessary Night HVAC,2.57,3.38,0.56,0.0,0,None
2026-03-17 01:45:00,22.15,1,0,0,231.95,12.0,2.463,1.299,0.885,0.6158,559.9,5151.08,260,515.11,1.6,1.059,0.34,0.123,0.0,0.4,1,1,Unnecessary Night HVAC,3.26,2.47,0.73,0.0,0,None
2026-03-17 02:00:00,22.68,1,0,0,231.63,10.7,2.333,0.834,0.942,0.5832,560.48,5156.45,260,515.65,1.6,1.059,0.363,0.119,0.0,0.251,1,1,Unnecessary Night HVAC,2.89,2.36,0.25,0.0,0,None
2026-03-17 02:15:00,21.88,1,0,0,231.7,11.32,2.394,1.073,0.912,0.5985,561.08,5161.96,260,516.2,1.6,1.059,0.354,0.02,0.0,0.42,1,1,Unnecessary Night HVAC,3.1,3.27,0.54,0.0,0,None
2026-03-17 02:30:00,21.11,1,0,0,232.88,10.16,2.223,0.812,0.939,0.5558,561.64,5167.07,260,516.71,1.6,1.059,0.345,0.02,0.0,0.258,1,1,Unnecessary Night HVAC,2.98,1.53,0.23,0.0,0,None
2026-03-17 02:45:00,21.6,1,0,0,232.05,10.7,2.244,1.061,0.904,0.561,562.2,5172.23,260,517.22,1.6,1.059,0.347,0.02,0.0,0.277,1,1,Unnecessary Night HVAC,2.28,3.77,0.99,0.0,0,None
2026-03-17 03:00:00,22.48,1,0,0,233.59,10.57,2.292,0.919,0.928,0.573,562.77,5177.5,260,517.75,1.6,1.059,0.352,0.02,0.0,0.32,1,1,Unnecessary Night HVAC,3.82,1.13,0.45,0.0,0,None
2026-03-17 03:15:00,22.4,1,0,0,233.45,11.56,2.566,0.833,0.951,0.6415,563.41,5183.4,260,518.34,1.6,1.059,0.339,0.12,0.0,0.507,1,1,Unnecessary Night HVAC,3.72,2.41,0.29,0.0,0,None
2026-03-17 03:30:00,21.42,1,0,0,232.15,11.68,2.444,1.177,0.901,0.611,564.02,5189.03,260,518.9,1.6,1.059,0.353,0.121,0.0,0.37,1,1,Unnecessary Night HVAC,2.22,1.93,0.75,0.0,0,None
2026-03-17 03:45:00,21.84,1,0,0,233.15,10.66,2.371,0.746,0.954,0.5928,564.62,5194.48,260,519.45,1.6,1.059,0.355,0.02,0.0,0.396,1,1,Unnecessary Night HVAC,2.87,2.81,0.49,0.0,0,None
2026-03-17 04:00:00,22.51,1,0,0,229.97,11.94,2.475,1.187,0.902,0.6188,565.24,5200.17,260,520.02,1.6,1.059,0.348,0.02,0.0,0.507,1,1,Unnecessary Night HVAC,4.47,2.09,0.7,0.0,0,None
2026-03-17 04:15:00,22.62,1,0,0,233.19,10.63,2.274,0.984,0.918,0.5685,565.8,5205.4,260,520.54,1.6,1.059,0.339,0.02,0.0,0.315,1,1,Unnecessary Night HVAC,4.44,2.54,0.92,0.0,0,None
2026-03-17 04:30:00,22.12,1,0,0,233.77,10.75,2.295,1.025,0.913,0.5738,566.38,5210.68,260,521.07,1.6,1.059,0.33,0.02,0.0,0.345,1,1,Unnecessary Night HVAC,4.49,3.67,0.9,0.0,0,None
2026-03-17 04:45:00,22.49,1,0,0,232.26,11.26,2.422,0.984,0.926,0.6055,566.98,5216.25,260,521.63,1.6,1.059,0.355,0.115,0.0,0.352,1,1,Unnecessary Night HVAC,3.29,3.63,0.56,0.0,0,None
2026-03-17 05:00:00,23.39,1,0,0,235.32,4.3,0.953,0.339,0.942,0.2382,567.22,5218.44,260,521.84,0.0,1.059,0.353,0.126,0.0,0.474,0,0,Normal,3.13,1.71,0.36,0.0,0,None
2026-03-17 05:15:00,24.14,1,0,0,233.69,3.71,0.804,0.323,0.928,0.201,567.42,5220.29,260,522.03,0.0,1.059,0.355,0.02,0.0,0.429,0,0,Normal,4.21,2.84,0.27,0.0,0,None
2026-03-17 05:30:00,24.16,1,0,0,234.58,4.17,0.877,0.436,0.896,0.2192,567.64,5222.31,260,522.23,0.0,1.06,0.354,0.02,0.0,0.503,0,0,Normal,3.73,2.52,0.34,0.0,0,None
2026-03-17 05:45:00,23.68,1,0,0,232.62,3.02,0.62,0.332,0.881,0.155,567.8,5223.73,260,522.37,0.0,1.06,0.35,0.02,0.0,0.25,0,0,Normal,3.13,2.2,0.71,0.0,0,None
2026-03-17 06:00:00,24.8,1,0,0,233.3,10.52,2.229,1.028,0.908,0.5572,568.35,5228.86,260,522.89,0.0,1.06,0.343,0.02,1.479,0.387,0,0,Normal,2.95,2.04,0.54,0.0,0,None
2026-03-17 06:15:00,25.07,1,0,0,235.63,12.45,2.813,0.832,0.959,0.7032,569.06,5235.33,260,523.53,0.0,1.06,0.339,0.121,1.902,0.451,0,0,Normal,4.1,3.08,0.43,0.0,0,None
2026-03-17 06:30:00,24.59,1,0,0,235.81,11.56,2.443,1.211,0.896,0.6108,569.67,5240.95,260,524.1,0.0,1.06,0.342,0.12,1.46,0.521,0,0,Normal,2.63,3.94,0.45,0.0,0,None
2026-03-17 06:45:00,24.43,1,0,0,234.01,11.82,2.541,1.094,0.919,0.6352,570.3,5246.79,260,524.68,0.0,1.06,0.346,0.02,1.78,0.395,0,0,Normal,4.21,1.33,0.64,0.0,0,None
2026-03-17 07:00:00,25.98,1,0,0,232.82,10.28,2.136,1.082,0.892,0.534,570.84,5251.71,260,525.17,0.177,1.06,0.038,0.02,1.509,0.392,0,0,Normal,4.38,3.84,0.92,0.0,0,None
2026-03-17 07:15:00,26.13,1,0,0,232.54,11.76,2.557,0.972,0.935,0.6392,571.48,5257.59,260,525.76,0.255,1.06,0.057,0.02,1.879,0.346,0,0,Normal,2.17,3.69,0.27,0.0,0,None
2026-03-17 07:30:00,25.87,1,0,0,234.75,8.92,1.93,0.812,0.922,0.4825,571.96,5262.03,260,526.2,0.162,1.06,0.056,0.02,1.227,0.465,0,0,Normal,2.96,3.11,0.2,0.0,0,None
2026-03-17 07:45:00,26.53,1,0,0,235.95,11.19,2.482,0.901,0.94,0.6205,572.58,5267.74,260,526.77,0.405,1.06,0.061,0.124,1.566,0.326,0,0,Normal,4.43,2.36,0.43,0.0,0,None
2026-03-17 08:00:00,28.36,1,0,0,233.26,15.43,3.168,1.709,0.88,0.792,573.37,5275.02,260,527.5,1.156,1.06,0.053,0.121,1.595,0.243,0,0,Normal,4.16,1.18,0.67,0.0,0,None
2026-03-17 08:15:00,27.21,1,0,0,234.22,13.97,3.068,1.135,0.938,0.767,574.14,5282.08,260,528.21,0.824,1.06,0.048,0.02,1.833,0.343,0,0,Normal,4.27,1.77,0.56,0.0,0,None
2026-03-17 08:30:00,28.01,1,0,0,234.04,15.94,3.468,1.377,0.929,0.867,575.01,5290.06,260,529.01,1.053,1.06,0.054,0.02,1.889,0.452,0,0,Normal,4.19,3.34,0.81,0.0,0,None
2026-03-17 08:45:00,27.89,1,0,0,233.56,13.29,2.889,1.132,0.931,0.7222,575.73,5296.7,260,529.67,1.023,1.06,0.051,0.02,1.512,0.283,0,0,Normal,2.56,3.11,0.22,0.0,0,None
2026-03-17 09:00:00,29.72,0,0,0,233.63,1.35,0.292,0.119,0.927,0.073,575.8,5297.37,260,529.74,0.0,1.06,0.056,0.02,0.0,0.216,0,0,Normal,2.29,1.61,0.37,0.0,0,None
2026-03-17 09:15:00,29.55,0,0,0,233.45,1.9,0.424,0.131,0.956,0.106,575.91,5298.35,260,529.83,0.0,1.06,0.046,0.129,0.0,0.249,0,0,Normal,3.85,3.47,0.4,0.0,0,None
2026-03-17 09:30:00,28.83,0,0,0,231.2,1.69,0.352,0.17,0.9,0.088,576.0,5299.16,260,529.92,0.0,1.06,0.042,0.11,0.0,0.2,0,0,Normal,4.37,3.41,0.73,0.0,0,None
2026-03-17 09:45:00,28.92,0,0,0,229.0,0.82,0.169,0.082,0.9,0.0422,576.04,5299.54,260,529.95,0.0,1.06,0.05,0.02,0.0,0.099,0,0,Normal,2.78,3.65,0.82,0.0,0,None
2026-03-17 10:00:00,31.01,0,0,0,234.54,1.37,0.3,0.113,0.936,0.075,576.11,5300.23,260,530.02,0.0,1.06,0.039,0.02,0.0,0.241,0,0,Normal,2.25,2.16,0.58,0.0,0,None
2026-03-17 10:15:00,31.51,0,0,0,231.48,1.3,0.269,0.135,0.894,0.0672,576.18,5300.85,260,530.09,0.0,1.06,0.055,0.02,0.0,0.194,0,0,Normal,2.98,1.28,0.48,0.0,0,None
2026-03-17 10:30:00,29.89,0,0,0,232.6,1.28,0.274,0.119,0.918,0.0685,576.25,5301.48,260,530.15,0.0,1.06,0.06,0.02,0.0,0.194,0,0,Normal,2.98,1.75,0.8,0.0,0,None
2026-03-17 10:45:00,31.17,0,0,0,231.3,1.83,0.405,0.126,0.955,0.1013,576.35,5302.42,260,530.24,0.0,1.06,0.054,0.118,0.0,0.233,0,0,Normal,4.43,1.29,0.42,0.0,0,None
2026-03-17 11:00:00,32.84,0,0,0,231.69,1.66,0.344,0.171,0.896,0.086,576.44,5303.21,260,530.32,0.0,1.06,0.046,0.115,0.0,0.183,0,0,Normal,2.8,3.68,0.4,0.0,0,None
2026-03-17 11:15:00,32.17,0,0,0,229.7,1.45,0.301,0.142,0.904,0.0752,576.51,5303.9,260,530.39,0.0,1.06,0.053,0.02,0.0,0.228,0,0,Normal,2.68,1.75,0.37,0.0,0,None
2026-03-17 11:30:00,32.52,0,0,0,231.85,1.1,0.228,0.112,0.898,0.057,576.57,5304.42,260,530.44,0.0,1.06,0.039,0.02,0.0,0.169,0,0,Normal,2.33,2.6,0.91,0.0,0,None
2026-03-17 11:45:00,31.89,0,0,0,230.79,1.15,0.247,0.099,0.929,0.0618,576.63,5304.99,260,530.5,0.0,1.06,0.054,0.02,0.0,0.173,0,0,Normal,2.21,1.14,0.71,0.0,0,None
2026-03-17 12:00:00,33.14,0,0,0,227.93,1.33,0.272,0.134,0.898,0.068,576.7,5305.62,260,530.56,0.0,1.061,0.058,0.02,0.0,0.194,0,0,Normal,4.06,1.06,0.54,0.0,0,None
2026-03-17 12:15:00,32.39,0,0,0,230.03,1.75,0.37,0.161,0.917,0.0925,576.79,5306.47,260,530.65,0.0,1.061,0.052,0.114,0.0,0.204,0,0,Normal,2.56,1.11,0.25,0.0,0,None
2026-03-17 12:30:00,32.02,0,0,0,230.86,1.88,0.387,0.198,0.89,0.0968,576.89,5307.36,260,530.74,0.0,1.061,0.062,0.119,0.0,0.206,0,0,Normal,2.63,1.16,0.27,0.0,0,None
2026-03-17 12:45:00,33.67,0,0,0,227.44,1.32,0.27,0.132,0.898,0.0675,576.95,5307.98,260,530.8,0.0,1.061,0.05,0.02,0.0,0.2,0,0,Normal,2.03,2.4,0.38,0.0,0,None
2026-03-17 13:00:00,33.3,0,0,0,228.43,0.81,0.173,0.068,0.932,0.0432,577.0,5308.38,260,530.84,0.0,1.061,0.034,0.02,0.0,0.119,0,0,Normal,3.85,2.53,0.31,0.0,0,None
2026-03-17 13:15:00,33.57,0,0,0,232.38,1.44,0.309,0.129,0.923,0.0772,577.07,5309.09,260,530.91,0.0,1.061,0.04,0.02,0.0,0.249,0,0,Normal,2.11,2.52,0.26,0.0,0,None
2026-03-17 13:30:00,33.1,0,0,0,230.0,0.86,0.186,0.068,0.94,0.0465,577.12,5309.52,260,530.95,0.0,1.061,0.052,0.02,0.0,0.114,0,0,Normal,3.1,3.75,0.95,0.0,0,None
2026-03-17 13:45:00,33.09,0,0,0,229.69,1.85,0.401,0.137,0.946,0.1003,577.22,5310.44,260,531.04,0.0,1.061,0.052,0.118,0.0,0.231,0,0,Normal,3.67,1.82,0.36,0.0,0,None
2026-03-17 14:00:00,33.91,0,0,0,227.73,1.87,0.396,0.158,0.929,0.099,577.32,5311.35,260,531.13,0.0,1.061,0.052,0.125,0.0,0.219,0,0,Normal,2.96,2.97,0.41,0.0,0,None
2026-03-17 14:15:00,33.64,0,0,0,229.26,1.17,0.255,0.086,0.948,0.0638,577.38,5311.94,260,531.19,0.0,1.061,0.06,0.02,0.0,0.175,0,0,Normal,3.2,1.03,0.79,0.0,0,None
2026-03-17 14:30:00,34.19,0,0,0,224.55,1.13,0.243,0.074,0.956,0.0608,577.45,5312.49,260,531.25,0.0,1.061,0.053,0.02,0.0,0.17,0,0,Normal,3.02,1.19,0.36,0.0,0,None
2026-03-17 14:45:00,34.23,0,0,0,227.75,1.37,0.295,0.099,0.948,0.0738,577.52,5313.17,260,531.32,0.0,1.061,0.047,0.02,0.0,0.228,0,0,Normal,4.37,1.05,0.68,0.0,0,None
2026-03-17 15:00:00,33.96,0,0,0,225.42,1.24,0.261,0.097,0.937,0.0652,577.58,5313.77,260,531.38,0.0,1.061,0.054,0.02,0.0,0.187,0,0,Normal,3.86,3.39,0.27,0.0,0,None
2026-03-17 15:15:00,33.91,0,0,0,226.17,1.58,0.321,0.157,0.899,0.0802,577.66,5314.51,260,531.45,0.0,1.061,0.055,0.125,0.0,0.141,0,0,Normal,3.41,2.0,0.81,0.0,0,None
2026-03-17 15:30:00,34.58,0,0,0,227.42,1.68,0.364,0.118,0.951,0.091,577.76,5315.35,260,531.53,0.0,1.061,0.055,0.119,0.0,0.19,0,0,Normal,4.01,1.79,0.78,0.0,0,None
2026-03-17 15:45:00,33.26,0,0,0,226.09,0.95,0.191,0.099,0.887,0.0478,577.8,5315.79,260,531.58,0.0,1.061,0.049,0.02,0.0,0.122,0,0,Normal,3.03,2.13,0.48,0.0,0,None
2026-03-17 16:00:00,33.17,0,0,0,226.53,1.15,0.23,0.121,0.885,0.0575,577.86,5316.32,260,531.63,0.0,1.061,0.055,0.02,0.0,0.155,0,0,Normal,2.0,1.8,0.44,0.0,0,None
2026-03-17 16:15:00,33.76,0,0,0,225.39,1.12,0.225,0.113,0.894,0.0562,577.92,5316.83,260,531.68,0.0,1.061,0.054,0.02,0.0,0.151,0,0,Normal,4.07,1.67,0.46,0.0,0,None
2026-03-17 16:30:00,33.83,0,0,0,226.35,1.0,0.201,0.102,0.891,0.0503,577.97,5317.3,260,531.73,0.0,1.061,0.059,0.02,0.0,0.122,0,0,Normal,2.09,2.39,0.26,0.0,0,None
2026-03-17 16:45:00,32.49,0,0,0,227.83,2.0,0.424,0.169,0.929,0.106,578.07,5318.27,260,531.83,0.0,1.061,0.06,0.118,0.0,0.246,0,0,Normal,2.0,1.04,0.65,0.0,0,None
2026-03-17 17:00:00,32.09,0,0,0,224.37,1.58,0.326,0.138,0.921,0.0815,578.15,5319.02,260,531.9,0.0,1.061,0.047,0.12,0.0,0.159,0,0,Normal,3.52,3.83,0.64,0.0,0,None
2026-03-17 17:15:00,32.92,0,0,0,225.26,0.79,0.171,0.051,0.958,0.0427,578.2,5319.41,260,531.94,0.0,1.061,0.042,0.02,0.0,0.109,0,0,Normal,4.5,2.75,0.9,0.0,0,None
2026-03-17 17:30:00,32.5,0,0,0,227.33,1.5,0.315,0.132,0.922,0.0788,578.28,5320.14,260,532.01,0.0,1.061,0.054,0.02,0.0,0.241,0,0,Normal,4.26,1.05,0.94,0.0,0,None
2026-03-17 17:45:00,32.34,0,0,0,225.32,1.34,0.277,0.121,0.917,0.0693,578.35,5320.78,260,532.08,0.0,1.061,0.049,0.02,0.0,0.208,0,0,Normal,3.71,1.41,0.69,0.0,0,None
2026-03-17 18:00:00,30.89,1,0,1,226.48,14.27,2.873,1.48,0.889,0.7182,579.06,5327.38,260,532.74,2.231,1.061,0.338,0.02,0.0,0.284,0,0,Normal,2.39,3.26,0.99,0.0,0,None
2026-03-17 18:15:00,30.81,1,0,1,224.63,14.89,3.032,1.414,0.906,0.758,579.82,5334.36,260,533.44,2.212,1.061,0.36,0.126,0.0,0.334,0,0,Normal,4.47,1.69,0.56,0.0,0,None
2026-03-17 18:30:00,31.14,1,0,1,225.82,16.12,3.23,1.68,0.887,0.8075,580.63,5341.79,260,534.18,2.43,1.062,0.349,0.119,0.0,0.332,0,0,Normal,4.2,2.56,0.9,0.0,0,None
2026-03-17 18:45:00,30.87,1,0,1,225.97,13.9,2.893,1.225,0.921,0.7232,581.35,5348.44,260,534.84,2.253,1.062,0.356,0.02,0.0,0.264,0,0,Normal,3.9,3.81,0.27,0.0,0,None
2026-03-17 19:00:00,29.53,1,0,1,226.53,20.08,4.08,2.011,0.897,1.02,582.37,5357.82,260,535.78,1.747,1.062,0.37,0.02,1.518,0.425,0,0,Normal,3.93,3.62,0.99,0.0,0,None
2026-03-17 19:15:00,29.59,1,0,1,224.02,19.37,4.029,1.609,0.929,1.0072,583.38,5367.09,260,536.71,1.662,1.062,0.354,0.02,1.618,0.375,0,0,Normal,3.25,3.62,0.42,0.0,0,None
2026-03-17 19:30:00,29.21,1,0,1,225.13,20.3,4.072,2.074,0.891,1.018,584.4,5376.46,260,537.65,1.705,1.062,0.35,0.02,1.755,0.242,0,0,Normal,4.06,3.21,0.41,0.0,0,None
2026-03-17 19:45:00,29.82,1,0,1,226.1,21.3,4.564,1.539,0.948,1.141,585.54,5386.95,260,538.7,1.786,1.062,0.353,0.125,1.812,0.488,0,0,Normal,3.23,2.13,0.5,0.0,0,None
2026-03-17 20:00:00,29.46,1,0,1,227.95,21.45,4.329,2.271,0.886,1.0823,586.62,5396.91,260,539.69,1.624,1.062,0.338,0.121,1.844,0.402,0,0,Normal,2.12,3.99,0.61,0.0,0,None
2026-03-17 20:15:00,27.11,1,0,1,227.63,14.13,3.024,1.099,0.94,0.756,587.38,5403.87,260,540.39,0.751,1.062,0.35,0.02,1.545,0.358,0,0,Normal,2.43,3.11,0.51,0.0,0,None
2026-03-17 20:30:00,28.16,1,0,1,226.82,17.25,3.634,1.45,0.929,0.9085,588.29,5412.22,260,541.22,1.068,1.062,0.347,0.02,1.816,0.383,0,0,Normal,3.34,3.68,0.6,0.0,0,None
2026-03-17 20:45:00,27.62,1,0,1,225.4,14.83,3.181,1.028,0.952,0.7953,589.08,5419.54,260,541.95,0.913,1.062,0.351,0.02,1.435,0.462,0,0,Normal,3.62,1.86,0.87,0.0,0,None
2026-03-17 21:00:00,26.74,1,0,1,225.36,14.07,2.936,1.2,0.926,0.734,589.81,5426.29,260,542.63,0.674,1.062,0.338,0.02,1.506,0.398,0,0,Normal,2.96,1.07,0.41,0.0,0,None
2026-03-17 21:15:00,26.47,1,0,1,226.96,12.51,2.653,1.014,0.934,0.6632,590.48,5432.4,260,543.24,0.382,1.062,0.35,0.127,1.335,0.459,0,0,Normal,2.76,2.32,0.21,0.0,0,None
2026-03-17 21:30:00,26.83,1,0,1,228.18,15.26,3.158,1.469,0.907,0.7895,591.27,5439.66,260,543.97,0.46,1.062,0.354,0.126,1.896,0.322,0,0,Normal,3.95,2.85,0.79,0.0,0,None
2026-03-17 21:45:00,27.03,1,0,1,229.42,15.53,3.276,1.4,0.92,0.819,592.09,5447.19,260,544.72,0.65,1.062,0.336,0.02,1.88,0.39,0,0,Normal,4.03,2.57,0.65,0.0,0,None
2026-03-17 22:00:00,25.1,1,0,1,227.05,3.08,0.661,0.231,0.944,0.1652,592.25,5448.71,260,544.87,0.0,1.062,0.344,0.02,0.0,0.297,0,0,Normal,3.34,1.79,0.54,0.0,0,None
2026-03-17 22:15:00,25.57,1,0,1,225.68,3.23,0.682,0.255,0.937,0.1705,592.42,5450.28,260,545.03,0.0,1.062,0.351,0.02,0.0,0.311,0,0,Normal,2.59,1.88,0.65,0.0,0,None
2026-03-17 22:30:00,23.83,1,0,1,228.5,3.8,0.806,0.324,0.928,0.2015,592.62,5452.14,260,545.21,0.0,1.062,0.342,0.02,0.0,0.444,0,0,Normal,3.53,1.95,0.51,0.0,0,None
2026-03-17 22:45:00,25.8,1,0,1,229.37,5.31,1.076,0.57,0.884,0.269,592.89,5454.61,260,545.46,0.179,1.062,0.355,0.119,0.0,0.423,0,0,Normal,4.09,1.99,0.97,0.0,0,None
2026-03-17 23:00:00,23.94,1,0,1,229.39,4.43,0.944,0.373,0.93,0.236,593.13,5456.78,260,545.68,0.0,1.062,0.358,0.121,0.0,0.465,0,0,Normal,4.01,3.9,0.23,0.0,0,None
2026-03-17 23:15:00,24.3,1,0,1,230.45,3.12,0.652,0.304,0.906,0.163,593.29,5458.28,260,545.83,0.0,1.062,0.344,0.02,0.0,0.288,0,0,Normal,3.6,2.94,0.22,0.0,0,None
2026-03-17 23:30:00,23.15,1,0,1,228.23,3.09,0.655,0.264,0.928,0.1638,593.46,5459.79,260,545.98,0.0,1.062,0.339,0.02,0.0,0.296,0,0,Normal,4.09,2.9,0.31,0.0,0,None
2026-03-17 23:45:00,23.34,1,0,1,229.03,3.24,0.701,0.241,0.946,0.1753,593.63,5461.4,260,546.14,0.0,1.062,0.351,0.02,0.0,0.33,0,0,Normal,2.58,1.95,0.81,0.0,0,None
2026-03-18 00:00:00,22.88,1,0,0,230.64,2.96,0.608,0.309,0.892,0.152,593.78,5462.8,260,546.28,0.0,1.062,0.344,0.02,0.0,0.244,0,0,Normal,3.84,2.07,0.76,0.0,0,None
2026-03-18 00:15:00,22.8,1,0,0,230.52,3.7,0.808,0.275,0.947,0.202,593.98,5464.66,260,546.47,0.0,1.062,0.343,0.13,0.0,0.335,0,0,Normal,2.18,1.14,0.52,0.0,0,None
2026-03-18 00:30:00,22.95,1,0,0,230.77,3.77,0.8,0.345,0.918,0.2,594.18,5466.5,260,546.65,0.0,1.062,0.353,0.12,0.0,0.327,0,0,Normal,4.11,2.01,0.34,0.0,0,None
2026-03-18 00:45:00,23.35,1,0,0,230.87,3.42,0.727,0.306,0.922,0.1818,594.37,5468.17,260,546.82,0.0,1.062,0.357,0.02,0.0,0.35,0,0,Normal,2.74,2.72,0.89,0.0,0,None
2026-03-18 01:00:00,21.32,1,0,0,231.0,3.55,0.779,0.257,0.95,0.1948,594.56,5469.96,260,547.0,0.0,1.062,0.378,0.02,0.0,0.381,0,0,Normal,2.29,3.54,0.99,0.0,0,None
2026-03-18 01:15:00,22.69,1,0,0,231.62,3.36,0.697,0.346,0.896,0.1743,594.74,5471.56,260,547.16,0.0,1.063,0.361,0.02,0.0,0.316,0,0,Normal,4.0,3.29,0.61,0.0,0,None
2026-03-18 01:30:00,22.21,1,0,0,229.62,3.19,0.678,0.279,0.925,0.1695,594.9,5473.12,260,547.31,0.0,1.063,0.342,0.02,0.0,0.316,0,0,Normal,3.58,2.72,0.54,0.0,0,None
2026-03-18 01:45:00,22.1,1,0,0,230.29,3.55,0.757,0.31,0.926,0.1892,595.09,5474.86,260,547.49,0.0,1.063,0.349,0.12,0.0,0.288,0,0,Normal,2.25,1.1,0.32,0.0,0,None
2026-03-18 02:00:00,21.26,1,0,0,231.43,4.13,0.894,0.339,0.935,0.2235,595.32,5476.92,260,547.69,0.0,1.063,0.352,0.122,0.0,0.42,0,0,Normal,4.25,2.07,0.98,0.0,0,None
2026-03-18 02:15:00,22.25,1,0,0,231.97,3.95,0.814,0.421,0.888,0.2035,595.52,5478.79,260,547.88,0.0,1.063,0.355,0.02,0.0,0.439,0,0,Normal,4.18,3.75,0.58,0.0,0,None
2026-03-18 02:30:00,20.79,1,0,0,230.28,3.3,0.698,0.3,0.919,0.1745,595.7,5480.4,260,548.04,0.0,1.063,0.358,0.02,0.0,0.32,0,0,Normal,3.45,2.43,0.86,0.0,0,None
2026-03-18 02:45:00,22.32,1,0,0,230.9,3.2,0.71,0.208,0.96,0.1775,595.87,5482.03,260,548.2,0.0,1.063,0.345,0.02,0.0,0.345,0,0,Normal,3.19,3.43,0.42,0.0,0,None
2026-03-18 03:00:00,21.46,1,0,0,232.53,4.11,0.906,0.302,0.949,0.2265,596.1,5484.12,260,548.41,0.0,1.063,0.356,0.02,0.0,0.53,0,0,Normal,2.38,2.02,0.9,0.0,0,None
2026-03-18 03:15:00,22.23,1,0,0,233.19,3.94,0.865,0.307,0.943,0.2162,596.32,5486.1,260,548.61,0.0,1.063,0.34,0.12,0.0,0.405,0,0,Normal,2.35,1.66,0.92,0.0,0,None
2026-03-18 03:30:00,22.14,1,0,0,234.79,3.89,0.815,0.412,0.892,0.2037,596.52,5487.98,260,548.8,0.0,1.063,0.365,0.117,0.0,0.333,0,0,Normal,3.32,3.81,0.93,0.0,0,None
2026-03-18 03:45:00,22.79,1,0,0,233.41,3.67,0.82,0.246,0.958,0.205,596.72,5489.87,260,548.99,0.0,1.063,0.363,0.02,0.0,0.437,0,0,Normal,2.42,3.54,0.77,0.0,0,None
2026-03-18 04:00:00,22.71,1,0,0,230.97,3.27,0.704,0.273,0.932,0.176,596.9,5491.48,260,549.15,0.0,1.063,0.35,0.02,0.0,0.334,0,0,Normal,2.93,3.59,0.92,0.0,0,None
2026-03-18 04:15:00,22.46,1,0,0,233.43,3.94,0.832,0.394,0.904,0.208,597.11,5493.4,260,549.34,0.0,1.063,0.355,0.02,0.0,0.457,0,0,Normal,4.24,2.53,0.32,0.0,0,None
2026-03-18 04:30:00,22.55,1,0,0,235.02,3.07,0.636,0.341,0.881,0.159,597.27,5494.86,260,549.49,0.0,1.063,0.357,0.02,0.0,0.259,0,0,Normal,2.39,1.53,0.36,0.0,0,None
2026-03-18 04:45:00,23.44,1,0,0,233.63,3.77,0.834,0.283,0.947,0.2085,597.48,5496.78,260,549.68,0.0,1.063,0.36,0.118,0.0,0.356,0,0,Normal,2.2,3.81,0.72,0.0,0,None
2026-03-18 05:00:00,24.03,1,0,0,232.86,4.18,0.913,0.338,0.938,0.2282,597.7,5498.88,260,549.89,0.0,1.063,0.371,0.123,0.0,0.419,0,0,Normal,2.17,2.55,0.98,0.0,0,None
2026-03-18 05:15:00,23.56,1,0,0,233.04,2.75,0.615,0.182,0.959,0.1538,597.86,5500.29,260,550.03,0.0,1.063,0.345,0.02,0.0,0.25,0,0,Normal,2.4,3.59,0.38,0.0,0,None
2026-03-18 05:30:00,23.64,1,0,0,233.54,3.01,0.659,0.242,0.939,0.1648,598.02,5501.81,260,550.18,0.0,1.063,0.346,0.02,0.0,0.293,0,0,Normal,3.68,2.97,0.96,0.0,0,None
2026-03-18 05:45:00,22.97,1,0,0,234.6,3.76,0.835,0.283,0.947,0.2088,598.23,5503.73,260,550.37,0.0,1.063,0.362,0.02,0.0,0.453,0,0,Normal,3.51,3.1,0.33,0.0,0,None
2026-03-18 06:00:00,25.19,1,0,0,232.59,12.43,2.566,1.333,0.887,0.6415,598.87,5509.63,260,550.96,0.0,1.063,0.333,0.02,1.861,0.352,0,0,Normal,3.84,3.84,0.61,0.0,0,None
2026-03-18 06:15:00,24.12,1,0,0,233.41,12.46,2.597,1.307,0.893,0.6492,599.52,5515.6,260,551.56,0.0,1.063,0.353,0.127,1.628,0.489,0,0,Normal,3.47,1.15,0.79,0.0,0,None
2026-03-18 06:30:00,25.38,1,0,0,232.33,10.55,2.21,1.062,0.901,0.5525,600.07,5520.69,260,552.07,0.0,1.063,0.34,0.113,1.477,0.28,0,0,Normal,3.71,1.97,0.31,0.0,0,None
2026-03-18 06:45:00,25.06,1,0,0,231.56,11.17,2.439,0.863,0.943,0.6098,600.68,5526.3,260,552.63,0.0,1.063,0.367,0.02,1.657,0.395,0,0,Normal,3.02,1.26,0.31,0.0,0,None
2026-03-18 07:00:00,27.64,1,0,0,234.39,13.28,2.92,1.075,0.938,0.73,601.41,5533.01,260,553.3,0.876,1.063,0.05,0.02,1.534,0.44,0,0,Normal,3.73,3.49,0.51,0.0,0,None
2026-03-18 07:15:00,25.9,1,0,0,233.09,10.41,2.138,1.148,0.881,0.5345,601.95,5537.93,260,553.79,0.212,1.063,0.038,0.02,1.472,0.396,0,0,Normal,2.14,1.94,0.72,0.0,0,None
2026-03-18 07:30:00,26.4,1,0,0,233.69,11.47,2.447,1.097,0.913,0.6117,602.56,5543.56,260,554.36,0.405,1.063,0.036,0.02,1.634,0.352,0,0,Normal,2.83,2.41,0.23,0.0,0,None
2026-03-18 07:45:00,27.35,1,0,0,233.94,13.01,2.712,1.381,0.891,0.678,603.24,5549.8,260,554.98,0.797,1.064,0.036,0.122,1.405,0.352,0,0,Normal,2.06,2.9,0.3,0.0,0,None
2026-03-18 08:00:00,28.6,1,0,0,233.15,14.19,3.153,0.999,0.953,0.7882,604.03,5557.05,260,555.7,1.248,1.064,0.04,0.117,1.257,0.491,0,0,Normal,4.21,2.16,0.59,0.0,0,None
2026-03-18 08:15:00,27.65,1,0,0,232.54,15.56,3.205,1.679,0.886,0.8012,604.83,5564.42,260,556.44,1.011,1.064,0.05,0.02,1.602,0.522,0,0,Normal,2.91,2.77,0.42,0.0,0,None
2026-03-18 08:30:00,28.11,1,0,0,232.52,15.14,3.124,1.623,0.887,0.781,605.61,5571.61,260,557.16,1.11,1.064,0.052,0.02,1.445,0.497,0,0,Normal,3.35,1.91,0.9,0.0,0,None
2026-03-18 08:45:00,28.0,1,0,0,231.58,14.71,3.05,1.517,0.895,0.7625,606.37,5578.62,260,557.86,1.046,1.064,0.049,0.02,1.541,0.394,0,0,Normal,2.66,1.24,0.86,0.0,0,None
2026-03-18 09:00:00,29.69,0,0,0,231.85,0.98,0.206,0.094,0.909,0.0515,606.42,5579.09,260,557.91,0.0,1.064,0.057,0.02,0.0,0.129,0,0,Normal,3.34,1.16,0.92,0.0,0,None
2026-03-18 09:15:00,29.2,0,0,0,232.55,1.4,0.29,0.149,0.89,0.0725,606.5,5579.76,260,557.98,0.0,1.064,0.042,0.117,0.0,0.131,0,0,Normal,4.07,3.58,0.46,0.0,0,None
2026-03-18 09:30:00,29.51,0,0,0,233.79,1.31,0.273,0.138,0.892,0.0682,606.56,5580.39,260,558.04,0.0,1.064,0.046,0.122,0.0,0.105,0,0,Normal,4.48,1.85,0.33,0.0,0,None
2026-03-18 09:45:00,28.75,0,0,0,232.01,0.84,0.173,0.089,0.889,0.0432,606.61,5580.79,260,558.08,0.0,1.064,0.046,0.02,0.0,0.107,0,0,Normal,2.74,1.55,0.33,0.0,0,None
2026-03-18 10:00:00,31.07,0,0,0,232.5,0.89,0.182,0.097,0.882,0.0455,606.65,5581.21,260,558.12,0.0,1.064,0.045,0.02,0.0,0.117,0,0,Normal,4.37,3.18,0.47,0.0,0,None
2026-03-18 10:15:00,31.23,0,0,0,233.61,0.87,0.194,0.06,0.956,0.0485,606.7,5581.65,260,558.17,0.0,1.064,0.049,0.02,0.0,0.125,0,0,Normal,3.59,3.57,0.68,0.0,0,None
2026-03-18 10:30:00,30.89,0,0,0,231.9,1.31,0.288,0.094,0.95,0.072,606.77,5582.31,260,558.23,0.0,1.064,0.052,0.02,0.0,0.216,0,0,Normal,3.54,1.26,0.21,0.0,0,None
2026-03-18 10:45:00,30.19,0,0,0,231.97,1.4,0.309,0.098,0.953,0.0773,606.85,5583.02,260,558.3,0.0,1.064,0.029,0.117,0.0,0.163,0,0,Normal,4.22,1.97,0.97,0.0,0,None
2026-03-18 11:00:00,32.74,0,0,0,228.23,1.88,0.407,0.137,0.947,0.1018,606.95,5583.96,260,558.4,0.0,1.064,0.053,0.121,0.0,0.233,0,0,Normal,3.95,2.98,0.4,0.0,0,None
2026-03-18 11:15:00,32.42,0,0,0,229.22,1.36,0.276,0.147,0.883,0.069,607.02,5584.6,260,558.46,0.0,1.064,0.048,0.02,0.0,0.208,0,0,Normal,3.47,3.88,0.8,0.0,0,None
2026-03-18 11:30:00,31.88,0,0,0,230.43,0.94,0.195,0.096,0.898,0.0488,607.07,5585.04,260,558.5,0.0,1.064,0.037,0.02,0.0,0.138,0,0,Normal,3.51,1.86,0.44,0.0,0,None
2026-03-18 11:45:00,32.1,0,0,0,229.98,1.33,0.275,0.133,0.9,0.0688,607.14,5585.68,260,558.57,0.0,1.064,0.06,0.02,0.0,0.195,0,0,Normal,3.22,3.0,0.29,0.0,0,None
2026-03-18 12:00:00,32.45,0,0,0,228.22,1.48,0.31,0.133,0.919,0.0775,607.22,5586.39,260,558.64,0.0,1.064,0.047,0.02,0.0,0.243,0,0,Normal,3.94,3.42,0.26,0.0,0,None
2026-03-18 12:15:00,32.68,0,0,0,230.41,1.7,0.37,0.127,0.946,0.0925,607.31,5587.24,260,558.72,0.0,1.064,0.047,0.124,0.0,0.199,0,0,Normal,4.38,3.05,0.98,0.0,0,None
2026-03-18 12:30:00,32.93,0,0,0,229.9,1.35,0.286,0.119,0.923,0.0715,607.38,5587.9,260,558.79,0.0,1.064,0.044,0.111,0.0,0.131,0,0,Normal,3.87,1.64,0.52,0.0,0,None
2026-03-18 12:45:00,33.81,0,0,0,227.95,0.89,0.179,0.096,0.882,0.0448,607.42,5588.31,260,558.83,0.0,1.064,0.051,0.02,0.0,0.108,0,0,Normal,2.76,2.36,0.33,0.0,0,None
2026-03-18 13:00:00,33.48,0,0,0,230.15,1.43,0.316,0.096,0.957,0.079,607.5,5589.04,260,558.9,0.0,1.064,0.05,0.02,0.0,0.246,0,0,Normal,2.2,2.62,1.0,0.0,0,None
2026-03-18 13:15:00,34.12,0,0,0,229.2,1.26,0.274,0.093,0.947,0.0685,607.57,5589.67,260,558.97,0.0,1.064,0.049,0.02,0.0,0.205,0,0,Normal,3.91,1.49,0.5,0.0,0,None
2026-03-18 13:30:00,33.53,0,0,0,226.89,1.54,0.322,0.134,0.923,0.0805,607.65,5590.41,260,559.04,0.0,1.064,0.06,0.02,0.0,0.242,0,0,Normal,3.29,1.75,0.21,0.0,0,None
2026-03-18 13:45:00,33.92,0,0,0,227.15,1.43,0.299,0.127,0.921,0.0748,607.73,5591.1,260,559.11,0.0,1.064,0.049,0.123,0.0,0.127,0,0,Normal,3.43,1.02,0.74,0.0,0,None
2026-03-18 14:00:00,33.93,0,0,0,228.99,1.36,0.287,0.124,0.918,0.0718,607.8,5591.76,260,559.18,0.0,1.064,0.031,0.121,0.0,0.135,0,0,Normal,3.86,3.71,0.84,0.0,0,None
2026-03-18 14:15:00,34.44,0,0,0,227.34,1.19,0.249,0.105,0.922,0.0622,607.86,5592.33,260,559.23,0.0,1.065,0.046,0.02,0.0,0.183,0,0,Normal,4.42,2.02,0.65,0.0,0,None
2026-03-18 14:30:00,33.73,0,0,0,226.58,1.03,0.224,0.069,0.956,0.056,607.92,5592.84,260,559.28,0.0,1.065,0.038,0.02,0.0,0.166,0,0,Normal,2.84,1.37,0.9,0.0,0,None
2026-03-18 14:45:00,33.21,0,0,0,228.99,0.96,0.199,0.093,0.906,0.0498,607.97,5593.3,260,559.33,0.0,1.065,0.048,0.02,0.0,0.131,0,0,Normal,3.88,1.45,0.86,0.0,0,None
2026-03-18 15:00:00,33.1,0,0,0,227.38,1.54,0.311,0.159,0.89,0.0778,608.05,5594.02,260,559.4,0.0,1.065,0.069,0.02,0.0,0.222,0,0,Normal,3.14,3.67,0.97,0.0,0,None
2026-03-18 15:15:00,33.53,0,0,0,227.96,1.76,0.371,0.151,0.926,0.0928,608.14,5594.87,260,559.49,0.0,1.065,0.039,0.124,0.0,0.208,0,0,Normal,4.44,2.62,0.47,0.0,0,None
2026-03-18 15:30:00,33.17,0,0,0,228.15,1.31,0.266,0.137,0.889,0.0665,608.2,5595.48,260,559.55,0.0,1.065,0.05,0.118,0.0,0.098,0,0,Normal,3.1,2.95,0.89,0.0,0,None
2026-03-18 15:45:00,34.0,0,0,0,226.09,1.16,0.235,0.118,0.893,0.0588,608.26,5596.02,260,559.6,0.0,1.065,0.042,0.02,0.0,0.173,0,0,Normal,4.27,1.24,0.31,0.0,0,None
2026-03-18 16:00:00,32.96,0,0,0,226.47,0.72,0.154,0.055,0.942,0.0385,608.3,5596.38,260,559.64,0.0,1.065,0.047,0.02,0.0,0.087,0,0,Normal,3.3,1.81,0.55,0.0,0,None
2026-03-18 16:15:00,34.38,0,0,0,226.77,1.31,0.268,0.129,0.901,0.067,608.37,5596.99,260,559.7,0.0,1.065,0.053,0.02,0.0,0.195,0,0,Normal,3.57,3.96,0.31,0.0,0,None
2026-03-18 16:30:00,32.33,0,0,0,224.8,0.91,0.191,0.072,0.936,0.0478,608.42,5597.43,260,559.74,0.0,1.065,0.057,0.02,0.0,0.114,0,0,Normal,3.87,1.14,0.93,0.0,0,None
2026-03-18 16:45:00,33.3,0,0,0,224.53,1.93,0.398,0.173,0.917,0.0995,608.52,5598.35,260,559.83,0.0,1.065,0.048,0.128,0.0,0.222,0,0,Normal,3.79,2.3,0.53,0.0,0,None
2026-03-18 17:00:00,31.68,0,0,0,227.84,1.56,0.314,0.167,0.883,0.0785,608.59,5599.07,260,559.91,0.0,1.065,0.051,0.121,0.0,0.142,0,0,Normal,3.7,1.88,0.46,0.0,0,None
2026-03-18 17:15:00,32.0,0,0,0,224.56,1.58,0.327,0.138,0.921,0.0818,608.68,5599.82,260,559.98,0.0,1.065,0.058,0.02,0.0,0.249,0,0,Normal,3.81,2.43,0.69,0.0,0,None
2026-03-18 17:30:00,32.31,0,0,0,226.46,1.06,0.219,0.096,0.916,0.0548,608.73,5600.33,260,560.03,0.0,1.065,0.049,0.02,0.0,0.15,0,0,Normal,3.16,3.59,0.94,0.0,0,None
2026-03-18 17:45:00,31.08,0,0,0,226.4,1.59,0.335,0.134,0.928,0.0838,608.81,5601.1,260,560.11,0.0,1.065,0.069,0.02,0.0,0.246,0,0,Normal,2.64,3.87,0.55,0.0,0,None
2026-03-18 18:00:00,31.12,1,0,1,225.01,15.47,3.161,1.46,0.908,0.7902,609.6,5608.37,260,560.84,2.452,1.065,0.365,0.02,0.0,0.324,0,0,Normal,2.73,3.4,0.2,0.0,0,None
2026-03-18 18:15:00,31.95,1,0,1,225.74,16.59,3.531,1.246,0.943,0.8828,610.49,5616.49,260,561.65,2.7,1.065,0.364,0.116,0.0,0.351,0,0,Normal,4.2,3.81,0.41,0.0,0,None
2026-03-18 18:30:00,30.77,1,0,1,225.45,15.28,3.175,1.336,0.922,0.7938,611.28,5623.79,260,562.38,2.273,1.065,0.352,0.12,0.0,0.43,0,0,Normal,3.66,3.86,0.23,0.0,0,None
2026-03-18 18:45:00,31.13,1,0,1,224.76,14.84,3.158,1.077,0.947,0.7895,612.07,5631.05,260,563.11,2.357,1.065,0.361,0.02,0.0,0.42,0,0,Normal,3.08,1.87,0.82,0.0,0,None
2026-03-18 19:00:00,30.07,1,0,1,226.77,19.31,3.887,2.016,0.888,0.9718,613.04,5639.99,260,564.0,1.908,1.065,0.353,0.02,1.241,0.365,0,0,Normal,4.25,2.41,0.32,0.0,0,None
2026-03-18 19:15:00,29.47,1,0,1,225.86,17.72,3.779,1.319,0.944,0.9448,613.99,5648.68,260,564.87,1.726,1.065,0.359,0.02,1.341,0.333,0,0,Normal,2.59,2.34,0.83,0.0,0,None
2026-03-18 19:30:00,29.26,1,0,1,227.53,20.5,4.129,2.169,0.885,1.0323,615.02,5658.18,260,565.82,1.634,1.065,0.37,0.02,1.878,0.227,0,0,Normal,3.48,1.83,0.52,0.0,0,None
2026-03-18 19:45:00,28.42,1,0,1,227.08,17.65,3.63,1.697,0.906,0.9075,615.93,5666.53,260,566.65,1.169,1.065,0.345,0.117,1.607,0.392,0,0,Normal,2.33,2.77,0.51,0.0,0,None
2026-03-18 20:00:00,28.32,1,0,1,226.77,19.64,3.983,1.995,0.894,0.9958,616.92,5675.69,260,567.57,1.24,1.065,0.344,0.12,1.981,0.298,0,0,Normal,3.73,2.58,0.31,0.0,0,None
2026-03-18 20:15:00,27.94,1,0,1,227.72,15.89,3.246,1.601,0.897,0.8115,617.73,5683.16,260,568.32,1.043,1.065,0.359,0.02,1.405,0.419,0,0,Normal,3.65,2.36,0.4,0.0,0,None
2026-03-18 20:30:00,27.49,1,0,1,225.61,14.9,3.133,1.22,0.932,0.7832,618.52,5690.36,260,569.04,0.883,1.065,0.364,0.02,1.487,0.379,0,0,Normal,4.36,2.08,0.58,0.0,0,None
2026-03-18 20:45:00,28.06,1,0,1,226.35,16.03,3.358,1.373,0.926,0.8395,619.36,5698.09,260,569.81,1.13,1.066,0.33,0.02,1.534,0.344,0,0,Normal,3.33,2.92,0.59,0.0,0,None
2026-03-18 21:00:00,26.16,1,0,1,228.17,12.95,2.8,0.942,0.948,0.7,620.06,5704.53,260,570.45,0.292,1.066,0.35,0.02,1.751,0.387,0,0,Normal,3.44,2.94,0.28,0.0,0,None
2026-03-18 21:15:00,26.18,1,0,1,227.38,13.23,2.799,1.103,0.93,0.6998,620.76,5710.96,260,571.1,0.343,1.066,0.341,0.121,1.795,0.199,0,0,Normal,2.42,1.7,0.21,0.0,0,None
2026-03-18 21:30:00,26.75,1,0,1,226.62,14.81,3.041,1.422,0.906,0.7603,621.52,5717.96,260,571.8,0.509,1.066,0.347,0.12,1.602,0.463,0,0,Normal,2.61,1.5,0.59,0.0,0,None
2026-03-18 21:45:00,25.78,1,0,1,226.64,10.87,2.262,0.974,0.918,0.5655,622.08,5723.16,260,572.32,0.168,1.066,0.332,0.02,1.263,0.479,0,0,Normal,4.18,2.71,0.53,0.0,0,None
2026-03-18 22:00:00,25.52,1,0,1,228.94,3.4,0.693,0.356,0.89,0.1733,622.26,5724.76,260,572.48,0.0,1.066,0.354,0.02,0.0,0.319,0,0,Normal,3.74,2.09,0.5,0.0,0,None
2026-03-18 22:15:00,24.3,1,0,1,228.86,3.53,0.713,0.382,0.882,0.1783,622.43,5726.4,260,572.64,0.0,1.066,0.362,0.02,0.0,0.331,0,0,Normal,3.6,3.86,0.24,0.0,0,None
2026-03-18 22:30:00,24.67,1,0,1,229.16,3.41,0.704,0.34,0.9,0.176,622.61,5728.01,260,572.8,0.0,1.066,0.365,0.02,0.0,0.319,0,0,Normal,2.03,3.37,0.55,0.0,0,None
2026-03-18 22:45:00,25.96,1,0,1,229.3,5.02,1.084,0.389,0.941,0.271,622.88,5730.51,260,573.05,0.198,1.066,0.352,0.116,0.0,0.418,0,0,Normal,2.65,3.3,0.53,0.0,0,None
2026-03-18 23:00:00,24.32,1,0,1,228.38,4.11,0.901,0.263,0.96,0.2252,623.11,5732.58,260,573.26,0.0,1.066,0.354,0.119,0.0,0.428,0,0,Normal,3.54,1.9,0.3,0.0,0,None
2026-03-18 23:15:00,23.81,1,0,1,226.65,3.43,0.705,0.326,0.908,0.1763,623.28,5734.2,260,573.42,0.0,1.066,0.337,0.02,0.0,0.348,0,0,Normal,2.08,1.87,0.22,0.0,0,None
2026-03-18 23:30:00,23.29,1,0,1,230.15,3.7,0.777,0.35,0.912,0.1942,623.48,5735.99,260,573.6,0.0,1.066,0.364,0.02,0.0,0.393,0,0,Normal,2.96,2.28,0.72,0.0,0,None
2026-03-18 23:45:00,23.49,1,0,1,229.5,4.05,0.853,0.371,0.917,0.2132,623.69,5737.95,260,573.8,0.0,1.066,0.362,0.02,0.0,0.471,0,0,Normal,4.39,2.59,0.99,0.0,0,None
2026-03-19 00:00:00,22.84,1,0,0,228.92,4.3,0.909,0.379,0.923,0.2272,623.92,5740.04,260,574.0,0.0,1.066,0.345,0.02,0.0,0.544,0,0,Normal,2.69,3.47,0.23,0.0,0,None
2026-03-19 00:15:00,22.82,1,0,0,231.17,4.07,0.847,0.407,0.901,0.2118,624.13,5741.99,260,574.2,0.0,1.066,0.335,0.125,0.0,0.387,0,0,Normal,4.08,3.42,0.7,0.0,0,None
2026-03-19 00:30:00,22.76,1,0,0,230.39,4.6,0.99,0.378,0.934,0.2475,624.38,5744.27,260,574.43,0.0,1.066,0.359,0.125,0.0,0.506,0,0,Normal,2.65,2.5,0.32,0.0,0,None
2026-03-19 00:45:00,22.79,1,0,0,233.08,3.27,0.687,0.332,0.9,0.1718,624.55,5745.85,260,574.58,0.0,1.066,0.351,0.02,0.0,0.316,0,0,Normal,3.5,2.16,0.4,0.0,0,None
2026-03-19 01:00:00,22.1,1,0,0,229.15,2.95,0.599,0.311,0.887,0.1498,624.7,5747.22,260,574.72,0.0,1.066,0.347,0.02,0.0,0.232,0,0,Normal,4.28,1.08,0.66,0.0,0,None
2026-03-19 01:15:00,21.48,1,0,0,231.32,3.25,0.695,0.286,0.925,0.1738,624.87,5748.82,260,574.88,0.0,1.066,0.361,0.02,0.0,0.314,0,0,Normal,4.06,2.0,0.9,0.0,0,None
2026-03-19 01:30:00,21.95,1,0,0,230.31,4.02,0.831,0.411,0.896,0.2078,625.08,5750.73,260,575.07,0.0,1.066,0.344,0.02,0.0,0.467,0,0,Normal,2.65,1.45,0.9,0.0,0,None
2026-03-19 01:45:00,22.66,1,0,0,231.78,3.21,0.705,0.234,0.949,0.1762,625.26,5752.36,260,575.24,0.0,1.066,0.351,0.125,0.0,0.229,0,0,Normal,2.1,1.15,0.68,0.0,0,None
2026-03-19 02:00:00,21.32,1,0,0,232.93,3.29,0.735,0.219,0.958,0.1838,625.44,5754.05,260,575.4,0.0,1.066,0.361,0.127,0.0,0.247,0,0,Normal,2.1,1.95,0.71,0.0,0,None
2026-03-19 02:15:00,21.91,1,0,0,233.23,3.57,0.759,0.343,0.911,0.1898,625.63,5755.79,260,575.58,0.0,1.066,0.352,0.02,0.0,0.387,0,0,Normal,3.6,3.39,0.43,0.0,0,None
2026-03-19 02:30:00,21.59,1,0,0,233.7,3.99,0.838,0.406,0.9,0.2095,625.84,5757.72,260,575.77,0.0,1.066,0.359,0.02,0.0,0.459,0,0,Normal,2.28,2.81,0.97,0.0,0,None
2026-03-19 02:45:00,22.06,1,0,0,233.72,3.86,0.825,0.366,0.914,0.2062,626.05,5759.62,260,575.96,0.0,1.066,0.358,0.02,0.0,0.447,0,0,Normal,2.92,3.5,0.79,0.0,0,None
2026-03-19 03:00:00,22.01,1,0,0,230.03,3.54,0.734,0.353,0.901,0.1835,626.23,5761.3,260,576.13,0.0,1.066,0.361,0.02,0.0,0.353,0,0,Normal,4.39,3.6,0.43,0.0,0,None
2026-03-19 03:15:00,22.94,1,0,0,231.78,4.08,0.872,0.367,0.922,0.218,626.45,5763.31,260,576.33,0.0,1.067,0.354,0.123,0.0,0.395,0,0,Normal,3.28,1.51,0.25,0.0,0,None
2026-03-19 03:30:00,22.46,1,0,0,232.61,4.18,0.89,0.392,0.915,0.2225,626.67,5765.36,260,576.54,0.0,1.067,0.354,0.122,0.0,0.414,0,0,Normal,2.84,1.35,0.69,0.0,0,None
2026-03-19 03:45:00,21.55,1,0,0,231.16,2.71,0.573,0.251,0.916,0.1432,626.81,5766.67,260,576.67,0.0,1.067,0.352,0.02,0.0,0.201,0,0,Normal,3.51,1.64,0.34,0.0,0,None
2026-03-19 04:00:00,23.14,1,0,0,232.96,3.96,0.844,0.37,0.916,0.211,627.02,5768.62,260,576.86,0.0,1.067,0.338,0.02,0.0,0.486,0,0,Normal,2.3,1.46,0.41,0.0,0,None
2026-03-19 04:15:00,22.42,1,0,0,232.06,3.6,0.743,0.383,0.889,0.1858,627.21,5770.33,260,577.03,0.0,1.067,0.373,0.02,0.0,0.35,0,0,Normal,3.19,3.43,0.67,0.0,0,None
2026-03-19 04:30:00,22.52,1,0,0,233.16,3.76,0.775,0.41,0.884,0.1938,627.4,5772.11,260,577.21,0.0,1.067,0.37,0.02,0.0,0.385,0,0,Normal,2.91,1.93,0.47,0.0,0,None
2026-03-19 04:45:00,22.96,1,0,0,235.07,3.5,0.753,0.334,0.914,0.1882,627.59,5773.84,260,577.38,0.0,1.067,0.337,0.119,0.0,0.297,0,0,Normal,3.92,3.45,0.49,0.0,0,None
2026-03-19 05:00:00,23.51,1,0,0,233.27,3.82,0.848,0.271,0.952,0.212,627.8,5775.79,260,577.58,0.0,1.067,0.352,0.119,0.0,0.377,0,0,Normal,2.22,1.79,0.97,0.0,0,None
2026-03-19 05:15:00,24.2,1,0,0,233.14,3.67,0.818,0.248,0.957,0.2045,628.01,5777.67,260,577.77,0.0,1.067,0.347,0.02,0.0,0.451,0,0,Normal,3.02,2.13,0.52,0.0,0,None
2026-03-19 05:30:00,23.37,1,0,0,233.47,3.52,0.761,0.309,0.926,0.1902,628.2,5779.42,260,577.94,0.0,1.067,0.333,0.02,0.0,0.408,0,0,Normal,4.0,3.37,0.91,0.0,0,None
2026-03-19 05:45:00,23.45,1,0,0,233.34,3.36,0.731,0.285,0.932,0.1828,628.38,5781.1,260,578.11,0.0,1.067,0.346,0.02,0.0,0.365,0,0,Normal,3.11,2.14,0.94,0.0,0,None
2026-03-19 06:00:00,24.67,1,0,0,234.6,11.81,2.505,1.183,0.904,0.6263,629.01,5786.86,260,578.69,0.0,1.067,0.327,0.02,1.696,0.462,0,0,Normal,3.97,2.98,0.57,0.0,0,None
2026-03-19 06:15:00,24.72,1,0,0,233.57,12.8,2.794,1.065,0.934,0.6985,629.71,5793.29,260,579.33,0.0,1.067,0.377,0.116,1.845,0.456,0,0,Normal,2.42,1.71,0.46,0.0,0,None
2026-03-19 06:30:00,25.55,1,0,0,235.03,10.43,2.283,0.894,0.931,0.5708,630.28,5798.54,260,579.85,0.077,1.067,0.357,0.104,1.379,0.366,0,0,Normal,3.83,1.24,0.86,0.0,0,None
2026-03-19 06:45:00,25.31,1,0,0,235.1,10.17,2.262,0.775,0.946,0.5655,630.84,5803.74,260,580.37,0.0,1.067,0.351,0.02,1.485,0.406,0,0,Normal,3.29,3.81,0.53,0.0,0,None
2026-03-19 07:00:00,27.3,1,0,0,233.14,12.17,2.612,1.106,0.921,0.653,631.49,5809.75,260,580.98,0.799,1.067,0.052,0.02,1.42,0.321,0,0,Normal,4.33,1.02,0.57,0.0,0,None
2026-03-19 07:15:00,27.58,1,0,0,233.64,15.75,3.347,1.531,0.909,0.8368,632.33,5817.45,260,581.74,0.855,1.067,0.061,0.02,1.943,0.468,0,0,Normal,3.3,3.2,0.44,0.0,0,None
2026-03-19 07:30:00,25.93,1,0,0,233.34,9.51,2.079,0.775,0.937,0.5198,632.85,5822.23,260,582.22,0.161,1.067,0.059,0.02,1.379,0.46,0,0,Normal,3.61,1.37,0.88,0.0,0,None
2026-03-19 07:45:00,26.48,1,0,0,234.13,10.91,2.443,0.746,0.956,0.6107,633.46,5827.85,260,582.79,0.466,1.067,0.052,0.117,1.436,0.372,0,0,Normal,4.09,1.99,0.78,0.0,0,None
2026-03-19 08:00:00,27.41,1,0,0,232.89,14.92,3.162,1.44,0.91,0.7905,634.25,5835.12,260,583.51,0.935,1.067,0.061,0.123,1.853,0.19,0,0,Normal,3.2,3.26,0.49,0.0,0,None
2026-03-19 08:15:00,27.61,1,0,0,234.01,12.17,2.593,1.177,0.911,0.6482,634.9,5841.09,260,584.11,0.968,1.067,0.032,0.02,1.226,0.347,0,0,Normal,4.07,2.78,0.61,0.0,0,None
2026-03-19 08:30:00,27.68,1,0,0,231.7,11.82,2.593,0.878,0.947,0.6482,635.55,5847.05,260,584.71,0.974,1.067,0.026,0.02,1.266,0.307,0,0,Normal,3.42,2.43,0.54,0.0,0,None
2026-03-19 08:45:00,27.47,1,0,0,234.26,11.84,2.659,0.791,0.959,0.6648,636.21,5853.17,260,585.32,0.8,1.067,0.048,0.02,1.399,0.392,0,0,Normal,3.11,3.23,0.48,0.0,0,None
2026-03-19 09:00:00,29.03,0,0,0,231.43,1.15,0.25,0.089,0.942,0.0625,636.28,5853.74,260,585.37,0.0,1.067,0.044,0.02,0.0,0.186,0,0,Normal,3.61,1.62,0.26,0.0,0,None
2026-03-19 09:15:00,29.48,0,0,0,233.08,1.92,0.409,0.179,0.916,0.1023,636.38,5854.68,260,585.47,0.0,1.067,0.044,0.117,0.0,0.248,0,0,Normal,3.07,1.89,0.55,0.0,0,None
2026-03-19 09:30:00,28.94,0,0,0,233.72,1.94,0.412,0.189,0.909,0.103,636.48,5855.63,260,585.56,0.0,1.067,0.058,0.123,0.0,0.231,0,0,Normal,3.5,3.22,0.64,0.0,0,None
2026-03-19 09:45:00,29.97,0,0,0,232.75,1.41,0.311,0.108,0.945,0.0778,636.56,5856.35,260,585.63,0.0,1.068,0.044,0.02,0.0,0.247,0,0,Normal,3.57,3.72,0.58,0.0,0,None
2026-03-19 10:00:00,30.54,0,0,0,233.25,1.15,0.246,0.106,0.919,0.0615,636.62,5856.91,260,585.69,0.0,1.068,0.053,0.02,0.0,0.173,0,0,Normal,2.43,1.99,0.22,0.0,0,None
2026-03-19 10:15:00,32.4,0,0,0,233.83,1.06,0.229,0.094,0.925,0.0572,636.68,5857.44,260,585.74,0.0,1.068,0.059,0.02,0.0,0.15,0,0,Normal,2.83,3.68,0.47,0.0,0,None
2026-03-19 10:30:00,30.77,0,0,0,232.3,1.22,0.261,0.108,0.924,0.0652,636.74,5858.04,260,585.8,0.0,1.068,0.053,0.02,0.0,0.188,0,0,Normal,2.64,3.52,0.91,0.0,0,None
2026-03-19 10:45:00,31.04,0,0,0,234.05,1.74,0.36,0.19,0.885,0.09,636.83,5858.87,260,585.89,0.0,1.068,0.054,0.121,0.0,0.185,0,0,Normal,2.12,1.53,0.46,0.0,0,None
2026-03-19 11:00:00,31.59,0,0,0,230.47,1.45,0.315,0.109,0.945,0.0788,636.91,5859.59,260,585.96,0.0,1.068,0.059,0.122,0.0,0.134,0,0,Normal,2.96,1.83,0.9,0.0,0,None
2026-03-19 11:15:00,33.1,0,0,0,229.61,1.43,0.306,0.119,0.932,0.0765,636.99,5860.29,260,586.03,0.0,1.068,0.05,0.02,0.0,0.236,0,0,Normal,3.59,2.93,0.29,0.0,0,None
2026-03-19 11:30:00,32.8,0,0,0,230.66,1.42,0.297,0.14,0.905,0.0742,637.06,5860.98,260,586.1,0.0,1.068,0.038,0.02,0.0,0.239,0,0,Normal,2.79,1.49,0.24,0.0,0,None
2026-03-19 11:45:00,32.39,0,0,0,228.53,1.03,0.208,0.112,0.88,0.052,637.11,5861.46,260,586.15,0.0,1.068,0.043,0.02,0.0,0.145,0,0,Normal,3.47,2.96,0.47,0.0,0,None
2026-03-19 12:00:00,32.52,0,0,0,227.79,1.25,0.267,0.1,0.937,0.0668,637.18,5862.07,260,586.21,0.0,1.068,0.065,0.02,0.0,0.182,0,0,Normal,4.18,2.82,0.38,0.0,0,None
2026-03-19 12:15:00,33.3,0,0,0,231.26,1.26,0.272,0.102,0.937,0.068,637.25,5862.7,260,586.27,0.0,1.068,0.058,0.119,0.0,0.095,0,0,Normal,3.5,1.1,0.77,0.0,0,None
2026-03-19 12:30:00,32.64,0,0,0,228.69,1.39,0.303,0.095,0.954,0.0758,637.33,5863.39,260,586.34,0.0,1.068,0.063,0.121,0.0,0.119,0,0,Normal,2.6,1.04,0.56,0.0,0,None
2026-03-19 12:45:00,33.93,0,0,0,229.83,0.79,0.17,0.066,0.932,0.0425,637.37,5863.78,260,586.38,0.0,1.068,0.061,0.02,0.0,0.089,0,0,Normal,2.48,1.1,0.27,0.0,0,None
2026-03-19 13:00:00,34.2,0,0,0,229.98,0.97,0.2,0.098,0.898,0.05,637.42,5864.24,260,586.42,0.0,1.068,0.062,0.02,0.0,0.118,0,0,Normal,2.82,1.07,0.29,0.0,0,None
2026-03-19 13:15:00,33.84,0,0,0,229.48,1.0,0.203,0.106,0.887,0.0508,637.47,5864.71,260,586.47,0.0,1.068,0.063,0.02,0.0,0.12,0,0,Normal,3.61,3.48,0.33,0.0,0,None
2026-03-19 13:30:00,32.58,0,0,0,230.37,1.14,0.249,0.085,0.947,0.0622,637.53,5865.28,260,586.53,0.0,1.068,0.059,0.02,0.0,0.17,0,0,Normal,2.25,2.76,0.32,0.0,0,None
2026-03-19 13:45:00,33.3,0,0,0,226.58,1.27,0.271,0.097,0.941,0.0678,637.6,5865.91,260,586.59,0.0,1.068,0.053,0.115,0.0,0.103,0,0,Normal,2.02,1.4,0.24,0.0,0,None
2026-03-19 14:00:00,34.34,0,0,0,228.19,1.42,0.296,0.132,0.913,0.074,637.67,5866.59,260,586.66,0.0,1.068,0.039,0.112,0.0,0.145,0,0,Normal,4.02,2.83,0.45,0.0,0,None
2026-03-19 14:15:00,34.61,0,0,0,228.02,1.14,0.245,0.085,0.945,0.0612,637.73,5867.15,260,586.72,0.0,1.068,0.063,0.02,0.0,0.162,0,0,Normal,3.38,1.63,0.43,0.0,0,None
2026-03-19 14:30:00,34.55,0,0,0,228.26,1.35,0.292,0.095,0.951,0.073,637.81,5867.82,260,586.78,0.0,1.068,0.051,0.02,0.0,0.221,0,0,Normal,2.8,2.3,0.99,0.0,0,None
2026-03-19 14:45:00,33.2,0,0,0,228.5,1.26,0.264,0.118,0.913,0.066,637.87,5868.43,260,586.84,0.0,1.068,0.051,0.02,0.0,0.193,0,0,Normal,3.19,1.34,0.31,0.0,0,None
2026-03-19 15:00:00,33.95,0,0,0,224.51,0.87,0.172,0.09,0.885,0.043,637.92,5868.82,260,586.88,0.0,1.068,0.04,0.02,0.0,0.112,0,0,Normal,4.43,2.58,0.65,0.0,0,None
2026-03-19 15:15:00,34.3,0,0,0,226.38,2.11,0.446,0.17,0.934,0.1115,638.03,5869.85,260,586.99,0.0,1.068,0.07,0.126,0.0,0.25,0,0,Normal,2.19,2.77,0.48,0.0,0,None
2026-03-19 15:30:00,32.97,0,0,0,225.73,1.45,0.294,0.141,0.901,0.0735,638.1,5870.53,260,587.05,0.0,1.068,0.045,0.124,0.0,0.125,0,0,Normal,2.75,1.27,0.22,0.0,0,None
2026-03-19 15:45:00,33.79,0,0,0,226.14,0.7,0.146,0.058,0.929,0.0365,638.14,5870.86,260,587.09,0.0,1.068,0.037,0.02,0.0,0.089,0,0,Normal,3.65,1.43,0.48,0.0,0,None
2026-03-19 16:00:00,33.33,0,0,0,226.94,1.2,0.26,0.083,0.953,0.065,638.2,5871.46,260,587.15,0.0,1.068,0.059,0.02,0.0,0.181,0,0,Normal,2.26,3.28,0.88,0.0,0,None
2026-03-19 16:15:00,33.05,0,0,0,227.16,1.58,0.317,0.169,0.882,0.0792,638.28,5872.19,260,587.22,0.0,1.068,0.056,0.02,0.0,0.241,0,0,Normal,2.3,2.81,0.5,0.0,0,None
2026-03-19 16:30:00,32.27,0,0,0,225.79,1.2,0.25,0.104,0.923,0.0625,638.34,5872.76,260,587.28,0.0,1.069,0.044,0.02,0.0,0.186,0,0,Normal,2.15,3.36,0.97,0.0,0,None
2026-03-19 16:45:00,33.03,0,0,0,226.53,1.27,0.273,0.089,0.951,0.0682,638.41,5873.39,260,587.34,0.0,1.069,0.061,0.119,0.0,0.093,0,0,Normal,3.14,2.33,0.93,0.0,0,None
2026-03-19 17:00:00,32.08,0,0,0,224.81,1.54,0.318,0.137,0.919,0.0795,638.49,5874.12,260,587.41,0.0,1.069,0.037,0.112,0.0,0.169,0,0,Normal,2.68,2.82,0.31,0.0,0,None
2026-03-19 17:15:00,32.17,0,0,0,226.08,1.01,0.206,0.096,0.906,0.0515,638.54,5874.6,260,587.46,0.0,1.069,0.046,0.02,0.0,0.14,0,0,Normal,3.95,1.41,0.43,0.0,0,None
2026-03-19 17:30:00,31.96,0,0,0,226.53,1.21,0.252,0.11,0.917,0.063,638.61,5875.18,260,587.52,0.0,1.069,0.041,0.02,0.0,0.191,0,0,Normal,4.3,3.05,0.72,0.0,0,None
2026-03-19 17:45:00,32.02,0,0,0,225.19,0.92,0.198,0.059,0.959,0.0495,638.66,5875.63,260,587.56,0.0,1.069,0.058,0.02,0.0,0.12,0,0,Normal,2.18,1.37,0.59,0.0,0,None
2026-03-19 18:00:00,30.98,1,0,1,225.38,14.55,2.971,1.387,0.906,0.7428,639.4,5882.47,260,588.25,2.326,1.069,0.336,0.02,0.0,0.289,0,0,Normal,3.39,3.52,0.31,0.0,0,None
2026-03-19 18:15:00,31.22,1,0,1,226.48,16.29,3.249,1.749,0.881,0.8122,640.21,5889.94,260,588.99,2.471,1.069,0.363,0.111,0.0,0.304,0,0,Normal,3.07,1.28,0.9,0.0,0,None
2026-03-19 18:30:00,30.85,1,0,1,225.55,14.1,3.045,0.918,0.957,0.7613,640.97,5896.94,260,589.69,2.31,1.069,0.358,0.124,0.0,0.253,0,0,Normal,4.27,3.83,0.74,0.0,0,None
2026-03-19 18:45:00,30.8,1,0,1,225.92,14.54,3.129,0.997,0.953,0.7822,641.75,5904.14,260,590.41,2.315,1.069,0.336,0.02,0.0,0.458,0,0,Normal,3.2,3.28,0.43,0.0,0,None
2026-03-19 19:00:00,29.6,1,0,1,223.98,20.61,4.072,2.174,0.882,1.018,642.77,5913.5,260,591.35,1.704,1.069,0.368,0.02,1.628,0.352,0,0,Normal,4.0,2.05,0.47,0.0,0,None
2026-03-19 19:15:00,28.59,1,0,1,227.3,16.95,3.558,1.48,0.923,0.8895,643.66,5921.69,260,592.17,1.333,1.069,0.349,0.02,1.472,0.384,0,0,Normal,2.36,3.63,0.83,0.0,0,None
2026-03-19 19:30:00,29.79,1,0,1,227.78,19.95,4.165,1.815,0.917,1.0412,644.7,5931.27,260,593.13,1.748,1.069,0.342,0.02,1.563,0.492,0,0,Normal,2.12,2.76,0.75,0.0,0,None
2026-03-19 19:45:00,29.55,1,0,1,228.67,17.71,3.771,1.475,0.931,0.9428,645.65,5939.94,260,593.99,1.714,1.069,0.351,0.115,1.206,0.385,0,0,Normal,2.36,3.34,0.25,0.0,0,None
2026-03-19 20:00:00,28.02,1,0,1,226.34,15.51,3.31,1.168,0.943,0.8275,646.47,5947.55,260,594.76,1.132,1.069,0.356,0.117,1.277,0.428,0,0,Normal,2.74,1.2,0.85,0.0,0,None
2026-03-19 20:15:00,28.48,1,0,1,226.65,15.69,3.211,1.528,0.903,0.8028,647.28,5954.94,260,595.49,1.224,1.069,0.344,0.02,1.263,0.36,0,0,Normal,3.74,1.22,0.89,0.0,0,None
2026-03-19 20:30:00,27.02,1,0,1,226.82,14.75,3.134,1.169,0.937,0.7835,648.06,5962.15,260,596.21,0.641,1.069,0.364,0.02,1.761,0.348,0,0,Normal,4.07,1.71,0.26,0.0,0,None
2026-03-19 20:45:00,27.01,1,0,1,226.91,12.29,2.571,1.081,0.922,0.6428,648.7,5968.06,260,596.81,0.585,1.069,0.34,0.02,1.328,0.298,0,0,Normal,3.03,1.03,0.49,0.0,0,None
2026-03-19 21:00:00,26.58,1,0,1,225.2,12.84,2.695,1.046,0.932,0.6738,649.38,5974.26,260,597.43,0.475,1.069,0.337,0.02,1.556,0.307,0,0,Normal,4.02,1.76,0.38,0.0,0,None
2026-03-19 21:15:00,26.44,1,0,1,228.91,12.61,2.541,1.369,0.88,0.6352,650.01,5980.1,260,598.01,0.512,1.069,0.346,0.12,1.22,0.343,0,0,Normal,3.87,2.38,0.21,0.0,0,None
2026-03-19 21:30:00,26.53,1,0,1,229.51,14.49,3.011,1.411,0.906,0.7528,650.76,5987.03,260,598.7,0.372,1.069,0.35,0.116,1.791,0.382,0,0,Normal,3.67,1.94,0.93,0.0,0,None
2026-03-19 21:45:00,26.22,1,0,1,228.0,13.35,2.852,1.065,0.937,0.713,651.48,5993.59,260,599.36,0.288,1.069,0.354,0.02,1.855,0.335,0,0,Normal,4.23,2.77,0.59,0.0,0,None
2026-03-19 22:00:00,25.33,1,0,1,227.91,3.18,0.672,0.272,0.927,0.168,651.64,5995.13,260,599.51,0.0,1.069,0.345,0.02,0.0,0.307,0,0,Normal,3.38,3.03,0.4,0.0,0,None
2026-03-19 22:15:00,25.47,1,0,1,228.82,3.64,0.789,0.264,0.948,0.1972,651.84,5996.95,260,599.69,0.046,1.069,0.362,0.02,0.0,0.361,0,0,Normal,3.92,2.97,0.42,0.0,0,None
2026-03-19 22:30:00,25.24,1,0,1,229.52,3.41,0.694,0.364,0.886,0.1735,652.02,5998.54,260,599.85,0.0,1.069,0.33,0.02,0.0,0.344,0,0,Normal,3.96,1.55,0.62,0.0,0,None
2026-03-19 22:45:00,24.87,1,0,1,229.39,3.29,0.704,0.27,0.934,0.176,652.19,6000.16,260,600.02,0.0,1.069,0.353,0.118,0.0,0.233,0,0,Normal,4.37,2.52,0.8,0.0,0,None
2026-03-19 23:00:00,22.7,1,0,1,230.08,3.79,0.805,0.337,0.922,0.2013,652.39,6002.02,260,600.2,0.0,1.07,0.342,0.125,0.0,0.338,0,0,Normal,4.28,2.15,0.99,0.0,0,None
2026-03-19 23:15:00,24.14,1,0,1,230.25,2.92,0.642,0.203,0.953,0.1605,652.55,6003.49,260,600.35,0.0,1.07,0.333,0.02,0.0,0.289,0,0,Normal,2.52,2.3,0.51,0.0,0,None
2026-03-19 23:30:00,24.37,1,0,1,231.21,3.07,0.655,0.273,0.923,0.1638,652.72,6005.0,260,600.5,0.0,1.07,0.364,0.02,0.0,0.271,0,0,Normal,3.29,2.71,0.69,0.0,0,None
2026-03-19 23:45:00,24.08,1,0,1,229.34,3.38,0.685,0.365,0.883,0.1713,652.89,6006.57,260,600.66,0.0,1.07,0.34,0.02,0.0,0.325,0,0,Normal,3.57,2.04,0.71,0.0,0,None
2026-03-20 00:00:00,22.36,1,0,0,231.88,3.36,0.731,0.267,0.939,0.1828,653.07,6008.26,260,600.83,0.0,1.07,0.353,0.02,0.0,0.358,0,0,Normal,4.24,3.55,0.5,0.0,0,None
2026-03-20 00:15:00,23.14,1,0,0,230.13,4.18,0.896,0.35,0.931,0.224,653.3,6010.32,260,601.03,0.0,1.07,0.337,0.121,0.0,0.438,0,0,Normal,3.01,2.01,0.9,0.0,0,None
2026-03-20 00:30:00,23.23,1,0,0,230.98,3.75,0.804,0.321,0.929,0.201,653.5,6012.17,260,601.22,0.0,1.07,0.357,0.121,0.0,0.326,0,0,Normal,3.38,2.72,0.78,0.0,0,None
2026-03-20 00:45:00,23.58,1,0,0,230.39,2.78,0.596,0.236,0.93,0.149,653.65,6013.54,260,601.35,0.0,1.07,0.336,0.02,0.0,0.24,0,0,Normal,4.02,1.74,0.32,0.0,0,None
2026-03-20 01:00:00,21.77,1,0,0,232.26,4.13,0.868,0.407,0.905,0.217,653.86,6015.53,260,601.55,0.0,1.07,0.36,0.02,0.0,0.488,0,0,Normal,2.81,3.9,0.93,0.0,0,None
2026-03-20 01:15:00,22.09,1,0,0,231.92,3.28,0.681,0.338,0.896,0.1703,654.03,6017.1,260,601.71,0.0,1.07,0.346,0.02,0.0,0.315,0,0,Normal,2.25,3.06,0.41,0.0,0,None
2026-03-20 01:30:00,22.58,1,0,0,232.72,3.72,0.798,0.334,0.922,0.1995,654.23,6018.93,260,601.89,0.0,1.07,0.357,0.02,0.0,0.421,0,0,Normal,2.4,1.59,0.36,0.0,0,None
2026-03-20 01:45:00,22.23,1,0,0,232.97,3.99,0.828,0.42,0.892,0.207,654.44,6020.84,260,602.08,0.0,1.07,0.348,0.121,0.0,0.359,0,0,Normal,4.36,2.43,0.99,0.0,0,None
2026-03-20 02:00:00,21.44,1,0,0,231.04,3.85,0.814,0.36,0.914,0.2035,654.64,6022.71,260,602.27,0.0,1.07,0.354,0.118,0.0,0.342,0,0,Normal,2.05,2.37,0.9,0.0,0,None
2026-03-20 02:15:00,22.21,1,0,0,232.73,2.69,0.595,0.193,0.951,0.1488,654.79,6024.08,260,602.41,0.0,1.07,0.358,0.02,0.0,0.217,0,0,Normal,4.41,1.26,0.35,0.0,0,None
2026-03-20 02:30:00,22.29,1,0,0,233.01,3.28,0.696,0.317,0.91,0.174,654.97,6025.68,260,602.57,0.0,1.07,0.353,0.02,0.0,0.323,0,0,Normal,3.03,1.13,0.56,0.0,0,None
2026-03-20 02:45:00,22.04,1,0,0,231.27,3.9,0.796,0.423,0.883,0.199,655.16,6027.51,260,602.75,0.0,1.07,0.339,0.02,0.0,0.437,0,0,Normal,2.39,3.58,0.44,0.0,0,None
2026-03-20 03:00:00,22.31,1,0,0,232.46,3.66,0.791,0.311,0.93,0.1978,655.36,6029.33,260,602.93,0.0,1.07,0.323,0.02,0.0,0.448,0,0,Normal,4.06,1.6,0.99,0.0,0,None
2026-03-20 03:15:00,22.08,1,0,0,233.95,4.29,0.906,0.435,0.902,0.2265,655.59,6031.41,260,603.14,0.0,1.07,0.34,0.126,0.0,0.44,0,0,Normal,3.37,3.27,0.38,0.0,0,None
2026-03-20 03:30:00,22.94,1,0,0,232.65,3.72,0.822,0.272,0.949,0.2055,655.79,6033.3,260,603.33,0.0,1.07,0.357,0.128,0.0,0.337,0,0,Normal,3.14,2.38,0.26,0.0,0,None
2026-03-20 03:45:00,21.75,1,0,0,233.22,3.47,0.72,0.371,0.889,0.18,655.97,6034.96,260,603.5,0.0,1.07,0.348,0.02,0.0,0.352,0,0,Normal,3.46,2.11,0.41,0.0,0,None
2026-03-20 04:00:00,22.51,1,0,0,234.02,3.01,0.659,0.25,0.935,0.1648,656.14,6036.48,260,603.65,0.0,1.07,0.346,0.02,0.0,0.293,0,0,Normal,4.33,1.75,0.42,0.0,0,None
2026-03-20 04:15:00,22.81,1,0,0,233.46,3.56,0.741,0.379,0.89,0.1853,656.32,6038.18,260,603.82,0.0,1.07,0.341,0.02,0.0,0.38,0,0,Normal,3.83,3.57,0.86,0.0,0,None
2026-03-20 04:30:00,23.24,1,0,0,230.81,3.41,0.705,0.348,0.897,0.1763,656.5,6039.8,260,603.98,0.0,1.07,0.375,0.02,0.0,0.31,0,0,Normal,4.18,1.39,0.31,0.0,0,None
2026-03-20 04:45:00,22.06,1,0,0,235.89,4.01,0.841,0.431,0.89,0.2102,656.71,6041.74,260,604.17,0.0,1.07,0.355,0.127,0.0,0.359,0,0,Normal,3.23,3.79,0.82,0.0,0,None
2026-03-20 05:00:00,23.1,1,0,0,236.58,4.38,0.921,0.476,0.888,0.2302,656.94,6043.85,260,604.39,0.0,1.07,0.345,0.12,0.0,0.456,0,0,Normal,2.51,3.39,0.74,0.0,0,None
2026-03-20 05:15:00,22.74,1,0,0,235.25,3.95,0.824,0.43,0.887,0.206,657.15,6045.75,260,604.58,0.0,1.07,0.333,0.02,0.0,0.471,0,0,Normal,2.57,1.32,0.39,0.0,0,None
2026-03-20 05:30:00,23.77,1,0,0,233.05,3.47,0.749,0.303,0.927,0.1872,657.33,6047.47,260,604.75,0.0,1.071,0.358,0.02,0.0,0.371,0,0,Normal,4.27,2.64,0.59,0.0,0,None
2026-03-20 05:45:00,23.2,1,0,0,233.81,3.78,0.781,0.416,0.883,0.1952,657.53,6049.27,260,604.93,0.0,1.071,0.344,0.02,0.0,0.417,0,0,Normal,3.39,3.79,0.83,0.0,0,None
2026-03-20 06:00:00,24.81,1,0,0,235.98,9.61,2.056,0.955,0.907,0.514,658.04,6054.0,260,605.4,0.0,1.071,0.354,0.02,1.336,0.346,0,0,Normal,4.02,2.57,0.59,0.0,0,None
2026-03-20 06:15:00,25.33,1,0,0,234.65,11.65,2.51,1.086,0.918,0.6275,658.67,6059.77,260,605.98,0.0,1.071,0.335,0.112,1.782,0.281,0,0,Normal,4.5,2.8,0.59,0.0,0,None
2026-03-20 06:30:00,24.68,1,0,0,232.46,9.59,2.115,0.702,0.949,0.5288,659.2,6064.64,260,606.46,0.0,1.071,0.32,0.117,1.395,0.283,0,0,Normal,2.04,2.64,0.84,0.0,0,None
2026-03-20 06:45:00,25.12,1,0,0,232.93,10.57,2.352,0.726,0.956,0.588,659.79,6070.04,260,607.0,0.0,1.071,0.352,0.02,1.497,0.483,0,0,Normal,2.87,1.85,0.58,0.0,0,None
2026-03-20 07:00:00,26.3,1,0,0,231.54,10.54,2.318,0.767,0.949,0.5795,660.37,6075.38,260,607.54,0.33,1.071,0.06,0.02,1.535,0.373,0,0,Normal,2.28,2.39,0.21,0.0,0,None
2026-03-20 07:15:00,26.78,1,0,0,235.67,13.16,2.781,1.371,0.897,0.6952,661.06,6081.77,260,608.18,0.543,1.071,0.049,0.02,1.862,0.307,0,0,Normal,3.56,3.62,0.54,0.0,0,None
2026-03-20 07:30:00,26.68,1,0,0,234.42,11.84,2.444,1.316,0.88,0.611,661.67,6087.39,260,608.74,0.495,1.071,0.048,0.02,1.403,0.478,0,0,Normal,4.48,3.39,0.23,0.0,0,None
2026-03-20 07:45:00,26.1,1,0,0,235.07,10.2,2.279,0.745,0.951,0.5698,662.24,6092.64,260,609.26,0.233,1.071,0.05,0.117,1.493,0.386,0,0,Normal,2.32,1.88,0.66,0.0,0,None
2026-03-20 08:00:00,27.92,1,0,0,231.85,13.32,2.821,1.256,0.914,0.7052,662.95,6099.12,260,609.91,1.086,1.071,0.043,0.121,1.205,0.366,0,0,Normal,2.7,1.16,0.52,0.0,0,None
2026-03-20 08:15:00,28.52,1,0,0,233.9,14.67,3.292,0.964,0.96,0.823,663.77,6106.7,260,610.67,1.268,1.071,0.049,0.02,1.477,0.478,0,0,Normal,2.63,1.01,0.64,0.0,0,None
2026-03-20 08:30:00,28.2,1,0,0,232.64,15.58,3.235,1.633,0.893,0.8088,664.58,6114.14,260,611.41,1.228,1.071,0.059,0.02,1.53,0.398,0,0,Normal,3.79,2.66,0.21,0.0,0,None
2026-03-20 08:45:00,27.3,1,0,0,233.31,11.92,2.543,1.124,0.915,0.6358,665.22,6119.98,260,612.0,0.719,1.071,0.046,0.02,1.407,0.351,0,0,Normal,4.08,1.21,0.6,0.0,0,None
2026-03-20 09:00:00,29.88,0,0,0,232.35,1.13,0.243,0.101,0.923,0.0608,665.28,6120.54,260,612.05,0.0,1.071,0.051,0.02,0.0,0.172,0,0,Normal,2.12,2.97,0.23,0.0,0,None
2026-03-20 09:15:00,29.01,0,0,0,232.69,1.27,0.272,0.118,0.917,0.068,665.34,6121.17,260,612.12,0.0,1.071,0.054,0.12,0.0,0.098,0,0,Normal,2.23,2.5,0.34,0.0,0,None
2026-03-20 09:30:00,30.26,0,0,0,232.44,1.69,0.355,0.17,0.902,0.0888,665.43,6121.99,260,612.2,0.0,1.071,0.048,0.119,0.0,0.188,0,0,Normal,4.12,3.16,0.68,0.0,0,None
2026-03-20 09:45:00,30.06,0,0,0,232.41,0.62,0.138,0.043,0.955,0.0345,665.47,6122.3,260,612.23,0.0,1.071,0.034,0.02,0.0,0.084,0,0,Normal,4.03,3.5,0.28,0.0,0,None
2026-03-20 10:00:00,31.14,0,0,0,231.28,1.4,0.295,0.132,0.913,0.0738,665.54,6122.98,260,612.3,0.0,1.071,0.058,0.02,0.0,0.217,0,0,Normal,3.63,1.64,0.89,0.0,0,None
2026-03-20 10:15:00,31.08,0,0,0,232.96,1.08,0.236,0.086,0.94,0.059,665.6,6123.52,260,612.35,0.0,1.071,0.051,0.02,0.0,0.165,0,0,Normal,4.31,1.1,0.42,0.0,0,None
2026-03-20 10:30:00,30.9,0,0,0,231.71,0.69,0.15,0.055,0.939,0.0375,665.64,6123.87,260,612.39,0.0,1.071,0.049,0.02,0.0,0.081,0,0,Normal,2.5,3.89,0.23,0.0,0,None
2026-03-20 10:45:00,31.34,0,0,0,229.27,1.52,0.327,0.12,0.939,0.0817,665.72,6124.62,260,612.46,0.0,1.071,0.049,0.12,0.0,0.158,0,0,Normal,4.09,2.45,0.95,0.0,0,None
2026-03-20 11:00:00,32.06,0,0,0,230.87,1.17,0.258,0.077,0.959,0.0645,665.78,6125.22,260,612.52,0.0,1.071,0.055,0.113,0.0,0.09,0,0,Normal,2.86,2.23,0.52,0.0,0,None
2026-03-20 11:15:00,32.36,0,0,0,230.88,1.04,0.211,0.113,0.881,0.0528,665.84,6125.7,260,612.57,0.0,1.071,0.049,0.02,0.0,0.142,0,0,Normal,3.46,1.55,0.26,0.0,0,None
2026-03-20 11:30:00,32.68,0,0,0,229.74,1.54,0.313,0.164,0.886,0.0782,665.92,6126.42,260,612.64,0.0,1.071,0.046,0.02,0.0,0.247,0,0,Normal,3.8,3.73,0.45,0.0,0,None
2026-03-20 11:45:00,31.96,0,0,0,232.21,0.76,0.159,0.078,0.897,0.0398,665.96,6126.79,260,612.68,0.0,1.071,0.043,0.02,0.0,0.096,0,0,Normal,2.02,3.55,0.97,0.0,0,None
2026-03-20 12:00:00,32.89,0,0,0,228.92,1.06,0.228,0.084,0.938,0.057,666.01,6127.31,260,612.73,0.0,1.072,0.064,0.02,0.0,0.144,0,0,Normal,2.6,1.61,0.59,0.0,0,None
2026-03-20 12:15:00,32.6,0,0,0,231.83,1.6,0.354,0.109,0.956,0.0885,666.1,6128.12,260,612.81,0.0,1.072,0.054,0.124,0.0,0.176,0,0,Normal,2.68,1.37,0.67,0.0,0,None
2026-03-20 12:30:00,32.66,0,0,0,229.37,1.74,0.366,0.161,0.915,0.0915,666.19,6128.97,260,612.9,0.0,1.072,0.041,0.117,0.0,0.208,0,0,Normal,3.46,1.33,0.63,0.0,0,None
2026-03-20 12:45:00,32.28,0,0,0,228.92,1.01,0.203,0.108,0.882,0.0508,666.24,6129.43,260,612.94,0.0,1.072,0.052,0.02,0.0,0.131,0,0,Normal,3.45,2.07,0.37,0.0,0,None
2026-03-20 13:00:00,34.16,0,0,0,230.32,1.5,0.326,0.116,0.942,0.0815,666.32,6130.18,260,613.02,0.0,1.072,0.062,0.02,0.0,0.244,0,0,Normal,3.35,1.21,0.54,0.0,0,None
2026-03-20 13:15:00,34.7,0,0,0,231.24,1.51,0.308,0.166,0.88,0.077,666.4,6130.89,260,613.09,0.0,1.072,0.08,0.02,0.0,0.208,0,0,Normal,2.03,3.08,0.51,0.0,0,None
2026-03-20 13:30:00,34.51,0,0,0,227.05,0.78,0.163,0.067,0.924,0.0407,666.44,6131.27,260,613.13,0.0,1.072,0.038,0.02,0.0,0.105,0,0,Normal,3.41,1.17,0.92,0.0,0,None
2026-03-20 13:45:00,32.98,0,0,0,228.96,1.2,0.245,0.122,0.895,0.0612,666.5,6131.83,260,613.18,0.0,1.072,0.03,0.129,0.0,0.086,0,0,Normal,3.98,3.26,0.57,0.0,0,None
2026-03-20 14:00:00,34.36,0,0,0,226.17,1.82,0.364,0.192,0.884,0.091,666.59,6132.67,260,613.27,0.0,1.072,0.06,0.131,0.0,0.173,0,0,Normal,3.46,1.14,0.89,0.0,0,None
2026-03-20 14:15:00,34.71,0,0,0,228.37,1.4,0.29,0.137,0.905,0.0725,666.67,6133.33,260,613.33,0.0,1.072,0.052,0.02,0.0,0.218,0,0,Normal,3.79,2.48,0.24,0.0,0,None
2026-03-20 14:30:00,33.77,0,0,0,229.14,1.45,0.302,0.138,0.91,0.0755,666.74,6134.03,260,613.4,0.0,1.072,0.037,0.02,0.0,0.245,0,0,Normal,4.48,2.73,0.27,0.0,0,None
2026-03-20 14:45:00,34.05,0,0,0,227.31,1.33,0.287,0.096,0.948,0.0718,666.81,6134.69,260,613.47,0.0,1.072,0.061,0.02,0.0,0.206,0,0,Normal,4.37,1.35,0.77,0.0,0,None
2026-03-20 15:00:00,32.79,0,0,0,229.14,0.85,0.179,0.076,0.921,0.0448,666.86,6135.1,260,613.51,0.0,1.072,0.048,0.02,0.0,0.111,0,0,Normal,3.75,3.28,0.83,0.0,0,None
2026-03-20 15:15:00,33.93,0,0,0,225.74,1.35,0.28,0.119,0.92,0.07,666.93,6135.74,260,613.57,0.0,1.072,0.061,0.12,0.0,0.099,0,0,Normal,2.51,3.25,0.45,0.0,0,None
2026-03-20 15:30:00,33.26,0,0,0,226.68,1.75,0.351,0.183,0.887,0.0878,667.02,6136.55,260,613.66,0.0,1.072,0.059,0.121,0.0,0.171,0,0,Normal,3.71,3.83,0.73,0.0,0,None
2026-03-20 15:45:00,33.9,0,0,0,226.83,1.2,0.241,0.127,0.885,0.0602,667.08,6137.11,260,613.71,0.0,1.072,0.057,0.02,0.0,0.164,0,0,Normal,3.44,2.11,0.46,0.0,0,None
2026-03-20 16:00:00,32.42,0,0,0,224.56,1.08,0.229,0.078,0.946,0.0572,667.13,6137.63,260,613.76,0.0,1.072,0.043,0.02,0.0,0.166,0,0,Normal,3.87,1.9,0.96,0.0,0,None
2026-03-20 16:15:00,33.47,0,0,0,228.98,1.46,0.302,0.143,0.904,0.0755,667.21,6138.33,260,613.83,0.0,1.072,0.046,0.02,0.0,0.236,0,0,Normal,2.81,1.11,0.75,0.0,0,None
2026-03-20 16:30:00,33.71,0,0,0,224.19,1.51,0.306,0.145,0.904,0.0765,667.29,6139.03,260,613.9,0.0,1.072,0.077,0.02,0.0,0.209,0,0,Normal,3.02,3.13,0.49,0.0,0,None
2026-03-20 16:45:00,32.8,0,0,0,225.46,1.43,0.292,0.139,0.903,0.073,667.36,6139.7,260,613.97,0.0,1.072,0.062,0.126,0.0,0.104,0,0,Normal,4.42,1.02,0.52,0.0,0,None
2026-03-20 17:00:00,31.67,0,0,0,227.18,1.54,0.327,0.126,0.933,0.0818,667.44,6140.45,260,614.05,0.0,1.072,0.04,0.116,0.0,0.171,0,0,Normal,2.83,3.51,0.49,0.0,0,None
2026-03-20 17:15:00,31.16,0,0,0,225.06,1.27,0.266,0.106,0.929,0.0665,667.51,6141.07,260,614.11,0.0,1.072,0.042,0.02,0.0,0.204,0,0,Normal,3.66,1.29,0.67,0.0,0,None
2026-03-20 17:30:00,32.11,0,0,0,227.78,1.32,0.28,0.108,0.933,0.07,667.58,6141.71,260,614.17,0.0,1.072,0.05,0.02,0.0,0.21,0,0,Normal,2.45,1.22,0.65,0.0,0,None
2026-03-20 17:45:00,31.95,0,0,0,226.16,0.81,0.168,0.073,0.917,0.042,667.62,6142.1,260,614.21,0.0,1.072,0.042,0.02,0.0,0.106,0,0,Normal,4.15,2.78,0.29,0.0,0,None
2026-03-20 18:00:00,30.22,1,0,1,226.2,13.99,2.98,1.061,0.942,0.745,668.36,6148.95,260,614.9,2.079,1.072,0.357,0.02,0.0,0.524,0,0,Normal,2.15,3.54,0.81,0.0,0,None
2026-03-20 18:15:00,31.23,1,0,1,228.16,16.21,3.268,1.73,0.884,0.817,669.18,6156.47,260,615.65,2.508,1.072,0.347,0.129,0.0,0.284,0,0,Normal,4.08,1.66,0.6,0.0,0,None
2026-03-20 18:30:00,30.78,1,0,1,226.47,15.56,3.231,1.407,0.917,0.8078,669.99,6163.9,260,616.39,2.281,1.073,0.355,0.13,0.0,0.465,0,0,Normal,4.11,1.98,0.91,0.0,0,None
2026-03-20 18:45:00,30.46,1,0,1,224.7,13.53,2.907,0.89,0.956,0.7268,670.72,6170.58,260,617.06,2.115,1.073,0.362,0.02,0.0,0.41,0,0,Normal,3.7,3.19,0.54,0.0,0,None
2026-03-20 19:00:00,29.28,1,0,1,226.61,17.21,3.542,1.632,0.908,0.8855,671.6,6178.73,260,617.87,1.621,1.073,0.358,0.02,1.205,0.338,0,0,Normal,3.91,1.83,0.26,0.0,0,None
2026-03-20 19:15:00,30.09,1,0,1,226.05,19.84,4.131,1.746,0.921,1.0328,672.63,6188.23,260,618.82,1.999,1.073,0.335,0.02,1.451,0.326,0,0,Normal,4.24,3.74,0.61,0.0,0,None
2026-03-20 19:30:00,29.85,1,0,1,228.19,21.05,4.332,2.076,0.902,1.083,673.72,6198.2,260,619.82,1.931,1.073,0.35,0.02,1.578,0.453,0,0,Normal,4.3,3.45,0.49,0.0,0,None
2026-03-20 19:45:00,29.49,1,0,1,224.82,20.28,4.017,2.158,0.881,1.0042,674.72,6207.44,260,620.74,1.713,1.073,0.356,0.114,1.397,0.437,0,0,Normal,2.22,1.09,0.57,0.0,0,None
2026-03-20 20:00:00,28.31,1,0,1,226.42,17.56,3.71,1.432,0.933,0.9275,675.65,6215.97,260,621.6,1.244,1.073,0.354,0.115,1.702,0.295,0,0,Normal,2.08,3.02,0.7,0.0,0,None
2026-03-20 20:15:00,27.42,1,0,1,225.31,14.4,2.901,1.453,0.894,0.7253,676.37,6222.64,260,622.26,0.857,1.073,0.348,0.02,1.435,0.241,0,0,Normal,2.23,3.84,0.76,0.0,0,None
2026-03-20 20:30:00,28.02,1,0,1,227.27,15.34,3.175,1.441,0.911,0.7938,677.17,6229.94,260,622.99,1.001,1.073,0.354,0.02,1.45,0.35,0,0,Normal,2.79,1.71,0.9,0.0,0,None
2026-03-20 20:45:00,28.07,1,0,1,225.83,16.55,3.395,1.562,0.908,0.8488,678.02,6237.75,260,623.78,1.032,1.073,0.34,0.02,1.59,0.413,0,0,Normal,2.43,3.18,0.71,0.0,0,None
2026-03-20 21:00:00,26.21,1,0,1,229.01,14.28,2.991,1.322,0.915,0.7477,678.76,6244.63,260,624.46,0.379,1.073,0.344,0.02,1.879,0.369,0,0,Normal,2.94,3.56,0.57,0.0,0,None
2026-03-20 21:15:00,26.66,1,0,1,228.76,13.35,2.887,0.994,0.945,0.7218,679.49,6251.27,260,625.13,0.479,1.073,0.341,0.117,1.545,0.405,0,0,Normal,4.21,1.27,0.9,0.0,0,None
2026-03-20 21:30:00,26.06,1,0,1,229.68,14.55,2.945,1.58,0.881,0.7363,680.22,6258.04,260,625.8,0.192,1.073,0.34,0.119,1.956,0.338,0,0,Normal,3.35,3.78,0.55,0.0,0,None
2026-03-20 21:45:00,26.7,1,0,1,227.09,14.94,3.02,1.544,0.89,0.755,680.98,6264.99,260,626.5,0.594,1.073,0.36,0.02,1.623,0.423,0,0,Normal,3.45,1.59,0.66,0.0,0,None
2026-03-20 22:00:00,25.28,1,0,1,228.65,3.98,0.851,0.319,0.936,0.2128,681.19,6266.95,260,626.69,0.0,1.073,0.346,0.02,0.0,0.485,0,0,Normal,2.29,1.04,0.96,0.0,0,None
2026-03-20 22:15:00,23.54,1,0,1,228.3,3.81,0.77,0.407,0.884,0.1925,681.38,6268.72,260,626.87,0.0,1.073,0.364,0.02,0.0,0.386,0,0,Normal,3.64,1.96,0.57,0.0,0,None
2026-03-20 22:30:00,25.6,1,0,1,229.82,3.49,0.76,0.257,0.947,0.19,681.57,6270.47,260,627.05,0.08,1.073,0.334,0.02,0.0,0.326,0,0,Normal,3.37,3.05,0.32,0.0,0,None
2026-03-20 22:45:00,23.48,1,0,1,227.68,3.96,0.806,0.404,0.894,0.2015,681.77,6272.32,260,627.23,0.0,1.073,0.346,0.126,0.0,0.334,0,0,Normal,3.34,2.98,0.56,0.0,0,None
2026-03-20 23:00:00,23.45,1,0,1,230.17,3.98,0.856,0.327,0.934,0.214,681.99,6274.29,260,627.43,0.0,1.073,0.355,0.128,0.0,0.373,0,0,Normal,3.44,1.26,0.79,0.0,0,None
2026-03-20 23:15:00,24.27,1,0,1,230.47,3.46,0.737,0.303,0.925,0.1843,682.17,6275.98,260,627.6,0.0,1.073,0.34,0.02,0.0,0.377,0,0,Normal,2.59,1.94,0.89,0.0,0,None
2026-03-20 23:30:00,23.6,1,0,1,228.33,3.07,0.666,0.217,0.951,0.1665,682.34,6277.52,260,627.75,0.0,1.073,0.372,0.02,0.0,0.274,0,0,Normal,3.26,2.37,0.41,0.0,0,None
2026-03-20 23:45:00,23.02,1,0,1,227.95,3.4,0.682,0.368,0.88,0.1705,682.51,6279.09,260,627.91,0.0,1.073,0.35,0.02,0.0,0.312,0,0,Normal,3.97,1.98,0.38,0.0,0,None
2026-03-21 00:00:00,22.26,1,1,0,230.79,3.68,0.798,0.288,0.941,0.1995,682.71,6280.92,260,628.09,0.0,1.073,0.359,0.02,0.0,0.419,0,0,Normal,3.67,1.18,0.74,0.0,0,None
2026-03-21 00:15:00,23.32,1,1,0,231.09,3.92,0.805,0.417,0.888,0.2012,682.91,6282.77,260,628.28,0.0,1.073,0.351,0.121,0.0,0.333,0,0,Normal,3.54,3.59,0.96,0.0,0,None
2026-03-21 00:30:00,21.84,1,1,0,229.16,4.52,0.976,0.349,0.942,0.244,683.15,6285.02,260,628.5,0.0,1.073,0.362,0.113,0.0,0.501,0,0,Normal,2.3,1.92,0.73,0.0,0,None
2026-03-21 00:45:00,23.37,1,1,0,233.03,3.41,0.756,0.246,0.951,0.189,683.34,6286.76,260,628.68,0.0,1.073,0.36,0.02,0.0,0.376,0,0,Normal,2.98,3.05,0.59,0.0,0,None
2026-03-21 01:00:00,22.18,1,1,0,231.31,3.67,0.806,0.263,0.951,0.2015,683.54,6288.61,260,628.86,0.0,1.073,0.35,0.02,0.0,0.436,0,0,Normal,4.35,2.09,0.62,0.0,0,None
2026-03-21 01:15:00,21.61,1,1,0,231.47,4.11,0.847,0.431,0.891,0.2118,683.76,6290.56,260,629.06,0.0,1.074,0.354,0.02,0.0,0.473,0,0,Normal,2.78,3.58,0.6,0.0,0,None
2026-03-21 01:30:00,21.91,1,1,0,230.92,2.66,0.572,0.227,0.93,0.143,683.9,6291.87,260,629.19,0.0,1.074,0.364,0.02,0.0,0.188,0,0,Normal,4.39,1.19,0.37,0.0,0,None
2026-03-21 01:45:00,21.7,1,1,0,230.09,3.6,0.785,0.266,0.947,0.1962,684.1,6293.68,260,629.37,0.0,1.074,0.354,0.118,0.0,0.313,0,0,Normal,3.93,2.43,0.26,0.0,0,None
2026-03-21 02:00:00,22.43,1,1,0,232.25,4.27,0.931,0.339,0.94,0.2328,684.33,6295.82,260,629.58,0.0,1.074,0.37,0.111,0.0,0.45,0,0,Normal,4.0,3.06,0.68,0.0,0,None
2026-03-21 02:15:00,22.37,1,1,0,232.58,3.32,0.736,0.23,0.954,0.184,684.51,6297.51,260,629.75,0.0,1.074,0.355,0.02,0.0,0.361,0,0,Normal,3.28,3.91,0.44,0.0,0,None
2026-03-21 02:30:00,21.14,1,1,0,232.62,3.27,0.711,0.27,0.935,0.1778,684.69,6299.15,260,629.91,0.0,1.074,0.346,0.02,0.0,0.345,0,0,Normal,3.87,2.12,0.25,0.0,0,None
2026-03-21 02:45:00,21.8,1,1,0,231.15,3.43,0.722,0.329,0.91,0.1805,684.87,6300.81,260,630.08,0.0,1.074,0.36,0.02,0.0,0.342,0,0,Normal,2.7,1.08,1.0,0.0,0,None
2026-03-21 03:00:00,21.77,1,1,0,233.01,3.68,0.76,0.398,0.886,0.19,685.06,6302.56,260,630.26,0.0,1.074,0.35,0.02,0.0,0.39,0,0,Normal,3.21,2.57,0.74,0.0,0,None
2026-03-21 03:15:00,22.85,1,1,0,233.09,4.66,0.971,0.488,0.893,0.2428,685.3,6304.79,260,630.48,0.0,1.074,0.338,0.124,0.0,0.509,0,0,Normal,2.64,3.64,0.95,0.0,0,None
2026-03-21 03:30:00,21.53,1,1,0,232.55,3.79,0.81,0.348,0.919,0.2025,685.51,6306.65,260,630.67,0.0,1.074,0.35,0.128,0.0,0.332,0,0,Normal,4.46,2.05,0.45,0.0,0,None
2026-03-21 03:45:00,23.01,1,1,0,230.02,4.02,0.868,0.322,0.938,0.217,685.72,6308.65,260,630.86,0.0,1.074,0.354,0.02,0.0,0.494,0,0,Normal,2.38,1.43,0.53,0.0,0,None
2026-03-21 04:00:00,22.79,1,1,0,236.61,4.24,0.906,0.429,0.904,0.2265,685.95,6310.73,260,631.07,0.0,1.074,0.348,0.02,0.0,0.538,0,0,Normal,4.27,2.49,0.27,0.0,0,None
2026-03-21 04:15:00,22.22,1,1,0,233.75,2.95,0.624,0.294,0.905,0.156,686.11,6312.17,260,631.22,0.0,1.074,0.353,0.02,0.0,0.251,0,0,Normal,3.4,2.09,0.5,0.0,0,None
2026-03-21 04:30:00,22.47,1,1,0,234.16,3.03,0.63,0.325,0.889,0.1575,686.26,6313.62,260,631.36,0.0,1.074,0.349,0.02,0.0,0.261,0,0,Normal,3.85,1.25,0.44,0.0,0,None
2026-03-21 04:45:00,22.4,1,1,0,232.07,3.25,0.682,0.32,0.905,0.1705,686.43,6315.19,260,631.52,0.0,1.074,0.351,0.121,0.0,0.21,0,0,Normal,2.4,2.55,0.87,0.0,0,None
2026-03-21 05:00:00,23.12,1,1,0,234.7,4.15,0.888,0.4,0.912,0.222,686.66,6317.23,260,631.72,0.0,1.074,0.347,0.118,0.0,0.423,0,0,Normal,4.47,2.24,0.71,0.0,0,None
2026-03-21 05:15:00,23.8,1,1,0,233.47,2.79,0.584,0.29,0.895,0.146,686.8,6318.57,260,631.86,0.0,1.074,0.335,0.02,0.0,0.229,0,0,Normal,3.97,2.22,0.27,0.0,0,None
2026-03-21 05:30:00,23.14,1,1,0,234.01,3.89,0.856,0.308,0.941,0.214,687.02,6320.54,260,632.05,0.0,1.074,0.368,0.02,0.0,0.468,0,0,Normal,3.33,1.93,0.66,0.0,0,None
2026-03-21 05:45:00,22.67,1,1,0,234.2,3.38,0.735,0.291,0.93,0.1838,687.2,6322.23,260,632.22,0.0,1.074,0.363,0.02,0.0,0.352,0,0,Normal,2.64,2.97,0.22,0.0,0,None
2026-03-21 06:00:00,24.81,1,1,0,233.34,11.21,2.481,0.83,0.948,0.6203,687.82,6327.94,260,632.79,0.0,1.074,0.353,0.02,1.766,0.342,0,0,Normal,3.73,1.31,0.71,0.0,0,None
2026-03-21 06:15:00,24.1,1,1,0,233.74,12.57,2.617,1.334,0.891,0.6542,688.47,6333.96,260,633.4,0.0,1.074,0.357,0.119,1.919,0.222,0,0,Normal,3.97,2.95,0.54,0.0,0,None
2026-03-21 06:30:00,24.62,1,1,0,233.91,11.31,2.448,1.003,0.925,0.612,689.09,6339.59,260,633.96,0.0,1.074,0.347,0.118,1.521,0.462,0,0,Normal,3.84,1.73,0.29,0.0,0,None
2026-03-21 06:45:00,24.55,1,1,0,232.5,12.55,2.574,1.375,0.882,0.6435,689.73,6345.51,260,634.55,0.0,1.074,0.348,0.02,1.722,0.484,0,0,Normal,3.46,2.55,0.92,0.0,0,None
2026-03-21 07:00:00,26.01,1,1,0,233.71,12.82,2.791,1.093,0.931,0.6978,690.43,6351.93,260,635.19,0.203,1.074,0.056,0.02,1.998,0.514,0,0,Normal,3.32,1.77,0.51,0.0,0,None
2026-03-21 07:15:00,27.45,1,1,0,230.57,14.57,3.069,1.369,0.913,0.7672,691.19,6358.98,260,635.9,0.808,1.074,0.065,0.02,1.696,0.48,0,0,Normal,3.61,1.34,0.42,0.0,0,None
2026-03-21 07:30:00,26.48,1,1,0,232.85,13.2,2.77,1.33,0.902,0.6925,691.89,6365.36,260,636.54,0.452,1.074,0.042,0.02,1.78,0.476,0,0,Normal,3.74,3.56,0.88,0.0,0,None
2026-03-21 07:45:00,26.57,1,1,0,232.7,13.33,2.934,1.008,0.946,0.7335,692.62,6372.1,260,637.21,0.475,1.075,0.048,0.116,1.79,0.505,0,0,Normal,3.97,1.5,0.26,0.0,0,None
2026-03-21 08:00:00,27.11,1,1,0,234.29,14.34,3.05,1.409,0.908,0.7625,693.38,6379.12,260,637.91,0.732,1.075,0.056,0.121,1.881,0.26,0,0,Normal,2.11,2.8,0.28,0.0,0,None
2026-03-21 08:15:00,27.67,1,1,0,233.34,13.61,3.011,1.013,0.948,0.7528,694.14,6386.04,260,638.6,0.901,1.075,0.046,0.02,1.573,0.471,0,0,Normal,2.9,1.17,0.98,0.0,0,None
2026-03-21 08:30:00,28.11,1,1,0,232.37,14.86,3.226,1.229,0.935,0.8065,694.94,6393.46,260,639.35,1.128,1.075,0.044,0.02,1.542,0.492,0,0,Normal,4.03,1.43,0.36,0.0,0,None
2026-03-21 08:45:00,27.49,1,1,0,232.6,14.88,3.133,1.473,0.905,0.7832,695.72,6400.67,260,640.07,0.966,1.075,0.063,0.02,1.746,0.338,0,0,Normal,3.25,2.75,0.86,0.0,0,None
2026-03-21 09:00:00,30.01,1,1,0,232.23,10.62,2.235,1.041,0.907,0.5588,696.28,6405.81,260,640.58,1.961,1.075,0.052,0.02,0.0,0.202,0,0,Normal,2.78,3.9,0.87,0.0,0,None
2026-03-21 09:15:00,28.95,1,1,0,233.91,9.59,2.016,0.981,0.899,0.504,696.79,6410.45,260,641.04,1.466,1.075,0.051,0.118,0.0,0.381,0,0,Normal,3.83,1.38,0.61,0.0,0,None
2026-03-21 09:30:00,29.41,1,1,0,231.8,10.75,2.293,0.977,0.92,0.5732,697.36,6415.72,260,641.57,1.724,1.075,0.047,0.119,0.0,0.403,0,0,Normal,3.39,1.41,0.32,0.0,0,None
2026-03-21 09:45:00,29.26,1,1,0,230.73,9.49,2.011,0.866,0.919,0.5028,697.86,6420.35,260,642.03,1.652,1.075,0.071,0.02,0.0,0.268,0,0,Normal,4.05,3.41,0.35,0.0,0,None
2026-03-21 10:00:00,31.08,1,1,0,231.72,13.72,2.854,1.402,0.898,0.7135,698.58,6426.91,260,642.69,2.503,1.075,0.04,0.02,0.0,0.291,0,0,Normal,3.13,2.18,0.51,0.0,0,None
2026-03-21 10:15:00,30.68,1,1,0,230.93,12.33,2.643,1.059,0.928,0.6607,699.24,6432.99,260,643.3,2.217,1.075,0.05,0.02,0.0,0.356,0,0,Normal,4.14,3.21,0.62,0.0,0,None
2026-03-21 10:30:00,30.86,1,1,0,232.7,12.99,2.802,1.136,0.927,0.7005,699.94,6439.43,260,643.94,2.319,1.075,0.032,0.02,0.0,0.431,0,0,Normal,2.89,1.53,0.33,0.0,0,None
2026-03-21 10:45:00,30.88,1,1,0,232.62,13.61,2.863,1.352,0.904,0.7158,700.65,6446.02,260,644.6,2.362,1.075,0.07,0.117,0.0,0.314,0,0,Normal,4.33,3.65,0.94,0.0,0,None
2026-03-21 11:00:00,31.88,0,1,0,231.91,1.26,0.275,0.101,0.939,0.0688,700.72,6446.65,260,644.67,0.0,1.075,0.04,0.122,0.0,0.113,0,0,Normal,3.04,3.33,0.62,0.0,0,None
2026-03-21 11:15:00,32.49,0,1,0,229.64,0.98,0.209,0.084,0.927,0.0522,700.78,6447.13,260,644.71,0.0,1.075,0.033,0.02,0.0,0.156,0,0,Normal,2.42,2.37,0.93,0.0,0,None
2026-03-21 11:30:00,32.36,0,1,0,229.51,1.04,0.213,0.109,0.891,0.0532,700.83,6447.62,260,644.76,0.0,1.075,0.051,0.02,0.0,0.142,0,0,Normal,4.07,1.16,0.64,0.0,0,None
2026-03-21 11:45:00,32.2,0,1,0,230.93,1.45,0.296,0.156,0.885,0.074,700.9,6448.3,260,644.83,0.0,1.075,0.064,0.02,0.0,0.212,0,0,Normal,4.3,3.66,0.51,0.0,0,None
2026-03-21 12:00:00,32.98,0,1,0,226.86,1.16,0.251,0.08,0.953,0.0628,700.97,6448.88,260,644.89,0.0,1.075,0.057,0.02,0.0,0.174,0,0,Normal,4.34,3.38,0.61,0.0,0,None
2026-03-21 12:15:00,33.59,0,1,0,229.15,2.02,0.412,0.21,0.891,0.103,701.07,6449.83,260,644.98,0.0,1.075,0.064,0.112,0.0,0.236,0,0,Normal,2.7,3.14,0.56,0.0,0,None
2026-03-21 12:30:00,33.08,0,1,0,228.73,1.5,0.317,0.131,0.924,0.0792,701.15,6450.56,260,645.06,0.0,1.075,0.054,0.134,0.0,0.129,0,0,Normal,3.68,3.33,0.25,0.0,0,None
2026-03-21 12:45:00,33.04,0,1,0,228.33,0.86,0.184,0.068,0.938,0.046,701.19,6450.98,260,645.1,0.0,1.075,0.037,0.02,0.0,0.127,0,0,Normal,2.88,1.8,0.64,0.0,0,None
2026-03-21 13:00:00,33.85,0,1,0,229.61,1.16,0.241,0.111,0.908,0.0602,701.25,6451.53,260,645.15,0.0,1.075,0.055,0.02,0.0,0.166,0,0,Normal,3.06,3.72,0.87,0.0,0,None
2026-03-21 13:15:00,34.64,0,1,0,228.14,1.22,0.258,0.104,0.928,0.0645,701.32,6452.13,260,645.21,0.0,1.075,0.049,0.02,0.0,0.189,0,0,Normal,3.36,1.86,0.88,0.0,0,None
2026-03-21 13:30:00,33.13,0,1,0,229.72,0.98,0.207,0.091,0.916,0.0518,701.37,6452.6,260,645.26,0.0,1.075,0.037,0.02,0.0,0.15,0,0,Normal,4.36,2.97,0.75,0.0,0,None
2026-03-21 13:45:00,34.18,0,1,0,227.82,1.18,0.243,0.113,0.907,0.0608,701.43,6453.16,260,645.32,0.0,1.075,0.049,0.112,0.0,0.082,0,0,Normal,2.69,2.43,0.66,0.0,0,None
2026-03-21 14:00:00,33.05,0,1,0,228.85,1.4,0.304,0.103,0.947,0.076,701.51,6453.86,260,645.39,0.0,1.075,0.052,0.113,0.0,0.139,0,0,Normal,2.44,1.71,0.97,0.0,0,None
2026-03-21 14:15:00,34.11,0,1,0,226.41,1.0,0.202,0.102,0.893,0.0505,701.56,6454.33,260,645.43,0.0,1.076,0.05,0.02,0.0,0.132,0,0,Normal,3.76,1.62,0.61,0.0,0,None
2026-03-21 14:30:00,34.79,0,1,0,225.88,1.27,0.255,0.133,0.886,0.0638,701.62,6454.91,260,645.49,0.0,1.076,0.051,0.02,0.0,0.184,0,0,Normal,3.07,1.53,0.48,0.0,0,None
2026-03-21 14:45:00,34.24,0,1,0,227.25,0.92,0.2,0.064,0.952,0.05,701.67,6455.37,260,645.54,0.0,1.076,0.063,0.02,0.0,0.117,0,0,Normal,4.01,3.62,0.3,0.0,0,None
2026-03-21 15:00:00,33.88,1,1,0,227.96,18.21,3.967,1.222,0.956,0.9918,702.66,6464.5,260,646.45,3.577,1.076,0.07,0.02,0.0,0.3,0,0,Normal,4.26,3.8,0.49,0.0,0,None
2026-03-21 15:15:00,33.52,1,1,0,226.0,18.82,4.026,1.371,0.947,1.0065,703.67,6473.76,260,647.38,3.442,1.076,0.035,0.129,0.0,0.42,0,0,Normal,2.19,1.86,0.8,0.0,0,None
2026-03-21 15:30:00,33.81,1,1,0,227.66,18.7,4.037,1.355,0.948,1.0092,704.68,6483.04,260,648.3,3.525,1.076,0.043,0.128,0.0,0.341,0,0,Normal,3.47,2.84,0.75,0.0,0,None
2026-03-21 15:45:00,33.67,1,1,0,225.47,19.31,3.92,1.895,0.9,0.98,705.66,6492.06,260,649.21,3.537,1.076,0.055,0.02,0.0,0.308,0,0,Normal,4.41,1.64,0.66,0.0,0,None
2026-03-21 16:00:00,32.8,1,1,0,224.43,17.06,3.564,1.399,0.931,0.891,706.55,6500.26,260,650.03,3.111,1.076,0.042,0.02,0.0,0.391,0,0,Normal,2.2,1.17,0.73,0.0,0,None
2026-03-21 16:15:00,33.05,1,1,0,226.71,17.87,3.59,1.876,0.886,0.8975,707.45,6508.51,260,650.85,3.233,1.076,0.05,0.02,0.0,0.287,0,0,Normal,2.69,3.59,0.34,0.0,0,None
2026-03-21 16:30:00,33.3,1,1,0,227.13,17.35,3.764,1.163,0.955,0.941,708.39,6517.17,260,651.72,3.301,1.076,0.049,0.02,0.0,0.394,0,0,Normal,3.08,2.23,0.88,0.0,0,None
2026-03-21 16:45:00,32.81,1,1,0,224.28,19.24,3.857,1.933,0.894,0.9642,709.35,6526.04,260,652.6,3.226,1.076,0.062,0.124,0.0,0.445,0,0,Normal,2.6,1.12,0.48,0.0,0,None
2026-03-21 17:00:00,31.84,1,1,0,226.57,15.16,3.057,1.565,0.89,0.7642,710.12,6533.07,260,653.31,2.598,1.076,0.05,0.12,0.0,0.289,0,0,Normal,4.47,3.0,0.55,0.0,0,None
2026-03-21 17:15:00,31.56,1,1,0,225.99,15.3,3.086,1.562,0.892,0.7715,710.89,6540.17,260,654.02,2.59,1.076,0.044,0.02,0.0,0.432,0,0,Normal,3.86,1.29,0.87,0.0,0,None
2026-03-21 17:30:00,32.44,1,1,0,226.81,15.48,3.223,1.395,0.918,0.8058,711.69,6547.58,260,654.76,2.822,1.076,0.042,0.02,0.0,0.339,0,0,Normal,2.61,1.02,0.45,0.0,0,None
2026-03-21 17:45:00,32.52,1,1,0,224.6,16.06,3.426,1.127,0.95,0.8565,712.55,6555.46,260,655.55,3.034,1.076,0.037,0.02,0.0,0.335,0,0,Normal,3.12,2.75,0.86,0.0,0,None
2026-03-21 18:00:00,31.12,1,1,1,227.86,15.11,3.216,1.233,0.934,0.804,713.35,6562.86,260,656.29,2.36,1.076,0.344,0.02,0.0,0.492,0,0,Normal,3.0,3.53,0.66,0.0,0,None
2026-03-21 18:15:00,31.48,1,1,1,226.16,17.33,3.534,1.696,0.902,0.8835,714.24,6570.99,260,657.1,2.595,1.076,0.365,0.124,0.0,0.45,0,0,Normal,2.51,2.91,0.58,0.0,0,None
2026-03-21 18:30:00,31.04,1,1,1,227.39,15.28,3.121,1.526,0.898,0.7802,715.02,6578.17,260,657.82,2.344,1.076,0.347,0.12,0.0,0.31,0,0,Normal,2.7,2.16,0.55,0.0,0,None
2026-03-21 18:45:00,31.2,1,1,1,225.55,16.09,3.26,1.594,0.898,0.815,715.83,6585.66,260,658.57,2.555,1.076,0.349,0.02,0.0,0.336,0,0,Normal,4.12,3.99,0.91,0.0,0,None
2026-03-21 19:00:00,29.7,1,1,1,224.86,18.99,3.944,1.638,0.924,0.986,716.82,6594.73,260,659.47,1.893,1.076,0.361,0.02,1.325,0.345,0,0,Normal,3.18,1.73,0.22,0.0,0,None
2026-03-21 19:15:00,29.51,1,1,1,229.24,20.23,4.316,1.699,0.931,1.079,717.9,6604.66,260,660.47,1.684,1.076,0.34,0.02,1.924,0.348,0,0,Normal,2.55,2.64,0.26,0.0,0,None
2026-03-21 19:30:00,29.29,1,1,1,225.32,19.32,3.856,2.019,0.886,0.964,718.86,6613.53,260,661.35,1.699,1.076,0.357,0.02,1.463,0.317,0,0,Normal,2.96,1.99,0.67,0.0,0,None
2026-03-21 19:45:00,30.66,1,1,1,225.83,22.13,4.539,2.091,0.908,1.1348,720.0,6623.97,260,662.4,2.254,1.076,0.349,0.124,1.546,0.266,0,0,Normal,2.81,2.49,0.25,0.0,0,None
2026-03-21 20:00:00,27.77,1,1,1,225.86,17.58,3.56,1.756,0.897,0.89,720.89,6632.16,260,663.22,0.991,1.076,0.347,0.118,1.692,0.412,0,0,Normal,3.5,3.41,0.53,0.0,0,None
2026-03-21 20:15:00,27.67,1,1,1,226.02,13.93,2.907,1.212,0.923,0.7268,721.61,6638.84,260,663.88,0.885,1.076,0.361,0.02,1.31,0.331,0,0,Normal,4.47,3.85,0.32,0.0,0,None
2026-03-21 20:30:00,28.22,1,1,1,225.7,17.76,3.773,1.353,0.941,0.9432,722.56,6647.52,260,664.75,1.156,1.076,0.35,0.02,1.808,0.439,0,0,Normal,3.12,3.52,0.76,0.0,0,None
2026-03-21 20:45:00,28.13,1,1,1,228.47,15.44,3.186,1.514,0.903,0.7965,723.35,6654.85,260,665.48,1.152,1.077,0.331,0.02,1.28,0.403,0,0,Normal,3.3,1.64,0.54,0.0,0,None
2026-03-21 21:00:00,25.74,1,1,1,224.72,14.53,2.978,1.339,0.912,0.7445,724.1,6661.7,260,666.17,0.169,1.077,0.377,0.02,1.963,0.449,0,0,Normal,4.3,1.39,0.2,0.0,0,None
2026-03-21 21:15:00,27.01,1,1,1,229.03,11.98,2.599,0.883,0.947,0.6498,724.75,6667.68,260,666.77,0.602,1.077,0.362,0.112,1.23,0.293,0,0,Normal,2.32,2.72,0.78,0.0,0,None
2026-03-21 21:30:00,26.4,1,1,1,226.7,14.07,3.032,0.992,0.95,0.758,725.51,6674.65,260,667.47,0.399,1.077,0.353,0.126,1.618,0.536,0,0,Normal,3.65,3.08,0.48,0.0,0,None
2026-03-21 21:45:00,25.89,1,1,1,228.11,11.9,2.389,1.287,0.88,0.5973,726.1,6680.15,260,668.01,0.092,1.077,0.33,0.02,1.645,0.302,0,0,Normal,3.49,1.65,0.66,0.0,0,None
2026-03-21 22:00:00,25.59,1,1,1,228.98,4.17,0.853,0.431,0.892,0.2132,726.32,6682.11,260,668.21,0.083,1.077,0.347,0.02,0.0,0.403,0,0,Normal,3.01,2.44,0.59,0.0,0,None
2026-03-21 22:15:00,25.31,1,1,1,230.19,3.04,0.627,0.312,0.895,0.1568,726.47,6683.55,260,668.35,0.0,1.077,0.36,0.02,0.0,0.247,0,0,Normal,4.49,1.93,0.65,0.0,0,None
2026-03-21 22:30:00,24.37,1,1,1,228.39,3.38,0.7,0.326,0.907,0.175,726.65,6685.16,260,668.52,0.0,1.077,0.345,0.02,0.0,0.335,0,0,Normal,3.01,3.69,0.48,0.0,0,None
2026-03-21 22:45:00,25.89,1,1,1,229.03,4.91,1.011,0.494,0.898,0.2528,726.9,6687.48,260,668.75,0.186,1.077,0.34,0.127,0.0,0.358,0,0,Normal,2.22,1.03,0.38,0.0,0,None
2026-03-21 23:00:00,24.09,1,1,1,229.98,3.69,0.811,0.249,0.956,0.2027,727.1,6689.35,260,668.93,0.0,1.077,0.359,0.127,0.0,0.325,0,0,Normal,4.21,1.08,0.42,0.0,0,None
2026-03-21 23:15:00,23.75,1,1,1,228.46,3.55,0.729,0.355,0.899,0.1822,727.29,6691.03,260,669.1,0.0,1.077,0.355,0.02,0.0,0.354,0,0,Normal,2.08,3.04,0.91,0.0,0,None
2026-03-21 23:30:00,24.55,1,1,1,230.64,3.69,0.755,0.394,0.887,0.1888,727.47,6692.76,260,669.28,0.0,1.077,0.341,0.02,0.0,0.394,0,0,Normal,3.74,2.68,0.41,0.0,0,None
2026-03-21 23:45:00,23.84,1,1,1,229.26,3.2,0.659,0.32,0.9,0.1648,727.64,6694.28,260,669.43,0.0,1.077,0.364,0.02,0.0,0.275,0,0,Normal,2.71,2.57,0.46,0.0,0,None
2026-03-22 00:00:00,22.79,1,1,0,231.41,3.25,0.699,0.279,0.929,0.1748,727.81,6695.89,260,669.59,0.0,1.077,0.36,0.02,0.0,0.319,0,0,Normal,2.76,3.05,0.57,0.0,0,None
2026-03-22 00:15:00,22.47,1,1,0,229.31,4.03,0.844,0.379,0.912,0.211,728.02,6697.83,260,669.78,0.0,1.077,0.361,0.117,0.0,0.366,0,0,Normal,2.19,3.27,0.51,0.0,0,None
2026-03-22 00:30:00,23.09,1,1,0,230.78,3.88,0.802,0.399,0.895,0.2005,728.23,6699.67,260,669.97,0.0,1.077,0.327,0.125,0.0,0.35,0,0,Normal,3.42,1.91,0.76,0.0,0,None
2026-03-22 00:45:00,23.04,1,1,0,229.83,3.88,0.804,0.388,0.901,0.201,728.43,6701.52,260,670.15,0.0,1.077,0.364,0.02,0.0,0.42,0,0,Normal,3.11,3.29,0.22,0.0,0,None
2026-03-22 01:00:00,22.21,1,1,0,231.66,3.52,0.721,0.379,0.885,0.1803,728.61,6703.18,260,670.32,0.0,1.077,0.337,0.02,0.0,0.364,0,0,Normal,4.04,1.74,0.62,0.0,0,None
2026-03-22 01:15:00,21.81,1,1,0,231.69,3.39,0.718,0.317,0.915,0.1795,728.79,6704.83,260,670.48,0.0,1.077,0.353,0.02,0.0,0.345,0,0,Normal,3.59,3.66,0.57,0.0,0,None
2026-03-22 01:30:00,22.27,1,1,0,231.27,3.67,0.776,0.343,0.915,0.194,728.98,6706.62,260,670.66,0.0,1.077,0.346,0.02,0.0,0.41,0,0,Normal,2.69,2.35,0.63,0.0,0,None
2026-03-22 01:45:00,22.17,1,1,0,229.93,4.73,0.969,0.493,0.891,0.2422,729.22,6708.84,260,670.88,0.0,1.077,0.353,0.127,0.0,0.489,0,0,Normal,3.89,1.75,0.36,0.0,0,None
2026-03-22 02:00:00,21.33,1,1,0,231.04,3.98,0.859,0.327,0.934,0.2148,729.44,6710.82,260,671.08,0.0,1.077,0.355,0.108,0.0,0.396,0,0,Normal,3.0,3.63,0.25,0.0,0,None
2026-03-22 02:15:00,21.26,1,1,0,230.82,3.24,0.689,0.289,0.922,0.1723,729.61,6712.41,260,671.24,0.0,1.077,0.353,0.02,0.0,0.316,0,0,Normal,3.01,1.46,0.96,0.0,0,None
2026-03-22 02:30:00,22.28,1,1,0,232.81,3.2,0.684,0.298,0.917,0.171,729.78,6713.98,260,671.4,0.0,1.077,0.361,0.02,0.0,0.303,0,0,Normal,3.6,2.37,0.55,0.0,0,None
2026-03-22 02:45:00,20.7,1,1,0,233.0,3.4,0.716,0.338,0.904,0.179,729.96,6715.63,260,671.56,0.0,1.077,0.349,0.02,0.0,0.347,0,0,Normal,3.65,2.65,0.5,0.0,0,None
2026-03-22 03:00:00,22.31,1,1,0,230.71,3.81,0.804,0.354,0.915,0.201,730.16,6717.47,260,671.75,0.0,1.077,0.353,0.02,0.0,0.431,0,0,Normal,4.25,1.78,0.28,0.0,0,None
2026-03-22 03:15:00,21.97,1,1,0,233.91,4.21,0.886,0.429,0.9,0.2215,730.38,6719.51,260,671.95,0.0,1.078,0.351,0.118,0.0,0.417,0,0,Normal,2.46,3.1,0.61,0.0,0,None
2026-03-22 03:30:00,22.86,1,1,0,233.6,3.97,0.849,0.373,0.915,0.2122,730.59,6721.46,260,672.15,0.0,1.078,0.334,0.119,0.0,0.396,0,0,Normal,3.44,2.24,0.6,0.0,0,None
2026-03-22 03:45:00,21.96,1,1,0,234.83,2.72,0.564,0.299,0.883,0.141,730.74,6722.76,260,672.28,0.0,1.078,0.329,0.02,0.0,0.215,0,0,Normal,2.89,1.38,0.76,0.0,0,None
2026-03-22 04:00:00,23.13,1,1,0,234.45,3.62,0.754,0.388,0.889,0.1885,730.92,6724.5,260,672.45,0.0,1.078,0.362,0.02,0.0,0.372,0,0,Normal,2.85,1.51,0.48,0.0,0,None
2026-03-22 04:15:00,22.61,1,1,0,233.52,3.72,0.818,0.292,0.942,0.2045,731.13,6726.38,260,672.64,0.0,1.078,0.358,0.02,0.0,0.44,0,0,Normal,3.19,1.89,0.62,0.0,0,None
2026-03-22 04:30:00,22.86,1,1,0,236.26,3.73,0.82,0.322,0.931,0.205,731.33,6728.26,260,672.83,0.0,1.078,0.35,0.02,0.0,0.45,0,0,Normal,3.1,1.24,0.67,0.0,0,None
2026-03-22 04:45:00,23.17,1,1,0,234.07,3.63,0.792,0.305,0.933,0.198,731.53,6730.09,260,673.01,0.0,1.078,0.346,0.118,0.0,0.328,0,0,Normal,3.43,1.81,0.26,0.0,0,None
2026-03-22 05:00:00,23.53,1,1,0,232.84,3.94,0.873,0.279,0.953,0.2182,731.75,6732.09,260,673.21,0.0,1.078,0.349,0.127,0.0,0.397,0,0,Normal,2.49,1.23,0.99,0.0,0,None
2026-03-22 05:15:00,24.26,1,1,0,234.67,3.55,0.791,0.259,0.95,0.1977,731.95,6733.91,260,673.39,0.0,1.078,0.354,0.02,0.0,0.417,0,0,Normal,3.92,2.89,0.43,0.0,0,None
2026-03-22 05:30:00,23.26,1,1,0,232.99,3.22,0.698,0.272,0.932,0.1745,732.12,6735.52,260,673.55,0.0,1.078,0.337,0.02,0.0,0.341,0,0,Normal,2.82,1.84,0.65,0.0,0,None
2026-03-22 05:45:00,23.9,1,1,0,233.09,3.73,0.807,0.323,0.928,0.2018,732.32,6737.37,260,673.74,0.0,1.078,0.339,0.02,0.0,0.448,0,0,Normal,3.06,4.0,0.7,0.0,0,None
2026-03-22 06:00:00,25.46,1,1,0,233.82,8.33,1.826,0.675,0.938,0.4565,732.78,6741.57,260,674.16,0.0,1.078,0.358,0.02,1.207,0.241,0,0,Normal,2.13,2.46,0.76,0.0,0,None
2026-03-22 06:15:00,25.33,1,1,0,235.51,9.92,2.145,0.923,0.919,0.5362,733.32,6746.51,260,674.65,0.0,1.078,0.343,0.119,1.356,0.327,0,0,Normal,3.3,2.85,0.31,0.0,0,None
2026-03-22 06:30:00,25.96,1,1,0,236.58,14.44,3.049,1.542,0.892,0.7622,734.08,6753.52,260,675.35,0.233,1.078,0.351,0.124,1.986,0.355,0,0,Normal,4.2,1.36,0.46,0.0,0,None
2026-03-22 06:45:00,24.62,1,1,0,234.35,9.0,1.946,0.811,0.923,0.4865,734.56,6758.0,260,675.8,0.0,1.078,0.349,0.02,1.256,0.321,0,0,Normal,4.43,1.38,0.85,0.0,0,None
2026-03-22 07:00:00,25.76,1,1,0,234.8,11.46,2.577,0.776,0.958,0.6442,735.21,6763.92,260,676.39,0.173,1.078,0.052,0.02,1.959,0.373,0,0,Normal,2.87,2.8,0.48,0.0,0,None
2026-03-22 07:15:00,25.95,1,1,0,235.77,12.4,2.617,1.303,0.895,0.6542,735.86,6769.94,260,676.99,0.219,1.078,0.062,0.02,1.911,0.405,0,0,Normal,2.98,2.76,0.47,0.0,0,None
2026-03-22 07:30:00,26.78,1,1,0,232.74,11.88,2.473,1.237,0.894,0.6183,736.48,6775.63,260,677.56,0.546,1.078,0.043,0.02,1.526,0.338,0,0,Normal,3.5,2.79,0.64,0.0,0,None
2026-03-22 07:45:00,26.7,1,1,0,233.08,12.07,2.527,1.234,0.899,0.6318,737.11,6781.44,260,678.14,0.51,1.078,0.045,0.114,1.396,0.462,0,0,Normal,3.27,1.53,0.32,0.0,0,None
2026-03-22 08:00:00,28.05,1,1,0,234.24,15.21,3.29,1.365,0.924,0.8225,737.94,6789.01,260,678.9,1.047,1.078,0.043,0.112,1.783,0.305,0,0,Normal,2.42,1.43,0.77,0.0,0,None
2026-03-22 08:15:00,27.44,1,1,0,233.17,11.51,2.465,1.062,0.918,0.6162,738.55,6794.68,260,679.47,0.813,1.078,0.044,0.02,1.292,0.296,0,0,Normal,3.68,3.69,0.93,0.0,0,None
2026-03-22 08:30:00,28.38,1,1,0,231.29,15.65,3.273,1.544,0.904,0.8182,739.37,6802.21,260,680.22,1.363,1.078,0.032,0.02,1.448,0.41,0,0,Normal,3.83,3.56,0.37,0.0,0,None
2026-03-22 08:45:00,27.39,1,1,0,231.63,14.96,3.088,1.572,0.891,0.772,740.14,6809.31,260,680.93,0.809,1.078,0.054,0.02,1.855,0.35,0,0,Normal,2.2,1.34,0.59,0.0,0,None
2026-03-22 09:00:00,30.13,1,1,0,232.51,11.09,2.285,1.197,0.886,0.5712,740.71,6814.56,260,681.46,1.958,1.078,0.037,0.02,0.0,0.27,0,0,Normal,3.18,2.54,0.56,0.0,0,None
2026-03-22 09:15:00,30.98,1,1,0,233.35,14.33,2.996,1.485,0.896,0.749,741.46,6821.45,260,682.15,2.392,1.078,0.06,0.119,0.0,0.425,0,0,Normal,3.85,2.45,0.36,0.0,0,None
2026-03-22 09:30:00,29.74,1,1,0,231.84,12.15,2.533,1.233,0.899,0.6333,742.1,6827.28,260,682.73,1.842,1.078,0.032,0.117,0.0,0.542,0,0,Normal,3.84,3.66,0.3,0.0,0,None
2026-03-22 09:45:00,29.84,1,1,0,232.24,11.42,2.359,1.21,0.89,0.5898,742.69,6832.71,260,683.27,1.817,1.079,0.033,0.02,0.0,0.489,0,0,Normal,3.78,1.54,0.32,0.0,0,None
2026-03-22 10:00:00,30.75,1,1,0,231.59,12.24,2.554,1.23,0.901,0.6385,743.32,6838.58,260,683.86,2.244,1.079,0.052,0.02,0.0,0.238,0,0,Normal,2.68,3.71,0.68,0.0,0,None
2026-03-22 10:15:00,30.09,1,1,0,231.27,11.05,2.432,0.784,0.952,0.608,743.93,6844.17,260,684.42,1.918,1.079,0.045,0.02,0.0,0.449,0,0,Normal,3.4,2.16,0.99,0.0,0,None
2026-03-22 10:30:00,30.7,1,1,0,231.31,12.11,2.682,0.809,0.957,0.6705,744.6,6850.34,260,685.03,2.341,1.079,0.053,0.02,0.0,0.268,0,0,Normal,2.5,3.92,0.28,0.0,0,None
2026-03-22 10:45:00,30.45,1,1,0,230.14,13.12,2.76,1.225,0.914,0.69,745.29,6856.69,260,685.67,2.164,1.079,0.047,0.118,0.0,0.431,0,0,Normal,3.2,1.33,0.81,0.0,0,None
2026-03-22 11:00:00,31.52,0,1,0,231.85,4.69,0.99,0.452,0.91,0.2475,745.54,6858.97,260,685.9,0.0,1.079,0.039,0.121,0.0,0.83,1,1,Phantom Standby Load,3.31,1.64,0.49,0.0,0,None
2026-03-22 11:15:00,33.1,0,1,0,230.93,4.41,0.897,0.481,0.881,0.2242,745.76,6861.03,260,686.1,0.0,1.079,0.035,0.02,0.0,0.842,1,1,Phantom Standby Load,2.32,2.87,0.32,0.0,0,None
2026-03-22 11:30:00,32.38,0,1,0,229.44,4.18,0.913,0.294,0.952,0.2282,745.99,6863.13,260,686.31,0.0,1.079,0.043,0.02,0.0,0.85,1,1,Phantom Standby Load,3.76,3.47,0.58,0.0,0,None
2026-03-22 11:45:00,32.43,0,1,0,227.98,4.45,0.908,0.45,0.896,0.227,746.22,6865.22,260,686.52,0.0,1.079,0.038,0.02,0.0,0.85,1,1,Phantom Standby Load,2.3,1.86,0.55,0.0,0,None
2026-03-22 12:00:00,33.04,0,1,0,229.75,4.43,0.927,0.422,0.91,0.2318,746.45,6867.35,260,686.74,0.0,1.079,0.08,0.02,0.0,0.827,1,1,Phantom Standby Load,4.28,2.49,0.63,0.0,0,None
2026-03-22 12:15:00,33.11,0,1,0,229.39,4.33,0.883,0.454,0.89,0.2208,746.67,6869.38,260,686.94,0.0,1.079,0.055,0.128,0.0,0.7,1,1,Phantom Standby Load,2.27,2.76,0.9,0.0,0,None
2026-03-22 12:30:00,33.68,0,1,0,228.71,4.59,0.986,0.361,0.939,0.2465,746.92,6871.65,260,687.17,0.0,1.079,0.048,0.116,0.0,0.822,1,1,Phantom Standby Load,3.55,2.54,0.97,0.0,0,None
2026-03-22 12:45:00,33.18,0,1,0,227.67,4.33,0.87,0.462,0.883,0.2175,747.14,6873.65,260,687.37,0.0,1.079,0.057,0.02,0.0,0.793,1,1,Phantom Standby Load,4.29,3.15,0.44,0.0,0,None
2026-03-22 13:00:00,34.06,0,1,0,231.04,4.08,0.833,0.442,0.884,0.2082,747.34,6875.57,260,687.56,0.0,1.079,0.053,0.02,0.0,0.76,1,1,Phantom Standby Load,4.26,1.64,0.68,0.0,0,None
2026-03-22 13:15:00,33.7,0,1,0,228.92,4.11,0.871,0.358,0.925,0.2178,747.56,6877.57,260,687.76,0.0,1.079,0.064,0.02,0.0,0.787,1,1,Phantom Standby Load,3.92,1.58,0.37,0.0,0,None
2026-03-22 13:30:00,33.62,0,1,0,228.72,3.86,0.84,0.271,0.952,0.21,747.77,6879.5,260,687.95,0.0,1.079,0.039,0.02,0.0,0.781,1,1,Phantom Standby Load,2.21,1.05,0.69,0.0,0,None
2026-03-22 13:45:00,33.09,0,1,0,227.77,4.8,0.987,0.473,0.902,0.2467,748.02,6881.77,260,688.18,0.0,1.079,0.056,0.118,0.0,0.813,1,1,Phantom Standby Load,2.12,3.83,0.34,0.0,0,None
2026-03-22 14:00:00,33.01,0,1,0,229.28,4.87,0.985,0.525,0.883,0.2462,748.26,6884.04,260,688.4,0.0,1.079,0.056,0.116,0.0,0.813,1,1,Phantom Standby Load,4.4,2.63,0.49,0.0,0,None
2026-03-22 14:15:00,33.87,0,1,0,230.43,3.58,0.781,0.263,0.948,0.1952,748.46,6885.83,260,688.58,0.0,1.079,0.051,0.02,0.0,0.71,1,1,Phantom Standby Load,4.16,1.43,0.24,0.0,0,None
2026-03-22 14:30:00,34.03,0,1,0,226.35,4.16,0.886,0.319,0.941,0.2215,748.68,6887.87,260,688.79,0.0,1.079,0.036,0.02,0.0,0.83,1,1,Phantom Standby Load,3.67,1.01,0.93,0.0,0,None
2026-03-22 14:45:00,33.36,0,1,0,225.88,3.91,0.834,0.288,0.945,0.2085,748.89,6889.79,260,688.98,0.0,1.079,0.062,0.02,0.0,0.752,1,1,Phantom Standby Load,2.78,3.92,0.88,0.0,0,None
2026-03-22 15:00:00,33.78,1,1,0,226.92,17.74,3.768,1.414,0.936,0.942,749.83,6898.46,260,689.85,3.439,1.079,0.046,0.02,0.0,0.263,0,0,Normal,3.4,2.55,0.65,0.0,0,None
2026-03-22 15:15:00,33.82,1,1,0,226.46,20.23,4.086,2.072,0.892,1.0215,750.85,6907.85,260,690.79,3.6,1.079,0.059,0.118,0.0,0.309,0,0,Normal,3.42,2.03,0.27,0.0,0,None
2026-03-22 15:30:00,32.72,1,1,0,227.6,17.41,3.699,1.42,0.934,0.9248,751.78,6916.36,260,691.64,3.151,1.079,0.04,0.127,0.0,0.381,0,0,Normal,4.29,3.9,0.48,0.0,0,None
2026-03-22 15:45:00,33.34,1,1,0,225.53,18.19,3.725,1.717,0.908,0.9312,752.71,6924.93,260,692.49,3.367,1.079,0.044,0.02,0.0,0.294,0,0,Normal,4.27,3.38,1.0,0.0,0,None
2026-03-22 16:00:00,33.4,1,1,0,225.3,18.2,3.66,1.849,0.893,0.915,753.62,6933.35,260,693.33,3.373,1.079,0.049,0.02,0.0,0.218,0,0,Normal,3.42,2.72,0.85,0.0,0,None
2026-03-22 16:15:00,33.39,1,1,0,227.08,18.55,3.841,1.727,0.912,0.9602,754.58,6942.18,260,694.22,3.4,1.079,0.043,0.02,0.0,0.378,0,0,Normal,2.13,1.88,0.59,0.0,0,None
2026-03-22 16:30:00,32.62,1,1,0,225.65,17.44,3.49,1.817,0.887,0.8725,755.46,6950.21,260,695.02,3.1,1.08,0.036,0.02,0.0,0.334,0,0,Normal,3.13,1.72,0.27,0.0,0,None
2026-03-22 16:45:00,33.28,1,1,0,225.9,19.53,4.119,1.579,0.934,1.0298,756.49,6959.68,260,695.97,3.44,1.08,0.058,0.114,0.0,0.507,0,0,Normal,3.45,1.53,0.42,0.0,0,None
2026-03-22 17:00:00,32.75,1,1,0,225.47,19.33,3.871,2.004,0.888,0.9678,757.46,6968.59,260,696.86,3.18,1.08,0.061,0.119,0.0,0.511,0,0,Normal,3.92,1.9,0.43,0.0,0,None
2026-03-22 17:15:00,32.63,1,1,0,226.36,16.92,3.59,1.338,0.937,0.8975,758.35,6976.84,260,697.68,3.113,1.08,0.056,0.02,0.0,0.401,0,0,Normal,2.85,2.95,0.73,0.0,0,None
2026-03-22 17:30:00,32.19,1,1,0,226.54,15.86,3.385,1.208,0.942,0.8462,759.2,6984.63,260,698.46,2.845,1.08,0.046,0.02,0.0,0.474,0,0,Normal,4.22,1.88,0.63,0.0,0,None
2026-03-22 17:45:00,32.01,1,1,0,227.94,15.08,3.286,1.01,0.956,0.8215,760.02,6992.19,260,699.22,2.778,1.08,0.035,0.02,0.0,0.453,0,0,Normal,3.3,1.02,0.75,0.0,0,None
2026-03-22 18:00:00,30.69,1,1,1,226.5,13.01,2.821,0.854,0.957,0.7052,760.73,6998.67,260,699.87,2.106,1.08,0.355,0.02,0.0,0.34,0,0,Normal,2.82,2.68,1.0,0.0,0,None
2026-03-22 18:15:00,31.23,1,1,1,226.65,16.47,3.316,1.713,0.888,0.829,761.55,7006.3,260,700.63,2.466,1.08,0.375,0.131,0.0,0.344,0,0,Normal,3.01,2.06,0.31,0.0,0,None
2026-03-22 18:30:00,31.1,1,1,1,225.4,14.95,3.187,1.094,0.946,0.7968,762.35,7013.63,260,701.36,2.43,1.08,0.346,0.119,0.0,0.292,0,0,Normal,2.66,2.74,0.93,0.0,0,None
2026-03-22 18:45:00,31.31,1,1,1,225.39,16.38,3.421,1.389,0.927,0.8552,763.21,7021.5,260,702.15,2.603,1.08,0.349,0.02,0.0,0.449,0,0,Normal,2.14,1.53,0.65,0.0,0,None
2026-03-22 19:00:00,29.62,1,1,1,226.54,19.36,4.082,1.607,0.93,1.0205,764.23,7030.89,260,703.09,1.62,1.08,0.356,0.02,1.721,0.365,0,0,Normal,4.31,1.73,0.37,0.0,0,None
2026-03-22 19:15:00,29.96,1,1,1,224.14,21.87,4.391,2.18,0.896,1.0978,765.32,7040.99,260,704.1,1.907,1.08,0.363,0.02,1.754,0.347,0,0,Normal,2.73,1.79,0.76,0.0,0,None
2026-03-22 19:30:00,29.6,1,1,1,225.11,19.11,3.814,1.991,0.886,0.9535,766.28,7049.76,260,704.98,1.694,1.08,0.341,0.02,1.221,0.538,0,0,Normal,2.21,2.9,0.86,0.0,0,None
2026-03-22 19:45:00,29.95,1,1,1,226.9,21.83,4.65,1.705,0.939,1.1625,767.44,7060.45,260,706.05,1.915,1.08,0.342,0.118,1.923,0.352,0,0,Normal,4.32,3.83,0.28,0.0,0,None
2026-03-22 20:00:00,28.44,1,1,1,224.69,18.58,3.708,1.916,0.888,0.927,768.37,7068.98,260,706.9,1.23,1.08,0.338,0.119,1.528,0.493,0,0,Normal,2.69,2.96,0.89,0.0,0,None
2026-03-22 20:15:00,27.6,1,1,1,226.37,18.55,3.785,1.817,0.901,0.9462,769.31,7077.69,260,707.77,1.03,1.08,0.356,0.02,1.934,0.445,0,0,Normal,3.39,3.24,0.5,0.0,0,None
2026-03-22 20:30:00,27.1,1,1,1,228.43,15.3,3.248,1.292,0.929,0.812,770.13,7085.16,260,708.52,0.764,1.08,0.345,0.02,1.851,0.268,0,0,Normal,2.77,3.51,0.75,0.0,0,None
2026-03-22 20:45:00,28.77,1,1,1,227.13,18.72,3.991,1.466,0.939,0.9978,771.12,7094.34,260,709.43,1.423,1.08,0.339,0.02,1.983,0.226,0,0,Normal,3.37,3.5,0.97,0.0,0,None
2026-03-22 21:00:00,26.58,1,1,1,229.58,12.38,2.663,0.994,0.937,0.6658,771.79,7100.46,260,710.05,0.473,1.08,0.363,0.02,1.551,0.256,0,0,Normal,2.14,3.96,0.81,0.0,0,None
2026-03-22 21:15:00,25.59,1,1,1,229.19,13.11,2.645,1.427,0.88,0.6612,772.45,7106.55,260,710.65,0.0,1.08,0.345,0.128,1.857,0.315,0,0,Normal,2.02,1.77,0.8,0.0,0,None
2026-03-22 21:30:00,26.09,1,1,1,226.57,11.19,2.393,0.84,0.944,0.5983,773.05,7112.05,260,711.21,0.256,1.08,0.332,0.117,1.354,0.334,0,0,Normal,4.45,2.59,0.58,0.0,0,None
2026-03-22 21:45:00,26.83,1,1,1,227.09,15.33,3.167,1.447,0.91,0.7918,773.84,7119.33,260,711.93,0.552,1.08,0.322,0.02,1.913,0.36,0,0,Normal,3.59,1.71,0.33,0.0,0,None
2026-03-22 22:00:00,24.86,1,1,1,226.99,3.1,0.622,0.329,0.884,0.1555,774.0,7120.77,260,712.08,0.0,1.08,0.342,0.02,0.0,0.26,0,0,Normal,4.35,2.69,0.99,0.0,0,None
2026-03-22 22:15:00,24.74,1,1,1,229.0,4.08,0.848,0.393,0.907,0.212,774.21,7122.72,260,712.27,0.0,1.08,0.354,0.02,0.0,0.474,0,0,Normal,4.41,3.29,0.73,0.0,0,None
2026-03-22 22:30:00,25.7,1,1,1,228.37,3.42,0.694,0.357,0.889,0.1735,774.38,7124.31,260,712.43,0.026,1.08,0.341,0.02,0.0,0.307,0,0,Normal,3.23,3.61,0.84,0.0,0,None
2026-03-22 22:45:00,24.48,1,1,1,228.45,3.44,0.738,0.269,0.94,0.1845,774.57,7126.01,260,712.6,0.0,1.08,0.357,0.128,0.0,0.253,0,0,Normal,3.62,2.41,0.2,0.0,0,None
2026-03-22 23:00:00,23.36,1,1,1,229.22,3.7,0.805,0.266,0.95,0.2012,774.77,7127.86,260,712.79,0.0,1.081,0.34,0.121,0.0,0.344,0,0,Normal,2.12,3.69,0.57,0.0,0,None
2026-03-22 23:15:00,23.86,1,1,1,227.99,4.35,0.897,0.421,0.905,0.2242,774.99,7129.92,260,712.99,0.0,1.081,0.356,0.02,0.0,0.521,0,0,Normal,3.46,1.67,0.82,0.0,0,None
2026-03-22 23:30:00,23.95,1,1,1,229.63,3.6,0.763,0.316,0.924,0.1908,775.18,7131.68,260,713.17,0.0,1.081,0.348,0.02,0.0,0.395,0,0,Normal,2.51,3.4,0.52,0.0,0,None
2026-03-22 23:45:00,24.01,1,1,1,231.42,2.82,0.617,0.215,0.944,0.1542,775.34,7133.1,260,713.31,0.0,1.081,0.36,0.02,0.0,0.237,0,0,Normal,2.2,2.3,0.44,0.0,0,None
2026-03-23 00:00:00,23.26,1,0,0,230.66,3.56,0.773,0.276,0.942,0.1932,775.53,7134.88,260,713.49,0.0,1.081,0.353,0.02,0.0,0.4,0,0,Normal,4.46,2.87,0.49,0.0,0,None
2026-03-23 00:15:00,22.9,1,0,0,230.46,4.38,0.902,0.455,0.893,0.2255,775.76,7136.95,260,713.7,0.0,1.081,0.353,0.115,0.0,0.434,0,0,Normal,3.63,1.7,0.34,0.0,0,None
2026-03-23 00:30:00,23.05,1,0,0,231.11,4.07,0.838,0.428,0.89,0.2095,775.96,7138.88,260,713.89,0.0,1.081,0.351,0.129,0.0,0.358,0,0,Normal,2.17,1.9,0.86,0.0,0,None
2026-03-23 00:45:00,22.67,1,0,0,232.3,3.27,0.675,0.348,0.889,0.1688,776.13,7140.43,260,714.04,0.0,1.081,0.337,0.02,0.0,0.318,0,0,Normal,2.97,2.6,0.69,0.0,0,None
2026-03-23 01:00:00,22.24,1,0,0,230.97,2.87,0.609,0.262,0.919,0.1522,776.29,7141.83,260,714.18,0.0,1.081,0.361,0.02,0.0,0.228,0,0,Normal,4.48,2.69,0.92,0.0,0,None
2026-03-23 01:15:00,22.26,1,0,0,231.62,3.42,0.724,0.322,0.914,0.181,776.47,7143.5,260,714.35,0.0,1.081,0.339,0.02,0.0,0.365,0,0,Normal,4.13,1.02,0.26,0.0,0,None
2026-03-23 01:30:00,22.31,1,0,0,230.4,3.13,0.687,0.219,0.953,0.1718,776.64,7145.08,260,714.51,0.0,1.081,0.351,0.02,0.0,0.316,0,0,Normal,3.01,1.84,0.45,0.0,0,None
2026-03-23 01:45:00,22.59,1,0,0,235.44,3.95,0.874,0.32,0.939,0.2185,776.86,7147.09,260,714.71,0.0,1.081,0.346,0.107,0.0,0.421,0,0,Normal,4.27,2.38,0.62,0.0,0,None
2026-03-23 02:00:00,22.28,1,0,0,231.96,3.98,0.852,0.358,0.922,0.213,777.07,7149.05,260,714.9,0.0,1.081,0.366,0.122,0.0,0.364,0,0,Normal,2.9,3.18,0.57,0.0,0,None
2026-03-23 02:15:00,22.02,1,0,0,231.24,2.91,0.616,0.272,0.915,0.154,777.22,7150.46,260,715.05,0.0,1.081,0.368,0.02,0.0,0.228,0,0,Normal,4.19,2.11,0.88,0.0,0,None
2026-03-23 02:30:00,21.6,1,0,0,232.43,3.3,0.71,0.293,0.924,0.1775,777.4,7152.1,260,715.21,0.0,1.081,0.363,0.02,0.0,0.327,0,0,Normal,2.67,3.61,0.69,0.0,0,None
2026-03-23 02:45:00,22.03,1,0,0,232.57,2.91,0.608,0.298,0.898,0.152,777.55,7153.49,260,715.35,0.0,1.081,0.358,0.02,0.0,0.23,0,0,Normal,3.08,1.01,0.61,0.0,0,None
2026-03-23 03:00:00,22.19,1,0,0,232.45,3.59,0.765,0.335,0.916,0.1912,777.74,7155.25,260,715.53,0.0,1.081,0.366,0.02,0.0,0.379,0,0,Normal,2.01,2.99,0.81,0.0,0,None
2026-03-23 03:15:00,22.3,1,0,0,233.47,4.1,0.902,0.317,0.943,0.2255,777.97,7157.33,260,715.73,0.0,1.081,0.358,0.118,0.0,0.426,0,0,Normal,3.18,1.01,0.28,0.0,0,None
2026-03-23 03:30:00,23.31,1,0,0,234.16,3.9,0.85,0.331,0.932,0.2125,778.18,7159.28,260,715.93,0.0,1.081,0.364,0.123,0.0,0.363,0,0,Normal,4.38,1.85,0.74,0.0,0,None
2026-03-23 03:45:00,21.94,1,0,0,231.81,3.27,0.671,0.352,0.886,0.1678,778.35,7160.83,260,716.08,0.0,1.081,0.351,0.02,0.0,0.3,0,0,Normal,3.51,3.21,0.24,0.0,0,None
2026-03-23 04:00:00,23.01,1,0,0,233.68,3.27,0.726,0.241,0.949,0.1815,778.53,7162.5,260,716.25,0.0,1.081,0.337,0.02,0.0,0.369,0,0,Normal,3.78,2.33,0.48,0.0,0,None
2026-03-23 04:15:00,23.34,1,0,0,235.48,3.37,0.719,0.338,0.905,0.1798,778.71,7164.15,260,716.42,0.0,1.081,0.38,0.02,0.0,0.319,0,0,Normal,3.59,3.62,0.59,0.0,0,None
2026-03-23 04:30:00,22.85,1,0,0,230.77,3.44,0.724,0.325,0.912,0.181,778.89,7165.82,260,716.58,0.0,1.081,0.361,0.02,0.0,0.343,0,0,Normal,2.87,3.94,0.28,0.0,0,None
2026-03-23 04:45:00,23.97,1,0,0,233.75,3.85,0.807,0.401,0.896,0.2017,779.09,7167.67,260,716.77,0.0,1.081,0.358,0.119,0.0,0.33,0,0,Normal,3.27,2.64,0.91,0.0,0,None
2026-03-23 05:00:00,23.57,1,0,0,232.88,4.48,0.961,0.407,0.921,0.2402,779.34,7169.88,260,716.99,0.0,1.081,0.346,0.116,0.0,0.499,0,0,Normal,2.14,3.76,0.56,0.0,0,None
2026-03-23 05:15:00,23.92,1,0,0,234.88,3.42,0.731,0.332,0.91,0.1828,779.52,7171.56,260,717.16,0.0,1.081,0.349,0.02,0.0,0.362,0,0,Normal,4.48,1.34,0.85,0.0,0,None
2026-03-23 05:30:00,23.36,1,0,0,233.26,3.11,0.66,0.303,0.909,0.165,779.68,7173.08,260,717.31,0.0,1.082,0.354,0.02,0.0,0.286,0,0,Normal,2.53,2.83,0.22,0.0,0,None
2026-03-23 05:45:00,23.58,1,0,0,234.24,3.85,0.836,0.339,0.927,0.209,779.89,7175.0,260,717.5,0.0,1.082,0.353,0.02,0.0,0.463,0,0,Normal,4.33,1.17,0.65,0.0,0,None
2026-03-23 06:00:00,25.12,1,0,0,231.2,9.95,2.166,0.776,0.941,0.5415,780.43,7179.99,260,718.0,0.0,1.082,0.327,0.02,1.378,0.441,0,0,Normal,2.48,1.45,0.9,0.0,0,None
2026-03-23 06:15:00,25.42,1,0,0,234.03,9.84,2.18,0.745,0.946,0.545,780.98,7185.0,260,718.5,0.043,1.082,0.348,0.125,1.271,0.393,0,0,Normal,2.56,2.08,0.95,0.0,0,None
2026-03-23 06:30:00,25.16,1,0,0,233.97,10.35,2.203,1.006,0.91,0.5508,781.53,7190.07,260,719.01,0.0,1.082,0.329,0.113,1.444,0.317,0,0,Normal,3.84,1.29,0.94,0.0,0,None
2026-03-23 06:45:00,25.63,1,0,0,232.73,10.65,2.334,0.837,0.941,0.5835,782.11,7195.43,260,719.54,0.0,1.082,0.35,0.02,1.518,0.446,0,0,Normal,4.49,2.8,0.65,0.0,0,None
2026-03-23 07:00:00,26.4,1,0,0,232.3,10.92,2.291,1.091,0.903,0.5728,782.69,7200.7,260,720.07,0.306,1.082,0.05,0.02,1.502,0.413,0,0,Normal,3.41,3.09,0.37,0.0,0,None
2026-03-23 07:15:00,26.28,1,0,0,234.56,11.0,2.34,1.085,0.907,0.585,783.27,7206.09,260,720.61,0.251,1.082,0.034,0.02,1.767,0.268,0,0,Normal,3.48,1.75,0.95,0.0,0,None
2026-03-23 07:30:00,27.8,1,0,0,233.4,14.0,2.881,1.541,0.882,0.7203,783.99,7212.71,260,721.27,1.01,1.082,0.036,0.02,1.461,0.354,0,0,Normal,2.96,1.5,0.45,0.0,0,None
2026-03-23 07:45:00,26.64,1,0,0,232.06,13.24,2.916,0.971,0.949,0.729,784.72,7219.42,260,721.94,0.544,1.082,0.058,0.122,1.928,0.264,0,0,Normal,3.46,1.94,0.91,0.0,0,None
2026-03-23 08:00:00,27.64,1,0,0,234.35,13.73,3.026,1.096,0.94,0.7565,785.48,7226.38,260,722.64,0.944,1.082,0.056,0.115,1.669,0.242,0,0,Normal,3.14,1.22,0.72,0.0,0,None
2026-03-23 08:15:00,27.65,1,0,0,233.16,13.62,2.912,1.267,0.917,0.728,786.2,7233.08,260,723.31,1.015,1.082,0.044,0.02,1.393,0.44,0,0,Normal,3.41,1.73,0.83,0.0,0,None
2026-03-23 08:30:00,27.53,1,0,0,232.12,12.25,2.706,0.872,0.952,0.6765,786.88,7239.3,260,723.93,0.877,1.082,0.036,0.02,1.313,0.46,0,0,Normal,3.59,1.83,0.75,0.0,0,None
2026-03-23 08:45:00,28.47,1,0,0,234.54,15.3,3.274,1.469,0.912,0.8185,787.7,7246.83,260,724.68,1.267,1.082,0.058,0.02,1.529,0.4,0,0,Normal,2.29,2.88,0.51,0.0,0,None
2026-03-23 09:00:00,29.37,0,0,0,232.83,0.72,0.154,0.069,0.913,0.0385,787.74,7247.18,260,724.72,0.0,1.082,0.053,0.02,0.0,0.081,0,0,Normal,2.14,2.26,0.75,0.0,0,None
2026-03-23 09:15:00,29.62,0,0,0,233.2,1.89,0.387,0.209,0.88,0.0968,787.83,7248.08,260,724.81,0.0,1.082,0.043,0.116,0.0,0.228,0,0,Normal,4.26,3.46,0.73,0.0,0,None
2026-03-23 09:30:00,29.52,0,0,0,232.28,1.41,0.289,0.152,0.885,0.0722,787.91,7248.74,260,724.87,0.0,1.082,0.048,0.123,0.0,0.118,0,0,Normal,3.99,3.02,0.83,0.0,0,None
2026-03-23 09:45:00,29.92,0,0,0,233.66,1.11,0.244,0.086,0.943,0.061,787.97,7249.3,260,724.93,0.0,1.082,0.049,0.02,0.0,0.175,0,0,Normal,3.4,2.05,0.77,0.0,0,None
2026-03-23 10:00:00,30.58,0,0,0,232.48,0.9,0.185,0.096,0.888,0.0462,788.01,7249.73,260,724.97,0.0,1.082,0.041,0.02,0.0,0.124,0,0,Normal,2.21,2.34,0.86,0.0,0,None
2026-03-23 10:15:00,30.46,0,0,0,233.46,0.96,0.211,0.072,0.946,0.0528,788.07,7250.21,260,725.02,0.0,1.082,0.032,0.02,0.0,0.159,0,0,Normal,2.33,1.12,0.24,0.0,0,None
2026-03-23 10:30:00,31.11,0,0,0,231.36,1.39,0.299,0.117,0.932,0.0748,788.14,7250.9,260,725.09,0.0,1.082,0.067,0.02,0.0,0.212,0,0,Normal,2.6,3.07,0.66,0.0,0,None
2026-03-23 10:45:00,31.3,0,0,0,231.22,1.34,0.274,0.147,0.882,0.0685,788.21,7251.53,260,725.15,0.0,1.082,0.042,0.122,0.0,0.11,0,0,Normal,4.36,2.16,0.84,0.0,0,None
2026-03-23 11:00:00,32.41,0,0,0,230.86,1.84,0.393,0.163,0.924,0.0982,788.31,7252.43,260,725.24,0.0,1.082,0.055,0.121,0.0,0.217,0,0,Normal,3.83,3.24,0.89,0.0,0,None
2026-03-23 11:15:00,31.84,0,0,0,229.72,0.74,0.157,0.065,0.924,0.0392,788.35,7252.79,260,725.28,0.0,1.082,0.053,0.02,0.0,0.084,0,0,Normal,2.03,2.98,0.31,0.0,0,None
2026-03-23 11:30:00,32.58,0,0,0,232.54,1.48,0.305,0.16,0.886,0.0762,788.42,7253.5,260,725.35,0.0,1.082,0.04,0.02,0.0,0.245,0,0,Normal,2.58,2.33,0.32,0.0,0,None
2026-03-23 11:45:00,31.87,0,0,0,228.93,1.36,0.298,0.093,0.954,0.0745,788.5,7254.18,260,725.42,0.0,1.082,0.059,0.02,0.0,0.219,0,0,Normal,2.6,1.52,0.97,0.0,0,None
2026-03-23 12:00:00,32.94,0,0,0,229.67,1.09,0.227,0.103,0.91,0.0568,788.55,7254.7,260,725.47,0.0,1.083,0.061,0.02,0.0,0.146,0,0,Normal,4.06,2.26,0.29,0.0,0,None
2026-03-23 12:15:00,32.72,0,0,0,229.04,1.33,0.277,0.129,0.907,0.0693,788.62,7255.34,260,725.53,0.0,1.083,0.059,0.121,0.0,0.097,0,0,Normal,2.21,3.56,0.23,0.0,0,None
2026-03-23 12:30:00,33.85,0,0,0,229.64,1.3,0.284,0.092,0.951,0.071,788.7,7255.99,260,725.6,0.0,1.083,0.061,0.123,0.0,0.1,0,0,Normal,3.34,3.91,0.29,0.0,0,None
2026-03-23 12:45:00,33.51,0,0,0,229.88,1.38,0.283,0.144,0.892,0.0708,788.77,7256.64,260,725.66,0.0,1.083,0.043,0.02,0.0,0.22,0,0,Normal,2.12,2.73,0.35,0.0,0,None
2026-03-23 13:00:00,34.1,0,0,0,230.03,1.27,0.265,0.121,0.91,0.0662,788.83,7257.25,260,725.73,0.0,1.083,0.053,0.02,0.0,0.192,0,0,Normal,2.19,3.36,0.3,0.0,0,None
2026-03-23 13:15:00,34.42,0,0,0,230.55,1.15,0.243,0.106,0.916,0.0608,788.89,7257.81,260,725.78,0.0,1.083,0.052,0.02,0.0,0.171,0,0,Normal,2.73,2.85,0.26,0.0,0,None
2026-03-23 13:30:00,35.2,0,0,0,230.11,1.22,0.265,0.091,0.946,0.0662,788.96,7258.42,260,725.84,0.0,1.083,0.042,0.02,0.0,0.203,0,0,Normal,2.99,1.93,0.7,0.0,0,None
2026-03-23 13:45:00,32.94,0,0,0,227.59,1.96,0.405,0.186,0.909,0.1013,789.06,7259.35,260,725.94,0.0,1.083,0.052,0.127,0.0,0.226,0,0,Normal,2.76,3.5,0.31,0.0,0,None
2026-03-23 14:00:00,33.63,0,0,0,227.17,1.91,0.392,0.187,0.903,0.098,789.16,7260.26,260,726.03,0.0,1.083,0.044,0.121,0.0,0.227,0,0,Normal,3.97,2.57,0.28,0.0,0,None
2026-03-23 14:15:00,33.69,0,0,0,229.24,0.75,0.162,0.06,0.938,0.0405,789.2,7260.63,260,726.06,0.0,1.083,0.049,0.02,0.0,0.093,0,0,Normal,3.4,2.77,0.46,0.0,0,None
2026-03-23 14:30:00,33.57,0,0,0,228.14,1.4,0.294,0.127,0.918,0.0735,789.27,7261.3,260,726.13,0.0,1.083,0.066,0.02,0.0,0.208,0,0,Normal,2.22,3.09,0.95,0.0,0,None
2026-03-23 14:45:00,33.46,0,0,0,229.35,1.45,0.307,0.128,0.923,0.0768,789.35,7262.01,260,726.2,0.0,1.083,0.056,0.02,0.0,0.231,0,0,Normal,3.73,2.44,0.63,0.0,0,None
2026-03-23 15:00:00,33.65,0,0,0,226.89,0.8,0.173,0.057,0.949,0.0432,789.39,7262.41,260,726.24,0.0,1.083,0.038,0.02,0.0,0.115,0,0,Normal,3.84,2.33,0.41,0.0,0,None
2026-03-23 15:15:00,33.19,0,0,0,227.03,1.85,0.384,0.171,0.913,0.096,789.49,7263.29,260,726.33,0.0,1.083,0.048,0.121,0.0,0.215,0,0,Normal,2.64,3.98,0.43,0.0,0,None
2026-03-23 15:30:00,33.96,0,0,0,226.62,1.31,0.28,0.098,0.943,0.07,789.56,7263.94,260,726.39,0.0,1.083,0.048,0.124,0.0,0.108,0,0,Normal,2.3,2.84,0.62,0.0,0,None
2026-03-23 15:45:00,33.82,0,0,0,228.09,1.21,0.249,0.117,0.905,0.0622,789.62,7264.51,260,726.45,0.0,1.083,0.065,0.02,0.0,0.164,0,0,Normal,4.15,1.09,0.89,0.0,0,None
2026-03-23 16:00:00,33.44,0,0,0,228.32,1.27,0.277,0.089,0.952,0.0693,789.69,7265.15,260,726.51,0.0,1.083,0.054,0.02,0.0,0.203,0,0,Normal,4.11,1.26,0.66,0.0,0,None
2026-03-23 16:15:00,33.45,0,0,0,226.41,1.25,0.267,0.095,0.942,0.0668,789.76,7265.76,260,726.58,0.0,1.083,0.056,0.02,0.0,0.191,0,0,Normal,3.5,1.72,0.94,0.0,0,None
2026-03-23 16:30:00,33.5,0,0,0,227.92,0.95,0.191,0.1,0.885,0.0478,789.8,7266.2,260,726.62,0.0,1.083,0.048,0.02,0.0,0.123,0,0,Normal,2.44,2.42,0.98,0.0,0,None
2026-03-23 16:45:00,33.01,0,0,0,225.89,1.46,0.293,0.154,0.886,0.0732,789.88,7266.87,260,726.69,0.0,1.083,0.05,0.129,0.0,0.114,0,0,Normal,2.56,2.94,0.51,0.0,0,None
2026-03-23 17:00:00,33.3,0,0,0,225.17,1.3,0.27,0.115,0.92,0.0675,789.94,7267.49,260,726.75,0.0,1.083,0.041,0.129,0.0,0.1,0,0,Normal,2.41,3.2,0.83,0.0,0,None
2026-03-23 17:15:00,32.36,0,0,0,227.22,1.16,0.242,0.107,0.915,0.0605,790.01,7268.05,260,726.81,0.0,1.083,0.064,0.02,0.0,0.158,0,0,Normal,4.31,3.72,0.56,0.0,0,None
2026-03-23 17:30:00,31.31,0,0,0,225.46,1.2,0.243,0.12,0.896,0.0608,790.07,7268.61,260,726.86,0.0,1.083,0.036,0.02,0.0,0.187,0,0,Normal,4.41,3.41,0.24,0.0,0,None
2026-03-23 17:45:00,31.74,0,0,0,225.74,1.23,0.256,0.106,0.924,0.064,790.13,7269.2,260,726.92,0.0,1.083,0.054,0.02,0.0,0.182,0,0,Normal,3.98,3.41,0.27,0.0,0,None
2026-03-23 18:00:00,30.13,1,0,1,228.08,12.8,2.717,1.068,0.931,0.6792,790.81,7275.45,260,727.54,2.007,1.083,0.35,0.02,0.0,0.34,0,0,Normal,2.63,3.74,0.63,0.0,0,None
2026-03-23 18:15:00,31.01,1,0,1,225.15,15.86,3.189,1.607,0.893,0.7972,791.61,7282.78,260,728.28,2.327,1.083,0.353,0.116,0.0,0.393,0,0,Normal,3.74,2.26,0.86,0.0,0,None
2026-03-23 18:30:00,30.94,1,0,1,225.7,16.11,3.323,1.478,0.914,0.8308,792.44,7290.42,260,729.04,2.414,1.084,0.343,0.114,0.0,0.452,0,0,Normal,3.68,1.71,0.48,0.0,0,None
2026-03-23 18:45:00,30.77,1,0,1,225.14,15.14,3.073,1.477,0.901,0.7682,793.21,7297.49,260,729.75,2.311,1.084,0.361,0.02,0.0,0.381,0,0,Normal,3.77,2.25,0.98,0.0,0,None
2026-03-23 19:00:00,30.56,1,0,1,226.28,22.67,4.592,2.288,0.895,1.148,794.35,7308.05,260,730.81,2.178,1.084,0.342,0.02,1.727,0.325,0,0,Normal,2.39,3.15,0.57,0.0,0,None
2026-03-23 19:15:00,29.83,1,0,1,226.33,19.03,3.967,1.675,0.921,0.9918,795.35,7317.18,260,731.72,1.856,1.084,0.36,0.02,1.437,0.294,0,0,Normal,2.37,2.84,0.73,0.0,0,None
2026-03-23 19:30:00,29.92,1,0,1,226.78,18.3,3.871,1.499,0.933,0.9678,796.31,7326.08,260,732.61,1.862,1.084,0.351,0.02,1.333,0.305,0,0,Normal,2.11,3.57,0.73,0.0,0,None
2026-03-23 19:45:00,29.09,1,0,1,226.05,18.15,3.874,1.351,0.944,0.9685,797.28,7334.99,260,733.5,1.469,1.084,0.356,0.119,1.387,0.543,0,0,Normal,3.86,3.92,0.7,0.0,0,None
2026-03-23 20:00:00,27.5,1,0,1,226.46,17.17,3.566,1.552,0.917,0.8915,798.17,7343.19,260,734.32,0.871,1.084,0.376,0.12,1.694,0.505,0,0,Normal,2.47,1.58,0.32,0.0,0,None
2026-03-23 20:15:00,28.02,1,0,1,225.59,17.25,3.614,1.445,0.928,0.9035,799.08,7351.51,260,735.15,1.177,1.084,0.339,0.02,1.851,0.227,0,0,Normal,3.17,3.13,0.93,0.0,0,None
2026-03-23 20:30:00,28.09,1,0,1,227.68,14.87,3.232,1.008,0.955,0.808,799.88,7358.94,260,735.89,1.175,1.084,0.35,0.02,1.367,0.32,0,0,Normal,3.82,2.39,0.61,0.0,0,None
2026-03-23 20:45:00,27.07,1,0,1,226.36,13.71,2.771,1.395,0.893,0.6928,800.58,7365.31,260,736.53,0.693,1.084,0.345,0.02,1.301,0.412,0,0,Normal,3.2,1.69,0.72,0.0,0,None
2026-03-23 21:00:00,26.36,1,0,1,227.86,12.26,2.473,1.297,0.886,0.6182,801.2,7371.0,260,737.1,0.425,1.084,0.336,0.02,1.47,0.222,0,0,Normal,2.21,2.0,0.34,0.0,0,None
2026-03-23 21:15:00,26.45,1,0,1,225.53,14.55,2.909,1.52,0.886,0.7272,801.92,7377.69,260,737.77,0.412,1.084,0.336,0.116,1.766,0.279,0,0,Normal,2.27,3.15,0.81,0.0,0,None
2026-03-23 21:30:00,26.34,1,0,1,226.8,12.72,2.669,1.093,0.925,0.6672,802.59,7383.83,260,738.38,0.285,1.084,0.356,0.117,1.505,0.406,0,0,Normal,4.02,1.3,0.98,0.0,0,None
2026-03-23 21:45:00,26.04,1,0,1,225.15,10.51,2.138,1.012,0.904,0.5345,803.12,7388.75,260,738.87,0.126,1.084,0.346,0.02,1.241,0.405,0,0,Normal,3.27,1.91,0.46,0.0,0,None
2026-03-23 22:00:00,24.73,1,0,1,227.74,3.02,0.626,0.285,0.91,0.1565,803.28,7390.19,260,739.02,0.0,1.084,0.344,0.02,0.0,0.262,0,0,Normal,4.05,1.91,0.4,0.0,0,None
2026-03-23 22:15:00,24.91,1,0,1,228.68,3.75,0.763,0.393,0.889,0.1908,803.47,7391.94,260,739.19,0.0,1.084,0.356,0.02,0.0,0.387,0,0,Normal,4.03,2.87,0.82,0.0,0,None
2026-03-23 22:30:00,25.05,1,0,1,227.76,3.62,0.727,0.387,0.883,0.1818,803.65,7393.61,260,739.36,0.0,1.084,0.345,0.02,0.0,0.362,0,0,Normal,3.6,1.28,0.87,0.0,0,None
2026-03-23 22:45:00,25.3,1,0,1,226.8,3.64,0.787,0.251,0.953,0.1968,803.85,7395.42,260,739.54,0.0,1.084,0.342,0.114,0.0,0.331,0,0,Normal,2.28,2.17,0.98,0.0,0,None
2026-03-23 23:00:00,24.3,1,0,1,229.93,3.34,0.697,0.321,0.908,0.1743,804.02,7397.03,260,739.7,0.0,1.084,0.322,0.126,0.0,0.249,0,0,Normal,2.03,2.5,0.42,0.0,0,None
2026-03-23 23:15:00,23.61,1,0,1,229.83,3.32,0.709,0.28,0.93,0.1773,804.2,7398.66,260,739.87,0.0,1.084,0.337,0.02,0.0,0.352,0,0,Normal,2.49,2.45,0.33,0.0,0,None
2026-03-23 23:30:00,23.53,1,0,1,228.9,4.2,0.883,0.38,0.919,0.2208,804.42,7400.69,260,740.07,0.0,1.084,0.355,0.02,0.0,0.508,0,0,Normal,2.16,1.38,0.87,0.0,0,None
2026-03-23 23:45:00,23.98,1,0,1,228.0,3.63,0.772,0.299,0.933,0.193,804.62,7402.46,260,740.25,0.0,1.084,0.336,0.02,0.0,0.416,0,0,Normal,4.48,2.76,0.9,0.0,0,None
2026-03-24 00:00:00,23.11,1,0,0,229.68,3.03,0.644,0.265,0.925,0.161,804.78,7403.95,260,740.39,0.0,1.084,0.347,0.02,0.0,0.277,0,0,Normal,2.39,2.16,0.43,0.0,0,None
2026-03-24 00:15:00,22.59,1,0,0,229.71,3.95,0.857,0.3,0.944,0.2142,804.99,7405.92,260,740.59,0.0,1.084,0.358,0.122,0.0,0.377,0,0,Normal,3.31,1.14,0.34,0.0,0,None
2026-03-24 00:30:00,23.2,1,0,0,230.12,4.28,0.889,0.425,0.902,0.2222,805.21,7407.96,260,740.8,0.0,1.084,0.359,0.118,0.0,0.412,0,0,Normal,2.73,3.12,0.9,0.0,0,None
2026-03-24 00:45:00,23.29,1,0,0,234.06,2.91,0.618,0.285,0.908,0.1545,805.37,7409.38,260,740.94,0.0,1.084,0.349,0.02,0.0,0.249,0,0,Normal,3.02,1.1,0.88,0.0,0,None
2026-03-24 01:00:00,22.85,1,0,0,231.7,2.82,0.604,0.251,0.923,0.151,805.52,7410.77,260,741.08,0.0,1.085,0.371,0.02,0.0,0.213,0,0,Normal,4.44,3.59,0.26,0.0,0,None
2026-03-24 01:15:00,23.09,1,0,0,231.47,3.8,0.818,0.326,0.929,0.2045,805.72,7412.65,260,741.27,0.0,1.085,0.355,0.02,0.0,0.443,0,0,Normal,2.38,2.65,0.21,0.0,0,None
2026-03-24 01:30:00,21.77,1,0,0,231.21,3.45,0.761,0.241,0.953,0.1902,805.91,7414.4,260,741.44,0.0,1.085,0.345,0.02,0.0,0.396,0,0,Normal,3.7,1.98,0.51,0.0,0,None
2026-03-24 01:45:00,22.21,1,0,0,233.26,3.88,0.822,0.377,0.909,0.2055,806.12,7416.29,260,741.63,0.0,1.085,0.347,0.114,0.0,0.361,0,0,Normal,3.2,2.0,0.35,0.0,0,None
2026-03-24 02:00:00,22.01,1,0,0,233.27,3.79,0.801,0.373,0.907,0.2002,806.32,7418.14,260,741.81,0.0,1.085,0.34,0.113,0.0,0.348,0,0,Normal,3.12,2.88,0.36,0.0,0,None
2026-03-24 02:15:00,21.95,1,0,0,229.88,2.8,0.612,0.2,0.95,0.153,806.47,7419.54,260,741.95,0.0,1.085,0.348,0.02,0.0,0.244,0,0,Normal,3.44,3.08,0.5,0.0,0,None
2026-03-24 02:30:00,21.68,1,0,0,233.22,3.81,0.804,0.379,0.904,0.201,806.67,7421.39,260,742.14,0.0,1.085,0.329,0.02,0.0,0.455,0,0,Normal,2.78,2.47,0.88,0.0,0,None
2026-03-24 02:45:00,21.26,1,0,0,232.9,3.53,0.749,0.337,0.912,0.1873,806.86,7423.12,260,742.31,0.0,1.085,0.331,0.02,0.0,0.398,0,0,Normal,2.33,3.37,0.5,0.0,0,None
2026-03-24 03:00:00,22.25,1,0,0,233.19,2.72,0.605,0.191,0.954,0.1512,807.01,7424.51,260,742.45,0.0,1.085,0.347,0.02,0.0,0.238,0,0,Normal,3.13,3.66,0.48,0.0,0,None
2026-03-24 03:15:00,21.82,1,0,0,232.15,4.31,0.939,0.348,0.938,0.2348,807.25,7426.67,260,742.67,0.0,1.085,0.344,0.123,0.0,0.472,0,0,Normal,3.67,1.27,0.29,0.0,0,None
2026-03-24 03:30:00,22.25,1,0,0,231.48,4.23,0.888,0.413,0.907,0.222,807.47,7428.71,260,742.87,0.0,1.085,0.345,0.123,0.0,0.42,0,0,Normal,3.86,2.44,0.36,0.0,0,None
2026-03-24 03:45:00,21.81,1,0,0,232.96,3.44,0.742,0.305,0.925,0.1855,807.65,7430.42,260,743.04,0.0,1.085,0.342,0.02,0.0,0.38,0,0,Normal,3.32,1.87,0.39,0.0,0,None
2026-03-24 04:00:00,22.25,1,0,0,234.72,3.57,0.764,0.346,0.911,0.191,807.84,7432.17,260,743.22,0.0,1.085,0.347,0.02,0.0,0.397,0,0,Normal,3.74,2.5,0.23,0.0,0,None
2026-03-24 04:15:00,22.92,1,0,0,231.04,3.24,0.675,0.325,0.901,0.1688,808.01,7433.73,260,743.37,0.0,1.085,0.366,0.02,0.0,0.289,0,0,Normal,3.99,1.49,0.34,0.0,0,None
2026-03-24 04:30:00,22.88,1,0,0,233.75,3.37,0.756,0.224,0.959,0.189,808.2,7435.47,260,743.55,0.0,1.085,0.347,0.02,0.0,0.389,0,0,Normal,3.89,3.5,0.51,0.0,0,None
2026-03-24 04:45:00,23.09,1,0,0,234.42,4.13,0.875,0.416,0.903,0.2188,808.42,7437.48,260,743.75,0.0,1.085,0.349,0.117,0.0,0.409,0,0,Normal,2.6,3.35,0.94,0.0,0,None
2026-03-24 05:00:00,24.85,1,0,0,234.93,4.05,0.894,0.323,0.94,0.2235,808.64,7439.53,260,743.95,0.0,1.085,0.335,0.126,0.0,0.433,0,0,Normal,3.21,3.36,0.29,0.0,0,None
2026-03-24 05:15:00,23.9,1,0,0,233.78,2.95,0.626,0.29,0.907,0.1565,808.8,7440.97,260,744.1,0.0,1.085,0.343,0.02,0.0,0.263,0,0,Normal,3.22,1.31,0.64,0.0,0,None
2026-03-24 05:30:00,24.0,1,0,0,234.35,4.14,0.873,0.423,0.9,0.2182,809.02,7442.98,260,744.3,0.0,1.085,0.366,0.02,0.0,0.487,0,0,Normal,4.36,2.7,0.64,0.0,0,None
2026-03-24 05:45:00,23.22,1,0,0,235.32,3.84,0.828,0.359,0.917,0.207,809.23,7444.89,260,744.49,0.0,1.085,0.328,0.02,0.0,0.48,0,0,Normal,2.32,2.01,0.97,0.0,0,None
2026-03-24 06:00:00,24.36,1,0,0,234.17,10.41,2.234,0.977,0.916,0.5585,809.79,7450.02,260,745.0,0.0,1.085,0.342,0.02,1.484,0.388,0,0,Normal,4.33,1.41,0.37,0.0,0,None
2026-03-24 06:15:00,25.79,1,0,0,233.64,14.18,3.0,1.407,0.905,0.75,810.54,7456.92,260,745.69,0.138,1.085,0.34,0.124,1.937,0.461,0,0,Normal,2.18,1.05,0.57,0.0,0,None
2026-03-24 06:30:00,24.54,1,0,0,235.33,9.89,2.079,1.048,0.893,0.5198,811.06,7461.71,260,746.17,0.0,1.085,0.359,0.123,1.237,0.36,0,0,Normal,4.38,2.28,0.91,0.0,0,None
2026-03-24 06:45:00,24.48,1,0,0,235.55,10.76,2.415,0.766,0.953,0.6038,811.66,7467.26,260,746.73,0.0,1.085,0.356,0.02,1.569,0.47,0,0,Normal,3.59,1.72,0.92,0.0,0,None
2026-03-24 07:00:00,26.43,1,0,0,232.98,10.35,2.254,0.859,0.934,0.5635,812.22,7472.44,260,747.24,0.429,1.085,0.056,0.02,1.389,0.36,0,0,Normal,2.15,3.71,0.79,0.0,0,None
2026-03-24 07:15:00,26.4,1,0,0,235.07,10.24,2.128,1.124,0.884,0.532,812.75,7477.34,260,747.73,0.41,1.085,0.059,0.02,1.282,0.357,0,0,Normal,2.16,1.76,0.34,0.0,0,None
2026-03-24 07:30:00,26.0,1,0,0,235.51,11.03,2.421,0.945,0.932,0.6052,813.36,7482.91,260,748.29,0.203,1.085,0.039,0.02,1.804,0.355,0,0,Normal,4.35,3.14,0.58,0.0,0,None
2026-03-24 07:45:00,26.29,1,0,0,234.4,12.81,2.658,1.396,0.885,0.6645,814.02,7489.02,260,748.9,0.346,1.086,0.039,0.123,1.718,0.432,0,0,Normal,2.44,1.08,0.96,0.0,0,None
2026-03-24 08:00:00,28.61,1,0,0,232.84,16.73,3.511,1.688,0.901,0.8778,814.9,7497.1,260,749.71,1.403,1.086,0.059,0.119,1.53,0.4,0,0,Normal,2.47,3.83,0.77,0.0,0,None
2026-03-24 08:15:00,27.6,1,0,0,233.27,14.76,3.031,1.633,0.88,0.7578,815.66,7504.07,260,750.41,0.82,1.086,0.031,0.02,1.872,0.288,0,0,Normal,3.23,2.72,1.0,0.0,0,None
2026-03-24 08:30:00,27.3,1,0,0,231.61,13.48,2.962,0.99,0.948,0.7405,816.4,7510.88,260,751.09,0.775,1.086,0.045,0.02,1.854,0.268,0,0,Normal,3.39,1.49,0.7,0.0,0,None
2026-03-24 08:45:00,28.47,1,0,0,233.37,14.99,3.085,1.649,0.882,0.7712,817.17,7517.98,260,751.8,1.223,1.086,0.047,0.02,1.547,0.248,0,0,Normal,2.6,1.83,0.43,0.0,0,None
2026-03-24 09:00:00,29.8,0,0,0,234.65,1.38,0.297,0.13,0.916,0.0742,817.25,7518.66,260,751.87,0.0,1.086,0.055,0.02,0.0,0.222,0,0,Normal,3.86,2.7,0.31,0.0,0,None
2026-03-24 09:15:00,29.24,0,0,0,231.2,1.84,0.407,0.127,0.955,0.1018,817.35,7519.59,260,751.96,0.0,1.086,0.062,0.122,0.0,0.223,0,0,Normal,3.04,3.12,0.32,0.0,0,None
2026-03-24 09:30:00,28.76,0,0,0,232.62,1.53,0.336,0.115,0.946,0.084,817.43,7520.37,260,752.04,0.0,1.086,0.053,0.113,0.0,0.17,0,0,Normal,4.46,2.05,0.26,0.0,0,None
2026-03-24 09:45:00,29.18,0,0,0,231.74,1.09,0.236,0.09,0.935,0.059,817.49,7520.91,260,752.09,0.0,1.086,0.055,0.02,0.0,0.161,0,0,Normal,2.58,2.02,0.46,0.0,0,None
2026-03-24 10:00:00,30.97,0,0,0,231.81,1.25,0.264,0.118,0.913,0.066,817.56,7521.52,260,752.15,0.0,1.086,0.048,0.02,0.0,0.196,0,0,Normal,3.0,2.67,0.99,0.0,0,None
2026-03-24 10:15:00,31.58,0,0,0,233.04,0.87,0.18,0.095,0.885,0.045,817.6,7521.93,260,752.19,0.0,1.086,0.033,0.02,0.0,0.127,0,0,Normal,2.23,2.35,0.62,0.0,0,None
2026-03-24 10:30:00,30.48,0,0,0,229.86,0.94,0.197,0.087,0.914,0.0492,817.65,7522.38,260,752.24,0.0,1.086,0.05,0.02,0.0,0.127,0,0,Normal,3.83,2.78,0.89,0.0,0,None
2026-03-24 10:45:00,30.96,0,0,0,231.22,1.89,0.394,0.188,0.902,0.0985,817.75,7523.29,260,752.33,0.0,1.086,0.061,0.117,0.0,0.216,0,0,Normal,4.26,3.79,0.3,0.0,0,None
2026-03-24 11:00:00,32.58,0,0,0,229.03,1.73,0.355,0.173,0.898,0.0888,817.84,7524.11,260,752.41,0.0,1.086,0.055,0.112,0.0,0.188,0,0,Normal,3.24,2.51,0.73,0.0,0,None
2026-03-24 11:15:00,31.05,0,0,0,230.93,1.07,0.219,0.115,0.886,0.0548,817.89,7524.61,260,752.46,0.0,1.086,0.073,0.02,0.0,0.126,0,0,Normal,2.89,1.08,0.92,0.0,0,None
2026-03-24 11:30:00,32.76,0,0,0,230.63,0.88,0.186,0.081,0.916,0.0465,817.94,7525.04,260,752.5,0.0,1.086,0.042,0.02,0.0,0.124,0,0,Normal,3.59,2.84,0.49,0.0,0,None
2026-03-24 11:45:00,31.65,0,0,0,229.16,1.35,0.295,0.095,0.951,0.0738,818.01,7525.72,260,752.57,0.0,1.086,0.056,0.02,0.0,0.219,0,0,Normal,3.24,1.06,0.73,0.0,0,None
2026-03-24 12:00:00,33.36,0,0,0,229.33,0.81,0.164,0.087,0.883,0.041,818.05,7526.09,260,752.61,0.0,1.086,0.044,0.02,0.0,0.1,0,0,Normal,2.22,2.45,0.84,0.0,0,None
2026-03-24 12:15:00,33.32,0,0,0,225.75,1.88,0.387,0.172,0.914,0.0968,818.15,7526.98,260,752.7,0.0,1.086,0.07,0.119,0.0,0.198,0,0,Normal,4.46,2.03,0.76,0.0,0,None
2026-03-24 12:30:00,33.74,0,0,0,229.32,1.33,0.269,0.143,0.883,0.0672,818.22,7527.6,260,752.76,0.0,1.086,0.055,0.117,0.0,0.097,0,0,Normal,2.72,2.32,0.28,0.0,0,None
2026-03-24 12:45:00,33.47,0,0,0,228.27,1.08,0.229,0.093,0.927,0.0572,818.28,7528.13,260,752.81,0.0,1.086,0.054,0.02,0.0,0.155,0,0,Normal,4.0,1.07,0.37,0.0,0,None
2026-03-24 13:00:00,32.61,0,0,0,229.71,0.94,0.198,0.086,0.917,0.0495,818.32,7528.59,260,752.86,0.0,1.086,0.059,0.02,0.0,0.119,0,0,Normal,3.86,2.23,0.83,0.0,0,None
2026-03-24 13:15:00,33.4,0,0,0,228.92,1.22,0.267,0.082,0.956,0.0668,818.39,7529.2,260,752.92,0.0,1.086,0.062,0.02,0.0,0.185,0,0,Normal,2.94,2.83,0.26,0.0,0,None
2026-03-24 13:30:00,33.86,0,0,0,229.1,1.13,0.243,0.09,0.938,0.0608,818.45,7529.76,260,752.98,0.0,1.086,0.064,0.02,0.0,0.159,0,0,Normal,3.67,1.68,0.76,0.0,0,None
2026-03-24 13:45:00,33.7,0,0,0,228.46,1.35,0.288,0.112,0.932,0.072,818.52,7530.42,260,753.04,0.0,1.086,0.047,0.12,0.0,0.121,0,0,Normal,2.17,2.59,0.29,0.0,0,None
2026-03-24 14:00:00,34.24,0,0,0,228.48,1.34,0.278,0.129,0.907,0.0695,818.59,7531.06,260,753.11,0.0,1.086,0.044,0.118,0.0,0.116,0,0,Normal,2.08,3.43,0.57,0.0,0,None
2026-03-24 14:15:00,34.39,0,0,0,227.36,1.0,0.202,0.104,0.888,0.0505,818.64,7531.52,260,753.15,0.0,1.087,0.048,0.02,0.0,0.134,0,0,Normal,3.57,2.22,0.83,0.0,0,None
2026-03-24 14:30:00,34.3,0,0,0,226.26,1.08,0.23,0.083,0.94,0.0575,818.7,7532.05,260,753.21,0.0,1.087,0.045,0.02,0.0,0.165,0,0,Normal,2.7,3.13,0.76,0.0,0,None
2026-03-24 14:45:00,33.89,0,0,0,226.48,1.06,0.228,0.079,0.945,0.057,818.76,7532.58,260,753.26,0.0,1.087,0.068,0.02,0.0,0.14,0,0,Normal,3.99,3.16,0.31,0.0,0,None
2026-03-24 15:00:00,32.87,0,0,0,226.8,1.25,0.258,0.117,0.91,0.0645,818.82,7533.17,260,753.32,0.0,1.087,0.044,0.02,0.0,0.194,0,0,Normal,3.51,1.54,0.54,0.0,0,None
2026-03-24 15:15:00,33.57,0,0,0,225.0,2.01,0.407,0.199,0.898,0.1018,818.92,7534.11,260,753.41,0.0,1.087,0.041,0.117,0.0,0.249,0,0,Normal,2.26,3.1,0.51,0.0,0,None
2026-03-24 15:30:00,34.0,0,0,0,227.02,1.83,0.393,0.136,0.945,0.0982,819.02,7535.01,260,753.5,0.0,1.087,0.055,0.123,0.0,0.215,0,0,Normal,2.25,1.67,0.47,0.0,0,None
2026-03-24 15:45:00,33.25,0,0,0,228.35,0.86,0.181,0.078,0.918,0.0452,819.07,7535.43,260,753.54,0.0,1.087,0.052,0.02,0.0,0.109,0,0,Normal,4.07,1.86,0.59,0.0,0,None
2026-03-24 16:00:00,33.51,0,0,0,228.09,1.22,0.261,0.098,0.937,0.0652,819.13,7536.03,260,753.6,0.0,1.087,0.048,0.02,0.0,0.193,0,0,Normal,2.55,2.23,0.23,0.0,0,None
2026-03-24 16:15:00,33.65,0,0,0,225.34,1.25,0.259,0.109,0.922,0.0648,819.2,7536.62,260,753.66,0.0,1.087,0.061,0.02,0.0,0.178,0,0,Normal,2.56,1.31,0.25,0.0,0,None
2026-03-24 16:30:00,33.26,0,0,0,225.63,1.35,0.278,0.124,0.914,0.0695,819.27,7537.26,260,753.73,0.0,1.087,0.039,0.02,0.0,0.219,0,0,Normal,2.19,1.73,0.67,0.0,0,None
2026-03-24 16:45:00,31.66,0,0,0,226.29,1.19,0.244,0.115,0.905,0.061,819.33,7537.82,260,753.78,0.0,1.087,0.04,0.12,0.0,0.084,0,0,Normal,4.3,1.86,0.5,0.0,0,None
2026-03-24 17:00:00,31.6,0,0,0,224.5,1.23,0.25,0.119,0.903,0.0625,819.39,7538.4,260,753.84,0.0,1.087,0.034,0.121,0.0,0.095,0,0,Normal,3.97,2.67,0.21,0.0,0,None
2026-03-24 17:15:00,33.19,0,0,0,228.1,1.07,0.221,0.102,0.908,0.0552,819.45,7538.91,260,753.89,0.0,1.087,0.053,0.02,0.0,0.148,0,0,Normal,2.41,1.08,0.25,0.0,0,None
2026-03-24 17:30:00,31.97,0,0,0,227.44,0.96,0.198,0.094,0.904,0.0495,819.5,7539.36,260,753.94,0.0,1.087,0.061,0.02,0.0,0.117,0,0,Normal,2.2,3.79,0.41,0.0,0,None
2026-03-24 17:45:00,31.25,0,0,0,228.25,1.13,0.245,0.081,0.95,0.0612,819.56,7539.93,260,753.99,0.0,1.087,0.041,0.02,0.0,0.184,0,0,Normal,2.53,3.82,0.68,0.0,0,None
2026-03-24 18:00:00,31.62,1,0,1,224.2,16.68,3.355,1.652,0.897,0.8388,820.4,7547.64,260,754.76,2.681,1.087,0.35,0.02,0.0,0.304,0,0,Normal,3.47,1.5,0.88,0.0,0,None
2026-03-24 18:15:00,31.01,1,0,1,227.33,15.01,3.263,1.0,0.956,0.8158,821.21,7555.15,260,755.51,2.428,1.087,0.339,0.111,0.0,0.385,0,0,Normal,2.73,2.49,0.4,0.0,0,None
2026-03-24 18:30:00,31.55,1,0,1,225.72,17.17,3.557,1.539,0.918,0.8892,822.1,7563.33,260,756.33,2.632,1.087,0.343,0.125,0.0,0.457,0,0,Normal,2.42,1.76,0.26,0.0,0,None
2026-03-24 18:45:00,31.14,1,0,1,224.92,15.97,3.247,1.538,0.904,0.8118,822.91,7570.8,260,757.08,2.382,1.087,0.331,0.02,0.0,0.514,0,0,Normal,2.95,2.9,0.95,0.0,0,None
2026-03-24 19:00:00,29.78,1,0,1,225.43,19.3,3.893,1.941,0.895,0.9732,823.89,7579.75,260,757.98,1.941,1.087,0.351,0.02,1.224,0.357,0,0,Normal,4.12,3.37,0.29,0.0,0,None
2026-03-24 19:15:00,29.73,1,0,1,226.98,19.75,4.034,1.955,0.9,1.0085,824.89,7589.03,260,758.9,1.835,1.087,0.349,0.02,1.441,0.389,0,0,Normal,2.7,2.94,0.59,0.0,0,None
2026-03-24 19:30:00,29.9,1,0,1,226.43,21.83,4.678,1.598,0.946,1.1695,826.06,7599.79,260,759.98,1.973,1.087,0.34,0.02,1.935,0.41,0,0,Normal,2.31,1.7,0.21,0.0,0,None
2026-03-24 19:45:00,30.69,1,0,1,225.75,22.4,4.825,1.51,0.954,1.2062,827.27,7610.89,260,761.09,2.189,1.087,0.346,0.117,1.681,0.492,0,0,Normal,3.12,3.9,0.72,0.0,0,None
2026-03-24 20:00:00,28.49,1,0,1,228.15,18.45,3.911,1.556,0.929,0.9778,828.25,7619.88,260,761.99,1.193,1.087,0.353,0.117,1.885,0.363,0,0,Normal,3.35,1.72,0.28,0.0,0,None
2026-03-24 20:15:00,27.21,1,0,1,227.93,13.57,2.863,1.172,0.925,0.7158,828.96,7626.47,260,762.65,0.797,1.087,0.337,0.02,1.288,0.421,0,0,Normal,4.23,3.69,0.74,0.0,0,None
2026-03-24 20:30:00,28.22,1,0,1,226.61,15.66,3.392,1.041,0.956,0.848,829.81,7634.27,260,763.43,1.097,1.087,0.349,0.02,1.555,0.371,0,0,Normal,3.95,2.17,0.53,0.0,0,None
2026-03-24 20:45:00,28.57,1,0,1,226.09,17.99,3.628,1.836,0.892,0.907,830.72,7642.61,260,764.26,1.345,1.088,0.351,0.02,1.463,0.449,0,0,Normal,2.67,1.33,0.88,0.0,0,None
2026-03-24 21:00:00,27.05,1,0,1,227.14,15.1,3.048,1.574,0.889,0.762,831.48,7649.62,260,764.96,0.625,1.088,0.328,0.02,1.604,0.471,0,0,Normal,4.35,3.01,0.66,0.0,0,None
2026-03-24 21:15:00,26.23,1,0,1,226.9,13.27,2.692,1.351,0.894,0.673,832.15,7655.81,260,765.58,0.341,1.088,0.353,0.119,1.54,0.339,0,0,Normal,3.13,3.19,0.79,0.0,0,None
2026-03-24 21:30:00,27.03,1,0,1,226.09,12.36,2.637,0.926,0.944,0.6592,832.81,7661.88,260,766.19,0.595,1.088,0.348,0.116,1.289,0.289,0,0,Normal,3.79,1.46,0.28,0.0,0,None
2026-03-24 21:45:00,26.91,1,0,1,227.59,12.68,2.676,1.081,0.927,0.669,833.48,7668.03,260,766.8,0.644,1.088,0.36,0.02,1.277,0.375,0,0,Normal,4.11,3.9,0.89,0.0,0,None
2026-03-24 22:00:00,26.29,1,0,1,228.52,6.26,1.332,0.52,0.931,0.333,833.82,7671.1,260,767.11,0.47,1.088,0.356,0.02,0.0,0.486,0,0,Normal,3.03,2.48,0.75,0.0,0,None
2026-03-24 22:15:00,24.62,1,0,1,229.4,3.94,0.811,0.4,0.897,0.2027,834.02,7672.96,260,767.3,0.0,1.088,0.358,0.02,0.0,0.433,0,0,Normal,3.82,2.12,0.5,0.0,0,None
2026-03-24 22:30:00,24.75,1,0,1,227.55,3.89,0.825,0.321,0.932,0.2062,834.22,7674.86,260,767.49,0.0,1.088,0.342,0.02,0.0,0.463,0,0,Normal,2.89,1.0,0.34,0.0,0,None
2026-03-24 22:45:00,24.85,1,0,1,230.21,3.96,0.841,0.354,0.922,0.2102,834.43,7676.8,260,767.68,0.0,1.088,0.361,0.125,0.0,0.355,0,0,Normal,4.29,1.49,0.26,0.0,0,None
2026-03-24 23:00:00,23.51,1,0,1,226.89,4.19,0.88,0.361,0.925,0.22,834.65,7678.82,260,767.88,0.0,1.088,0.335,0.12,0.0,0.425,0,0,Normal,2.97,3.18,0.53,0.0,0,None
2026-03-24 23:15:00,23.31,1,0,1,231.0,3.59,0.781,0.275,0.943,0.1952,834.85,7680.62,260,768.06,0.0,1.088,0.364,0.02,0.0,0.397,0,0,Normal,3.98,1.41,0.54,0.0,0,None
2026-03-24 23:30:00,22.38,1,0,1,229.97,3.72,0.799,0.304,0.935,0.1997,835.05,7682.45,260,768.25,0.0,1.088,0.347,0.02,0.0,0.432,0,0,Normal,3.83,2.88,0.97,0.0,0,None
2026-03-24 23:45:00,23.54,1,0,1,228.89,2.84,0.608,0.228,0.936,0.152,835.2,7683.85,260,768.39,0.0,1.088,0.326,0.02,0.0,0.262,0,0,Normal,3.23,1.0,0.69,0.0,0,None
2026-03-25 00:00:00,22.99,1,0,0,230.44,3.4,0.699,0.355,0.892,0.1748,835.38,7685.46,260,768.55,0.0,1.088,0.354,0.02,0.0,0.325,0,0,Normal,3.46,1.2,0.89,0.0,0,None
2026-03-25 00:15:00,22.56,1,0,0,230.35,3.99,0.844,0.364,0.918,0.211,835.59,7687.4,260,768.74,0.0,1.088,0.354,0.123,0.0,0.367,0,0,Normal,3.15,1.2,0.65,0.0,0,None
2026-03-25 00:30:00,23.77,1,0,0,231.56,4.32,0.923,0.385,0.923,0.2308,835.82,7689.52,260,768.95,0.0,1.088,0.354,0.12,0.0,0.449,0,0,Normal,3.44,3.54,0.46,0.0,0,None
2026-03-25 00:45:00,22.81,1,0,0,230.54,3.99,0.824,0.408,0.896,0.206,836.02,7691.42,260,769.14,0.0,1.088,0.345,0.02,0.0,0.459,0,0,Normal,2.36,3.01,0.32,0.0,0,None
2026-03-25 01:00:00,22.85,1,0,0,230.91,3.27,0.686,0.315,0.909,0.1715,836.2,7693.0,260,769.3,0.0,1.088,0.354,0.02,0.0,0.312,0,0,Normal,4.4,1.37,0.88,0.0,0,None
2026-03-25 01:15:00,22.34,1,0,0,230.66,3.46,0.71,0.363,0.891,0.1775,836.37,7694.63,260,769.46,0.0,1.088,0.352,0.02,0.0,0.338,0,0,Normal,2.5,3.05,0.22,0.0,0,None
2026-03-25 01:30:00,22.62,1,0,0,231.01,3.45,0.739,0.3,0.927,0.1848,836.56,7696.33,260,769.63,0.0,1.088,0.35,0.02,0.0,0.369,0,0,Normal,3.37,3.19,0.26,0.0,0,None
2026-03-25 01:45:00,22.34,1,0,0,233.8,4.06,0.842,0.438,0.887,0.2105,836.77,7698.27,260,769.83,0.0,1.088,0.348,0.117,0.0,0.377,0,0,Normal,2.55,2.62,0.41,0.0,0,None
2026-03-25 02:00:00,22.68,1,0,0,231.07,4.54,0.944,0.456,0.901,0.236,837.0,7700.44,260,770.04,0.0,1.088,0.36,0.122,0.0,0.462,0,0,Normal,3.27,2.41,0.43,0.0,0,None
2026-03-25 02:15:00,22.03,1,0,0,231.7,3.46,0.739,0.311,0.922,0.1848,837.19,7702.14,260,770.21,0.0,1.088,0.352,0.02,0.0,0.367,0,0,Normal,3.11,2.73,0.96,0.0,0,None
2026-03-25 02:30:00,22.25,1,0,0,233.38,3.7,0.779,0.37,0.903,0.1947,837.38,7703.93,260,770.39,0.0,1.088,0.344,0.02,0.0,0.415,0,0,Normal,3.64,3.3,0.86,0.0,0,None
2026-03-25 02:45:00,22.18,1,0,0,231.48,3.09,0.671,0.249,0.938,0.1678,837.55,7705.47,260,770.55,0.0,1.088,0.344,0.02,0.0,0.307,0,0,Normal,4.46,1.9,0.46,0.0,0,None
2026-03-25 03:00:00,22.06,1,0,0,230.97,3.61,0.797,0.247,0.955,0.1992,837.75,7707.3,260,770.73,0.0,1.088,0.356,0.02,0.0,0.421,0,0,Normal,2.31,2.01,0.48,0.0,0,None
2026-03-25 03:15:00,22.41,1,0,0,233.44,4.18,0.895,0.392,0.916,0.2238,837.97,7709.36,260,770.94,0.0,1.089,0.347,0.114,0.0,0.434,0,0,Normal,4.31,1.11,0.95,0.0,0,None
2026-03-25 03:30:00,23.32,1,0,0,232.75,3.89,0.838,0.34,0.927,0.2095,838.18,7711.29,260,771.13,0.0,1.089,0.347,0.129,0.0,0.362,0,0,Normal,3.62,1.76,0.86,0.0,0,None
2026-03-25 03:45:00,22.07,1,0,0,234.1,3.33,0.687,0.366,0.882,0.1718,838.36,7712.87,260,771.29,0.0,1.089,0.36,0.02,0.0,0.307,0,0,Normal,4.27,2.92,0.84,0.0,0,None
2026-03-25 04:00:00,23.01,1,0,0,232.34,3.0,0.662,0.221,0.948,0.1655,838.52,7714.39,260,771.44,0.0,1.089,0.342,0.02,0.0,0.3,0,0,Normal,2.98,1.42,0.41,0.0,0,None
2026-03-25 04:15:00,23.43,1,0,0,232.7,3.33,0.725,0.272,0.936,0.1813,838.7,7716.06,260,771.61,0.0,1.089,0.342,0.02,0.0,0.363,0,0,Normal,2.68,3.98,0.98,0.0,0,None
2026-03-25 04:30:00,23.37,1,0,0,233.64,3.74,0.829,0.273,0.95,0.2072,838.91,7717.97,260,771.8,0.0,1.089,0.353,0.02,0.0,0.456,0,0,Normal,3.73,3.69,0.64,0.0,0,None
2026-03-25 04:45:00,22.81,1,0,0,232.27,3.58,0.734,0.39,0.883,0.1835,839.09,7719.66,260,771.97,0.0,1.089,0.35,0.124,0.0,0.26,0,0,Normal,2.31,1.74,0.73,0.0,0,None
2026-03-25 05:00:00,22.57,1,0,0,237.57,4.25,0.932,0.39,0.923,0.233,839.33,7721.8,260,772.18,0.0,1.089,0.348,0.126,0.0,0.458,0,0,Normal,3.93,2.78,0.38,0.0,0,None
2026-03-25 05:15:00,24.02,1,0,0,233.64,3.05,0.64,0.315,0.897,0.16,839.49,7723.27,260,772.33,0.0,1.089,0.359,0.02,0.0,0.261,0,0,Normal,2.65,3.85,0.75,0.0,0,None
2026-03-25 05:30:00,22.65,1,0,0,233.95,3.63,0.762,0.374,0.898,0.1905,839.68,7725.02,260,772.5,0.0,1.089,0.344,0.02,0.0,0.398,0,0,Normal,4.12,3.54,0.63,0.0,0,None
2026-03-25 05:45:00,24.49,1,0,0,233.72,3.06,0.662,0.272,0.925,0.1655,839.84,7726.55,260,772.65,0.0,1.089,0.336,0.02,0.0,0.306,0,0,Normal,3.24,3.03,0.45,0.0,0,None
2026-03-25 06:00:00,25.08,1,0,0,233.65,9.42,1.948,1.025,0.885,0.487,840.33,7731.03,260,773.1,0.0,1.089,0.349,0.02,1.265,0.314,0,0,Normal,3.8,2.41,0.64,0.0,0,None
2026-03-25 06:15:00,25.5,1,0,0,232.69,12.96,2.654,1.432,0.88,0.6635,840.99,7737.13,260,773.71,0.0,1.089,0.345,0.112,1.713,0.484,0,0,Normal,3.24,1.51,0.57,0.0,0,None
2026-03-25 06:30:00,24.55,1,0,0,234.28,8.95,2.012,0.59,0.96,0.503,841.5,7741.76,260,774.18,0.0,1.089,0.362,0.112,1.274,0.264,0,0,Normal,3.42,2.06,0.46,0.0,0,None
2026-03-25 06:45:00,24.22,1,0,0,233.91,9.84,2.085,0.974,0.906,0.5212,842.02,7746.55,260,774.66,0.0,1.089,0.356,0.02,1.442,0.267,0,0,Normal,4.4,1.98,0.23,0.0,0,None
2026-03-25 07:00:00,26.58,1,0,0,236.35,13.75,2.861,1.541,0.88,0.7153,842.73,7753.13,260,775.31,0.509,1.089,0.049,0.02,1.832,0.451,0,0,Normal,3.98,1.2,0.95,0.0,0,None
2026-03-25 07:15:00,26.43,1,0,0,233.2,12.47,2.695,1.094,0.927,0.6738,843.41,7759.33,260,775.93,0.402,1.089,0.045,0.02,1.708,0.52,0,0,Normal,3.57,3.28,0.94,0.0,0,None
2026-03-25 07:30:00,26.2,1,0,0,232.58,9.49,1.963,1.009,0.889,0.4908,843.9,7763.85,260,776.38,0.286,1.089,0.055,0.02,1.217,0.385,0,0,Normal,3.1,1.55,0.91,0.0,0,None
2026-03-25 07:45:00,26.49,1,0,0,232.37,12.35,2.694,0.989,0.939,0.6735,844.57,7770.04,260,777.0,0.354,1.089,0.046,0.121,1.844,0.329,0,0,Normal,4.2,3.07,0.42,0.0,0,None
2026-03-25 08:00:00,29.38,1,0,0,230.88,16.39,3.375,1.712,0.892,0.8438,845.41,7777.81,260,777.78,1.627,1.089,0.049,0.122,1.249,0.328,0,0,Normal,3.95,3.3,0.36,0.0,0,None
2026-03-25 08:15:00,28.42,1,0,0,231.96,16.6,3.596,1.377,0.934,0.899,846.31,7786.08,260,778.61,1.226,1.089,0.054,0.02,1.944,0.352,0,0,Normal,4.05,3.51,0.58,0.0,0,None
2026-03-25 08:30:00,28.52,1,0,0,234.77,13.6,2.861,1.418,0.896,0.7153,847.03,7792.66,260,779.27,1.272,1.089,0.051,0.02,1.201,0.317,0,0,Normal,3.2,2.57,0.29,0.0,0,None
2026-03-25 08:45:00,28.42,1,0,0,231.74,13.87,2.842,1.503,0.884,0.7105,847.74,7799.19,260,779.92,1.199,1.089,0.047,0.02,1.226,0.35,0,0,Normal,2.29,1.22,0.45,0.0,0,None
2026-03-25 09:00:00,30.29,0,0,0,231.69,0.67,0.148,0.043,0.96,0.037,847.78,7799.53,260,779.95,0.0,1.089,0.039,0.02,0.0,0.089,0,0,Normal,2.66,3.72,0.22,0.0,0,None
2026-03-25 09:15:00,29.46,0,0,0,232.78,1.37,0.291,0.129,0.914,0.0728,847.85,7800.2,260,780.02,0.0,1.089,0.061,0.126,0.0,0.104,0,0,Normal,2.42,2.85,0.24,0.0,0,None
2026-03-25 09:30:00,28.53,0,0,0,233.23,1.88,0.405,0.169,0.923,0.1013,847.95,7801.14,260,780.11,0.0,1.089,0.056,0.12,0.0,0.229,0,0,Normal,3.5,1.76,0.85,0.0,0,None
2026-03-25 09:45:00,29.46,0,0,0,232.87,1.13,0.251,0.079,0.954,0.0628,848.01,7801.71,260,780.17,0.0,1.09,0.04,0.02,0.0,0.191,0,0,Normal,2.39,3.14,0.22,0.0,0,None
2026-03-25 10:00:00,31.41,0,0,0,232.7,1.47,0.309,0.147,0.903,0.0772,848.09,7802.42,260,780.24,0.0,1.09,0.05,0.02,0.0,0.239,0,0,Normal,2.03,3.11,0.54,0.0,0,None
2026-03-25 10:15:00,30.52,0,0,0,230.92,1.21,0.247,0.128,0.888,0.0618,848.15,7802.99,260,780.3,0.0,1.09,0.04,0.02,0.0,0.187,0,0,Normal,3.36,2.89,0.36,0.0,0,None
2026-03-25 10:30:00,30.91,0,0,0,230.62,0.88,0.182,0.089,0.899,0.0455,848.2,7803.41,260,780.34,0.0,1.09,0.057,0.02,0.0,0.105,0,0,Normal,3.66,3.02,0.66,0.0,0,None
2026-03-25 10:45:00,30.65,0,0,0,230.07,1.71,0.353,0.173,0.898,0.0882,848.28,7804.22,260,780.42,0.0,1.09,0.043,0.122,0.0,0.188,0,0,Normal,2.0,1.56,0.25,0.0,0,None
2026-03-25 11:00:00,32.99,0,0,0,230.98,1.69,0.368,0.129,0.944,0.092,848.38,7805.07,260,780.51,0.0,1.09,0.05,0.125,0.0,0.193,0,0,Normal,3.26,2.42,0.69,0.0,0,None
2026-03-25 11:15:00,32.62,0,0,0,232.21,1.39,0.304,0.111,0.94,0.076,848.45,7805.77,260,780.58,0.0,1.09,0.047,0.02,0.0,0.237,0,0,Normal,4.23,2.5,0.82,0.0,0,None
2026-03-25 11:30:00,32.57,0,0,0,231.72,0.99,0.203,0.107,0.884,0.0508,848.5,7806.23,260,780.62,0.0,1.09,0.069,0.02,0.0,0.114,0,0,Normal,4.37,3.19,0.28,0.0,0,None
2026-03-25 11:45:00,32.55,0,0,0,230.79,1.45,0.295,0.156,0.884,0.0738,848.58,7806.91,260,780.69,0.0,1.09,0.053,0.02,0.0,0.222,0,0,Normal,4.19,1.93,0.73,0.0,0,None
2026-03-25 12:00:00,33.18,0,0,0,230.89,1.22,0.265,0.094,0.943,0.0662,848.64,7807.52,260,780.75,0.0,1.09,0.061,0.02,0.0,0.184,0,0,Normal,4.38,1.8,0.23,0.0,0,None
2026-03-25 12:15:00,33.29,0,0,0,229.54,1.6,0.334,0.154,0.908,0.0835,848.73,7808.29,260,780.83,0.0,1.09,0.049,0.12,0.0,0.165,0,0,Normal,2.62,1.82,0.79,0.0,0,None
2026-03-25 12:30:00,32.6,0,0,0,231.63,1.96,0.402,0.21,0.887,0.1005,848.83,7809.22,260,780.92,0.0,1.09,0.053,0.132,0.0,0.217,0,0,Normal,2.67,1.94,0.29,0.0,0,None
2026-03-25 12:45:00,32.1,0,0,0,229.58,1.54,0.318,0.157,0.897,0.0795,848.91,7809.95,260,780.99,0.0,1.09,0.058,0.02,0.0,0.24,0,0,Normal,3.56,3.04,0.24,0.0,0,None
2026-03-25 13:00:00,33.87,0,0,0,229.12,1.17,0.242,0.114,0.904,0.0605,848.97,7810.5,260,781.05,0.0,1.09,0.046,0.02,0.0,0.176,0,0,Normal,2.23,3.12,0.97,0.0,0,None
2026-03-25 13:15:00,33.96,0,0,0,228.71,0.74,0.154,0.068,0.915,0.0385,849.01,7810.86,260,781.09,0.0,1.09,0.046,0.02,0.0,0.088,0,0,Normal,2.52,3.92,0.85,0.0,0,None
2026-03-25 13:30:00,34.4,0,0,0,228.52,1.25,0.274,0.081,0.959,0.0685,849.07,7811.49,260,781.15,0.0,1.09,0.073,0.02,0.0,0.181,0,0,Normal,3.63,2.81,0.36,0.0,0,None
2026-03-25 13:45:00,34.58,0,0,0,228.79,1.46,0.295,0.157,0.883,0.0738,849.15,7812.17,260,781.22,0.0,1.09,0.044,0.119,0.0,0.132,0,0,Normal,2.81,3.05,0.64,0.0,0,None
2026-03-25 14:00:00,34.78,0,0,0,227.64,1.44,0.294,0.146,0.896,0.0735,849.22,7812.84,260,781.28,0.0,1.09,0.032,0.12,0.0,0.142,0,0,Normal,4.32,1.28,0.75,0.0,0,None
2026-03-25 14:15:00,33.5,0,0,0,231.28,1.17,0.248,0.108,0.917,0.062,849.28,7813.41,260,781.34,0.0,1.09,0.046,0.02,0.0,0.182,0,0,Normal,3.75,3.14,0.56,0.0,0,None
2026-03-25 14:30:00,33.82,0,0,0,226.44,1.18,0.246,0.106,0.919,0.0615,849.35,7813.98,260,781.4,0.0,1.09,0.042,0.02,0.0,0.184,0,0,Normal,2.57,3.84,0.43,0.0,0,None
2026-03-25 14:45:00,34.24,0,0,0,227.35,0.79,0.171,0.055,0.953,0.0427,849.39,7814.37,260,781.44,0.0,1.09,0.057,0.02,0.0,0.094,0,0,Normal,2.84,1.46,0.67,0.0,0,None
2026-03-25 15:00:00,35.06,0,0,0,225.79,1.28,0.275,0.086,0.954,0.0688,849.46,7815.0,260,781.5,0.0,1.09,0.046,0.02,0.0,0.209,0,0,Normal,3.39,1.76,0.53,0.0,0,None
2026-03-25 15:15:00,34.54,0,0,0,226.5,1.35,0.273,0.136,0.895,0.0682,849.53,7815.63,260,781.56,0.0,1.09,0.034,0.12,0.0,0.119,0,0,Normal,4.16,1.81,0.22,0.0,0,None
2026-03-25 15:30:00,34.36,0,0,0,225.55,1.5,0.307,0.14,0.91,0.0768,849.6,7816.34,260,781.63,0.0,1.09,0.025,0.126,0.0,0.156,0,0,Normal,3.38,2.94,0.3,0.0,0,None
2026-03-25 15:45:00,33.6,0,0,0,227.74,1.3,0.275,0.111,0.927,0.0688,849.67,7816.97,260,781.7,0.0,1.09,0.065,0.02,0.0,0.19,0,0,Normal,4.4,2.83,0.36,0.0,0,None
2026-03-25 16:00:00,32.75,0,0,0,227.93,1.31,0.276,0.117,0.921,0.069,849.74,7817.61,260,781.76,0.0,1.09,0.053,0.02,0.0,0.203,0,0,Normal,4.04,3.62,0.93,0.0,0,None
2026-03-25 16:15:00,33.59,0,0,0,225.05,0.88,0.181,0.078,0.918,0.0452,849.78,7818.02,260,781.8,0.0,1.09,0.057,0.02,0.0,0.104,0,0,Normal,2.19,1.05,0.89,0.0,0,None
2026-03-25 16:30:00,32.65,0,0,0,224.13,1.13,0.237,0.09,0.935,0.0592,849.84,7818.57,260,781.86,0.0,1.091,0.049,0.02,0.0,0.168,0,0,Normal,4.42,1.93,0.58,0.0,0,None
2026-03-25 16:45:00,33.08,0,0,0,224.97,1.62,0.346,0.112,0.951,0.0865,849.93,7819.36,260,781.94,0.0,1.091,0.086,0.115,0.0,0.145,0,0,Normal,4.14,2.15,0.78,0.0,0,None
2026-03-25 17:00:00,32.19,0,0,0,225.24,1.38,0.284,0.126,0.914,0.071,850.0,7820.02,260,782.0,0.0,1.091,0.053,0.119,0.0,0.112,0,0,Normal,2.72,3.86,0.74,0.0,0,None
2026-03-25 17:15:00,33.04,0,0,0,228.43,1.22,0.249,0.123,0.897,0.0622,850.06,7820.59,260,782.06,0.0,1.091,0.051,0.02,0.0,0.178,0,0,Normal,2.19,2.37,0.45,0.0,0,None
2026-03-25 17:30:00,32.07,0,0,0,227.21,0.93,0.195,0.079,0.927,0.0488,850.11,7821.04,260,782.1,0.0,1.091,0.054,0.02,0.0,0.121,0,0,Normal,3.46,3.29,0.65,0.0,0,None
2026-03-25 17:45:00,31.02,0,0,0,224.01,0.73,0.15,0.063,0.923,0.0375,850.15,7821.38,260,782.14,0.0,1.091,0.05,0.02,0.0,0.08,0,0,Normal,2.54,2.86,0.84,0.0,0,None
2026-03-25 18:00:00,31.25,1,0,1,227.12,15.19,3.247,1.165,0.941,0.8118,850.96,7828.85,260,782.89,2.555,1.091,0.354,0.02,0.0,0.318,0,0,Normal,2.12,3.63,0.6,0.0,0,None
2026-03-25 18:15:00,30.65,1,0,1,226.9,14.76,3.145,1.152,0.939,0.7862,851.75,7836.08,260,783.61,2.231,1.091,0.359,0.116,0.0,0.439,0,0,Normal,3.16,3.96,0.67,0.0,0,None
2026-03-25 18:30:00,31.02,1,0,1,224.76,14.76,3.132,1.091,0.944,0.783,852.53,7843.29,260,784.33,2.372,1.091,0.337,0.122,0.0,0.301,0,0,Normal,3.78,2.59,0.54,0.0,0,None
2026-03-25 18:45:00,30.96,1,0,1,223.16,14.46,2.992,1.208,0.927,0.748,853.28,7850.17,260,785.02,2.369,1.091,0.345,0.02,0.0,0.258,0,0,Normal,2.11,1.23,0.76,0.0,0,None
2026-03-25 19:00:00,29.42,1,0,1,226.78,20.27,4.151,1.976,0.903,1.0378,854.32,7859.72,260,785.97,1.797,1.091,0.333,0.02,1.595,0.406,0,0,Normal,2.49,1.22,0.89,0.0,0,None
2026-03-25 19:15:00,29.95,1,0,1,226.54,20.43,4.192,1.964,0.906,1.048,855.36,7869.36,260,786.94,1.98,1.091,0.343,0.02,1.354,0.495,0,0,Normal,4.23,3.56,0.8,0.0,0,None
2026-03-25 19:30:00,28.79,1,0,1,226.07,17.84,3.801,1.349,0.942,0.9502,856.32,7878.1,260,787.81,1.341,1.091,0.345,0.02,1.698,0.397,0,0,Normal,4.43,2.59,0.64,0.0,0,None
2026-03-25 19:45:00,29.29,1,0,1,227.13,20.78,4.355,1.818,0.923,1.0888,857.4,7888.12,260,788.81,1.671,1.091,0.36,0.115,1.879,0.33,0,0,Normal,2.41,1.37,0.32,0.0,0,None
2026-03-25 20:00:00,28.34,1,0,1,225.22,17.19,3.671,1.229,0.948,0.9178,858.32,7896.56,260,789.66,1.256,1.091,0.374,0.119,1.581,0.341,0,0,Normal,2.63,2.38,0.97,0.0,0,None
2026-03-25 20:15:00,27.69,1,0,1,226.94,15.38,3.218,1.35,0.922,0.8045,859.13,7903.96,260,790.4,0.87,1.091,0.346,0.02,1.626,0.356,0,0,Normal,2.35,3.84,0.31,0.0,0,None
2026-03-25 20:30:00,27.2,1,0,1,228.14,16.61,3.34,1.792,0.881,0.835,859.96,7911.64,260,791.16,0.798,1.091,0.351,0.02,1.761,0.41,0,0,Normal,2.72,2.02,0.53,0.0,0,None
2026-03-25 20:45:00,28.33,1,0,1,226.34,17.96,3.689,1.707,0.908,0.9222,860.88,7920.13,260,792.01,1.229,1.091,0.365,0.02,1.64,0.435,0,0,Normal,2.9,3.59,0.52,0.0,0,None
2026-03-25 21:00:00,27.01,1,0,1,227.23,14.86,3.177,1.147,0.941,0.7942,861.68,7927.44,260,792.74,0.597,1.091,0.352,0.02,1.876,0.332,0,0,Normal,3.97,3.43,0.38,0.0,0,None
2026-03-25 21:15:00,26.42,1,0,1,226.4,12.94,2.635,1.281,0.899,0.6587,862.34,7933.5,260,793.35,0.395,1.091,0.354,0.125,1.446,0.315,0,0,Normal,3.37,1.39,0.44,0.0,0,None
2026-03-25 21:30:00,25.47,1,0,1,228.37,10.42,2.179,0.958,0.915,0.5448,862.88,7938.51,260,793.85,0.0,1.091,0.346,0.121,1.34,0.372,0,0,Normal,3.95,2.95,0.49,0.0,0,None
2026-03-25 21:45:00,26.8,1,0,1,226.14,13.03,2.737,1.094,0.929,0.6842,863.57,7944.8,260,794.48,0.597,1.091,0.336,0.02,1.382,0.402,0,0,Normal,2.46,3.63,0.4,0.0,0,None
2026-03-25 22:00:00,24.17,1,0,1,228.2,3.41,0.747,0.219,0.96,0.1868,863.75,7946.52,260,794.65,0.0,1.091,0.339,0.02,0.0,0.388,0,0,Normal,4.43,1.96,0.73,0.0,0,None
2026-03-25 22:15:00,25.15,1,0,1,227.82,3.87,0.828,0.304,0.939,0.207,863.96,7948.43,260,794.84,0.0,1.091,0.33,0.02,0.0,0.478,0,0,Normal,3.43,2.29,0.51,0.0,0,None
2026-03-25 22:30:00,24.56,1,0,1,227.75,3.35,0.713,0.27,0.935,0.1782,864.14,7950.06,260,795.01,0.0,1.091,0.346,0.02,0.0,0.347,0,0,Normal,2.1,1.17,0.53,0.0,0,None
2026-03-25 22:45:00,24.42,1,0,1,229.58,3.79,0.768,0.411,0.882,0.192,864.33,7951.83,260,795.18,0.0,1.091,0.341,0.118,0.0,0.309,0,0,Normal,2.46,2.26,0.4,0.0,0,None
2026-03-25 23:00:00,23.54,1,0,1,229.85,3.96,0.843,0.344,0.926,0.2108,864.54,7953.77,260,795.38,0.0,1.092,0.357,0.125,0.0,0.361,0,0,Normal,2.35,1.97,0.72,0.0,0,None
2026-03-25 23:15:00,23.67,1,0,1,229.27,4.33,0.884,0.45,0.891,0.221,864.76,7955.8,260,795.58,0.0,1.092,0.356,0.02,0.0,0.508,0,0,Normal,2.88,3.36,0.45,0.0,0,None
2026-03-25 23:30:00,23.44,1,0,1,229.6,3.24,0.711,0.222,0.954,0.1778,864.94,7957.44,260,795.74,0.0,1.092,0.351,0.02,0.0,0.34,0,0,Normal,2.64,1.83,0.35,0.0,0,None
2026-03-25 23:45:00,24.05,1,0,1,228.21,4.02,0.834,0.385,0.908,0.2085,865.15,7959.36,260,795.94,0.0,1.092,0.347,0.02,0.0,0.467,0,0,Normal,2.07,1.7,0.58,0.0,0,None
2026-03-26 00:00:00,22.58,1,0,0,230.55,3.89,0.794,0.416,0.886,0.1985,865.35,7961.18,260,796.12,0.0,1.092,0.369,0.02,0.0,0.405,0,0,Normal,2.22,2.16,0.88,0.0,0,None
2026-03-26 00:15:00,23.29,1,0,0,232.08,4.11,0.874,0.384,0.916,0.2185,865.56,7963.19,260,796.32,0.0,1.092,0.384,0.117,0.0,0.373,0,0,Normal,3.47,1.6,0.37,0.0,0,None
2026-03-26 00:30:00,22.94,1,0,0,230.88,4.11,0.891,0.329,0.938,0.2228,865.79,7965.24,260,796.52,0.0,1.092,0.354,0.12,0.0,0.417,0,0,Normal,2.26,1.76,0.88,0.0,0,None
2026-03-26 00:45:00,22.46,1,0,0,230.58,3.91,0.84,0.327,0.932,0.21,866.0,7967.17,260,796.72,0.0,1.092,0.335,0.02,0.0,0.485,0,0,Normal,2.62,3.03,0.64,0.0,0,None
2026-03-26 01:00:00,21.77,1,0,0,231.89,2.79,0.603,0.237,0.931,0.1508,866.15,7968.56,260,796.86,0.0,1.092,0.341,0.02,0.0,0.242,0,0,Normal,3.66,1.24,0.3,0.0,0,None
2026-03-26 01:15:00,21.38,1,0,0,232.5,3.84,0.846,0.282,0.949,0.2115,866.36,7970.51,260,797.05,0.0,1.092,0.36,0.02,0.0,0.466,0,0,Normal,2.17,2.06,0.77,0.0,0,None
2026-03-26 01:30:00,22.35,1,0,0,228.6,3.77,0.811,0.288,0.942,0.2027,866.56,7972.37,260,797.24,0.0,1.092,0.352,0.02,0.0,0.439,0,0,Normal,4.26,2.99,0.75,0.0,0,None
2026-03-26 01:45:00,22.03,1,0,0,232.41,3.79,0.835,0.284,0.947,0.2088,866.77,7974.29,260,797.43,0.0,1.092,0.348,0.126,0.0,0.361,0,0,Normal,4.48,3.91,0.55,0.0,0,None
2026-03-26 02:00:00,20.81,1,0,0,232.43,3.43,0.728,0.327,0.912,0.182,866.95,7975.97,260,797.6,0.0,1.092,0.349,0.122,0.0,0.257,0,0,Normal,3.36,2.41,0.5,0.0,0,None
2026-03-26 02:15:00,21.73,1,0,0,231.41,3.39,0.734,0.275,0.936,0.1835,867.14,7977.66,260,797.77,0.0,1.092,0.359,0.02,0.0,0.355,0,0,Normal,4.07,2.31,0.24,0.0,0,None
2026-03-26 02:30:00,21.55,1,0,0,233.08,3.67,0.754,0.402,0.882,0.1885,867.32,7979.39,260,797.94,0.0,1.092,0.343,0.02,0.0,0.391,0,0,Normal,3.89,2.61,0.65,0.0,0,None
2026-03-26 02:45:00,22.79,1,0,0,231.4,3.71,0.804,0.299,0.937,0.201,867.53,7981.24,260,798.12,0.0,1.092,0.362,0.02,0.0,0.422,0,0,Normal,2.31,3.38,0.68,0.0,0,None
2026-03-26 03:00:00,21.35,1,0,0,233.52,4.16,0.908,0.342,0.936,0.227,867.75,7983.33,260,798.33,0.0,1.092,0.351,0.02,0.0,0.537,0,0,Normal,3.5,1.07,0.43,0.0,0,None
2026-03-26 03:15:00,21.48,1,0,0,233.18,3.55,0.781,0.274,0.943,0.1952,867.95,7985.12,260,798.51,0.0,1.092,0.34,0.122,0.0,0.319,0,0,Normal,3.71,1.79,0.74,0.0,0,None
2026-03-26 03:30:00,22.76,1,0,0,233.68,3.56,0.778,0.295,0.935,0.1945,868.14,7986.91,260,798.69,0.0,1.092,0.367,0.118,0.0,0.293,0,0,Normal,3.38,1.87,0.57,0.0,0,None
2026-03-26 03:45:00,22.88,1,0,0,231.92,3.58,0.772,0.304,0.93,0.193,868.34,7988.69,260,798.87,0.0,1.092,0.345,0.02,0.0,0.407,0,0,Normal,3.23,2.55,0.36,0.0,0,None
2026-03-26 04:00:00,22.43,1,0,0,232.54,3.33,0.7,0.33,0.905,0.175,868.51,7990.3,260,799.03,0.0,1.092,0.331,0.02,0.0,0.349,0,0,Normal,2.24,2.6,0.67,0.0,0,None
2026-03-26 04:15:00,22.49,1,0,0,232.77,3.44,0.752,0.274,0.94,0.188,868.7,7992.03,260,799.2,0.0,1.092,0.349,0.02,0.0,0.383,0,0,Normal,2.45,1.88,0.82,0.0,0,None
2026-03-26 04:30:00,23.11,1,0,0,234.02,3.52,0.735,0.371,0.892,0.1838,868.88,7993.72,260,799.37,0.0,1.092,0.369,0.02,0.0,0.346,0,0,Normal,4.09,2.47,0.21,0.0,0,None
2026-03-26 04:45:00,21.64,1,0,0,235.86,3.68,0.798,0.344,0.918,0.1995,869.08,7995.55,260,799.56,0.0,1.092,0.341,0.126,0.0,0.331,0,0,Normal,3.32,3.89,0.49,0.0,0,None
2026-03-26 05:00:00,22.83,1,0,0,232.36,3.25,0.671,0.345,0.889,0.1678,869.25,7997.1,260,799.71,0.0,1.092,0.342,0.123,0.0,0.206,0,0,Normal,2.91,3.12,0.51,0.0,0,None
2026-03-26 05:15:00,23.62,1,0,0,232.57,3.67,0.783,0.339,0.918,0.1957,869.45,7998.9,260,799.89,0.0,1.092,0.354,0.02,0.0,0.409,0,0,Normal,2.73,2.96,0.68,0.0,0,None
2026-03-26 05:30:00,24.53,1,0,0,235.36,3.5,0.726,0.39,0.881,0.1815,869.63,8000.57,260,800.06,0.0,1.093,0.343,0.02,0.0,0.363,0,0,Normal,3.37,1.66,0.27,0.0,0,None
2026-03-26 05:45:00,23.54,1,0,0,233.69,3.48,0.761,0.284,0.937,0.1902,869.82,8002.32,260,800.23,0.0,1.093,0.358,0.02,0.0,0.383,0,0,Normal,3.83,3.4,1.0,0.0,0,None
2026-03-26 06:00:00,25.05,1,0,0,233.95,11.27,2.483,0.886,0.942,0.6208,870.44,8008.03,260,800.8,0.0,1.093,0.341,0.02,1.838,0.284,0,0,Normal,2.16,2.04,0.29,0.0,0,None
2026-03-26 06:15:00,25.57,1,0,0,234.32,10.96,2.419,0.862,0.942,0.6048,871.04,8013.59,260,801.36,0.0,1.093,0.343,0.12,1.492,0.464,0,0,Normal,3.92,2.0,0.93,0.0,0,None
2026-03-26 06:30:00,26.05,1,0,0,233.4,11.76,2.465,1.209,0.898,0.6163,871.66,8019.26,260,801.93,0.267,1.093,0.345,0.118,1.534,0.201,0,0,Normal,3.75,2.87,0.58,0.0,0,None
2026-03-26 06:45:00,24.71,1,0,0,234.3,10.49,2.181,1.132,0.888,0.5452,872.2,8024.28,260,802.43,0.0,1.093,0.355,0.02,1.481,0.325,0,0,Normal,2.23,2.5,0.6,0.0,0,None
2026-03-26 07:00:00,26.44,1,0,0,231.38,11.68,2.572,0.827,0.952,0.643,872.85,8030.19,260,803.02,0.436,1.093,0.084,0.02,1.731,0.301,0,0,Normal,3.38,1.75,0.53,0.0,0,None
2026-03-26 07:15:00,27.36,1,0,0,234.58,12.94,2.705,1.379,0.891,0.6762,873.52,8036.42,260,803.64,0.725,1.093,0.043,0.02,1.601,0.316,0,0,Normal,2.32,2.07,0.49,0.0,0,None
2026-03-26 07:30:00,25.69,1,0,0,235.09,11.57,2.426,1.228,0.892,0.6065,874.13,8042.0,260,804.2,0.092,1.093,0.043,0.02,1.863,0.408,0,0,Normal,3.63,2.81,0.98,0.0,0,None
2026-03-26 07:45:00,26.96,1,0,0,233.94,13.73,2.847,1.485,0.887,0.7118,874.84,8048.54,260,804.85,0.654,1.093,0.053,0.123,1.696,0.321,0,0,Normal,3.83,1.5,0.34,0.0,0,None
2026-03-26 08:00:00,27.49,1,0,0,234.84,15.05,3.357,1.102,0.95,0.8392,875.68,8056.27,260,805.63,0.913,1.093,0.048,0.12,1.879,0.397,0,0,Normal,2.31,3.07,0.39,0.0,0,None
2026-03-26 08:15:00,28.05,1,0,0,234.13,15.25,3.253,1.472,0.911,0.8132,876.49,8063.75,260,806.37,1.17,1.093,0.059,0.02,1.709,0.295,0,0,Normal,3.54,3.8,0.79,0.0,0,None
2026-03-26 08:30:00,27.88,1,0,0,234.59,14.84,3.162,1.456,0.908,0.7905,877.28,8071.02,260,807.1,0.983,1.093,0.05,0.02,1.869,0.24,0,0,Normal,2.45,1.5,0.21,0.0,0,None
2026-03-26 08:45:00,27.52,1,0,0,234.0,13.06,2.736,1.36,0.895,0.684,877.97,8077.31,260,807.73,0.798,1.093,0.041,0.02,1.488,0.389,0,0,Normal,3.69,1.92,0.22,0.0,0,None
2026-03-26 09:00:00,29.06,0,0,0,234.31,0.67,0.147,0.055,0.936,0.0368,878.01,8077.65,260,807.77,0.0,1.093,0.039,0.02,0.0,0.088,0,0,Normal,4.42,1.94,0.71,0.0,0,None
2026-03-26 09:15:00,29.69,0,0,0,233.55,1.39,0.31,0.094,0.957,0.0775,878.08,8078.36,260,807.84,0.0,1.093,0.041,0.124,0.0,0.145,0,0,Normal,2.49,3.28,0.59,0.0,0,None
2026-03-26 09:30:00,30.05,0,0,0,232.11,1.53,0.316,0.161,0.891,0.079,878.16,8079.09,260,807.91,0.0,1.093,0.062,0.113,0.0,0.141,0,0,Normal,3.11,3.01,0.82,0.0,0,None
2026-03-26 09:45:00,29.49,0,0,0,232.47,0.82,0.182,0.059,0.952,0.0455,878.21,8079.51,260,807.95,0.0,1.093,0.066,0.02,0.0,0.096,0,0,Normal,3.25,3.54,0.29,0.0,0,None
2026-03-26 10:00:00,31.04,0,0,0,230.62,1.06,0.218,0.11,0.892,0.0545,878.26,8080.01,260,808.0,0.0,1.093,0.052,0.02,0.0,0.146,0,0,Normal,2.51,2.09,0.98,0.0,0,None
2026-03-26 10:15:00,31.29,0,0,0,233.81,0.94,0.203,0.086,0.92,0.0508,878.31,8080.48,260,808.05,0.0,1.093,0.034,0.02,0.0,0.149,0,0,Normal,4.23,1.07,0.93,0.0,0,None
2026-03-26 10:30:00,30.51,0,0,0,232.33,1.05,0.231,0.079,0.946,0.0578,878.37,8081.01,260,808.1,0.0,1.093,0.036,0.02,0.0,0.175,0,0,Normal,2.23,2.64,0.58,0.0,0,None
2026-03-26 10:45:00,31.37,0,0,0,230.88,1.14,0.25,0.083,0.949,0.0625,878.43,8081.58,260,808.16,0.0,1.093,0.049,0.118,0.0,0.083,0,0,Normal,2.03,3.33,0.56,0.0,0,None
2026-03-26 11:00:00,32.65,0,0,0,229.59,1.74,0.363,0.168,0.907,0.0908,878.52,8082.42,260,808.24,0.0,1.093,0.065,0.116,0.0,0.182,0,0,Normal,4.18,1.55,0.31,0.0,0,None
2026-03-26 11:15:00,33.54,0,0,0,231.83,1.12,0.238,0.102,0.919,0.0595,878.58,8082.97,260,808.3,0.0,1.093,0.033,0.02,0.0,0.185,0,0,Normal,3.3,1.95,0.98,0.0,0,None
2026-03-26 11:30:00,32.05,0,0,0,229.42,1.45,0.297,0.15,0.893,0.0742,878.66,8083.65,260,808.36,0.0,1.093,0.056,0.02,0.0,0.221,0,0,Normal,2.14,1.47,0.88,0.0,0,None
2026-03-26 11:45:00,32.01,0,0,0,231.0,0.98,0.2,0.104,0.887,0.05,878.71,8084.11,260,808.41,0.0,1.093,0.051,0.02,0.0,0.129,0,0,Normal,2.59,2.23,0.35,0.0,0,None
2026-03-26 12:00:00,33.58,0,0,0,230.46,1.25,0.26,0.127,0.899,0.065,878.77,8084.71,260,808.47,0.0,1.094,0.076,0.02,0.0,0.164,0,0,Normal,2.09,2.81,0.6,0.0,0,None
2026-03-26 12:15:00,33.61,0,0,0,230.37,1.73,0.375,0.134,0.941,0.0938,878.87,8085.57,260,808.56,0.0,1.094,0.055,0.12,0.0,0.2,0,0,Normal,3.37,1.45,0.95,0.0,0,None
2026-03-26 12:30:00,32.93,0,0,0,226.95,1.43,0.309,0.103,0.949,0.0772,878.94,8086.28,260,808.63,0.0,1.094,0.032,0.127,0.0,0.15,0,0,Normal,3.59,1.52,0.45,0.0,0,None
2026-03-26 12:45:00,32.99,0,0,0,231.74,1.02,0.225,0.071,0.954,0.0562,879.0,8086.8,260,808.68,0.0,1.094,0.039,0.02,0.0,0.166,0,0,Normal,2.43,3.28,0.94,0.0,0,None
2026-03-26 13:00:00,34.07,0,0,0,229.32,0.8,0.162,0.085,0.884,0.0405,879.04,8087.17,260,808.72,0.0,1.094,0.058,0.02,0.0,0.084,0,0,Normal,3.32,2.75,0.44,0.0,0,None
2026-03-26 13:15:00,33.38,0,0,0,230.28,1.23,0.269,0.088,0.95,0.0672,879.11,8087.79,260,808.78,0.0,1.094,0.055,0.02,0.0,0.194,0,0,Normal,2.39,2.65,0.43,0.0,0,None
2026-03-26 13:30:00,33.59,0,0,0,229.28,0.74,0.157,0.065,0.924,0.0392,879.15,8088.15,260,808.82,0.0,1.094,0.042,0.02,0.0,0.095,0,0,Normal,3.05,1.53,0.75,0.0,0,None
2026-03-26 13:45:00,33.84,0,0,0,228.98,1.41,0.302,0.117,0.933,0.0755,879.22,8088.84,260,808.88,0.0,1.094,0.059,0.125,0.0,0.118,0,0,Normal,3.19,3.11,0.56,0.0,0,None
2026-03-26 14:00:00,34.5,0,0,0,225.8,1.39,0.285,0.129,0.911,0.0712,879.29,8089.5,260,808.95,0.0,1.094,0.051,0.118,0.0,0.116,0,0,Normal,4.3,3.15,0.24,0.0,0,None
2026-03-26 14:15:00,33.7,0,0,0,228.08,0.98,0.205,0.091,0.915,0.0512,879.34,8089.97,260,809.0,0.0,1.094,0.058,0.02,0.0,0.127,0,0,Normal,2.31,3.7,0.32,0.0,0,None
2026-03-26 14:30:00,33.08,0,0,0,227.92,1.04,0.224,0.08,0.941,0.056,879.4,8090.49,260,809.05,0.0,1.094,0.051,0.02,0.0,0.153,0,0,Normal,2.46,3.18,0.65,0.0,0,None
2026-03-26 14:45:00,33.04,0,0,0,227.24,0.76,0.158,0.068,0.919,0.0395,879.44,8090.85,260,809.09,0.0,1.094,0.056,0.02,0.0,0.082,0,0,Normal,2.13,3.86,0.54,0.0,0,None
2026-03-26 15:00:00,33.17,0,0,0,227.01,1.07,0.23,0.081,0.943,0.0575,879.5,8091.38,260,809.14,0.0,1.094,0.058,0.02,0.0,0.152,0,0,Normal,2.59,3.96,0.77,0.0,0,None
2026-03-26 15:15:00,33.14,0,0,0,226.62,1.42,0.303,0.107,0.943,0.0758,879.57,8092.08,260,809.21,0.0,1.094,0.06,0.123,0.0,0.12,0,0,Normal,3.89,2.85,0.93,0.0,0,None
2026-03-26 15:30:00,33.72,0,0,0,227.94,1.43,0.31,0.103,0.949,0.0775,879.65,8092.79,260,809.28,0.0,1.094,0.048,0.126,0.0,0.136,0,0,Normal,2.92,3.71,0.69,0.0,0,None
2026-03-26 15:45:00,33.2,0,0,0,225.97,1.33,0.276,0.121,0.916,0.069,879.72,8093.42,260,809.34,0.0,1.094,0.078,0.02,0.0,0.178,0,0,Normal,2.8,1.96,0.3,0.0,0,None
2026-03-26 16:00:00,32.84,0,0,0,225.17,0.88,0.185,0.069,0.936,0.0462,879.77,8093.85,260,809.38,0.0,1.094,0.035,0.02,0.0,0.13,0,0,Normal,3.73,3.92,0.36,0.0,0,None
2026-03-26 16:15:00,32.81,0,0,0,226.72,1.19,0.245,0.114,0.907,0.0612,879.83,8094.41,260,809.44,0.0,1.094,0.059,0.02,0.0,0.166,0,0,Normal,3.76,3.1,0.84,0.0,0,None
2026-03-26 16:30:00,32.98,0,0,0,225.52,1.0,0.209,0.087,0.923,0.0522,879.88,8094.89,260,809.49,0.0,1.094,0.05,0.02,0.0,0.139,0,0,Normal,3.97,2.28,0.96,0.0,0,None
2026-03-26 16:45:00,33.86,0,0,0,227.36,1.62,0.325,0.175,0.88,0.0812,879.96,8095.64,260,809.56,0.0,1.094,0.05,0.124,0.0,0.151,0,0,Normal,3.3,2.96,0.71,0.0,0,None
2026-03-26 17:00:00,32.57,0,0,0,226.04,1.75,0.349,0.187,0.882,0.0872,880.05,8096.44,260,809.64,0.0,1.094,0.042,0.122,0.0,0.185,0,0,Normal,4.16,1.56,0.43,0.0,0,None
2026-03-26 17:15:00,32.25,0,0,0,224.34,1.25,0.246,0.132,0.881,0.0615,880.11,8097.01,260,809.7,0.0,1.094,0.066,0.02,0.0,0.16,0,0,Normal,3.48,1.52,0.81,0.0,0,None
2026-03-26 17:30:00,32.01,0,0,0,226.04,1.13,0.229,0.111,0.9,0.0572,880.17,8097.54,260,809.75,0.0,1.094,0.045,0.02,0.0,0.164,0,0,Normal,3.68,3.28,0.72,0.0,0,None
2026-03-26 17:45:00,32.03,0,0,0,225.33,0.99,0.199,0.099,0.895,0.0498,880.22,8097.99,260,809.8,0.0,1.094,0.06,0.02,0.0,0.119,0,0,Normal,4.47,3.66,0.6,0.0,0,None
2026-03-26 18:00:00,31.16,1,0,1,227.58,15.41,3.143,1.558,0.896,0.7857,881.0,8105.22,260,810.52,2.479,1.094,0.336,0.02,0.0,0.308,0,0,Normal,2.06,3.72,0.51,0.0,0,None
2026-03-26 18:15:00,31.29,1,0,1,228.02,14.98,3.232,1.107,0.946,0.808,881.81,8112.66,260,811.27,2.512,1.094,0.349,0.121,0.0,0.25,0,0,Normal,3.64,1.6,0.62,0.0,0,None
2026-03-26 18:30:00,30.55,1,0,1,224.28,15.29,3.027,1.613,0.882,0.7568,882.57,8119.62,260,811.96,2.148,1.095,0.357,0.128,0.0,0.394,0,0,Normal,3.34,1.06,0.26,0.0,0,None
2026-03-26 18:45:00,31.02,1,0,1,225.95,15.19,3.206,1.227,0.934,0.8015,883.37,8126.99,260,812.7,2.518,1.095,0.339,0.02,0.0,0.329,0,0,Normal,2.39,1.47,0.75,0.0,0,None
2026-03-26 19:00:00,28.54,1,0,1,226.66,17.15,3.471,1.749,0.893,0.8678,884.24,8134.98,260,813.5,1.294,1.095,0.356,0.02,1.464,0.337,0,0,Normal,2.35,1.44,0.59,0.0,0,None
2026-03-26 19:15:00,29.66,1,0,1,224.22,22.3,4.533,2.11,0.907,1.1332,885.37,8145.4,260,814.54,1.868,1.095,0.367,0.02,1.932,0.346,0,0,Normal,2.72,1.05,0.71,0.0,0,None
2026-03-26 19:30:00,29.93,1,0,1,227.27,20.1,4.323,1.473,0.947,1.0808,886.45,8155.34,260,815.53,1.993,1.095,0.33,0.02,1.527,0.453,0,0,Normal,4.5,2.83,0.25,0.0,0,None
2026-03-26 19:45:00,29.41,1,0,1,225.92,20.6,4.207,1.992,0.904,1.0518,887.5,8165.02,260,816.5,1.694,1.095,0.338,0.127,1.684,0.364,0,0,Normal,2.75,2.6,0.48,0.0,0,None
2026-03-26 20:00:00,28.91,1,0,1,224.7,21.67,4.412,2.058,0.906,1.103,888.61,8175.17,260,817.52,1.526,1.095,0.348,0.12,1.942,0.476,0,0,Normal,3.22,3.79,0.21,0.0,0,None
2026-03-26 20:15:00,27.56,1,0,1,225.94,15.07,3.162,1.262,0.929,0.7905,889.4,8182.44,260,818.24,0.9,1.095,0.355,0.02,1.564,0.323,0,0,Normal,4.14,1.98,0.36,0.0,0,None
2026-03-26 20:30:00,28.11,1,0,1,227.29,16.03,3.497,1.022,0.96,0.8742,890.27,8190.48,260,819.05,1.092,1.095,0.336,0.02,1.705,0.344,0,0,Normal,2.26,2.4,0.68,0.0,0,None
2026-03-26 20:45:00,27.98,1,0,1,225.96,17.14,3.499,1.662,0.903,0.8748,891.14,8198.53,260,819.85,1.042,1.095,0.342,0.02,1.73,0.365,0,0,Normal,2.02,2.23,0.8,0.0,0,None
2026-03-26 21:00:00,26.4,1,0,1,226.72,13.87,2.773,1.481,0.882,0.6932,891.84,8204.91,260,820.49,0.387,1.095,0.33,0.02,1.633,0.403,0,0,Normal,2.22,2.86,0.61,0.0,0,None
2026-03-26 21:15:00,26.39,1,0,1,229.37,14.49,3.073,1.267,0.925,0.7682,892.61,8211.98,260,821.2,0.456,1.095,0.357,0.114,1.932,0.214,0,0,Normal,3.45,3.57,0.54,0.0,0,None
2026-03-26 21:30:00,26.5,1,0,1,228.39,13.6,2.951,0.968,0.95,0.7378,893.34,8218.76,260,821.88,0.419,1.095,0.34,0.117,1.696,0.379,0,0,Normal,3.4,3.32,0.27,0.0,0,None
2026-03-26 21:45:00,26.87,1,0,1,226.22,15.13,3.081,1.493,0.9,0.7702,894.11,8225.85,260,822.59,0.606,1.095,0.353,0.02,1.63,0.472,0,0,Normal,3.78,1.55,0.43,0.0,0,None
2026-03-26 22:00:00,25.69,1,0,1,228.18,4.19,0.885,0.361,0.926,0.2212,894.34,8227.89,260,822.79,0.134,1.095,0.336,0.02,0.0,0.395,0,0,Normal,2.81,1.21,0.35,0.0,0,None
2026-03-26 22:15:00,25.0,1,0,1,228.81,3.64,0.735,0.391,0.883,0.1838,894.52,8229.58,260,822.96,0.0,1.095,0.365,0.02,0.0,0.35,0,0,Normal,4.33,1.86,0.58,0.0,0,None
2026-03-26 22:30:00,25.41,1,0,1,227.63,4.13,0.838,0.424,0.892,0.2095,894.73,8231.5,260,823.15,0.0,1.095,0.346,0.02,0.0,0.472,0,0,Normal,3.6,3.19,0.69,0.0,0,None
2026-03-26 22:45:00,24.65,1,0,1,229.8,4.2,0.886,0.381,0.919,0.2215,894.95,8233.54,260,823.35,0.0,1.095,0.341,0.113,0.0,0.432,0,0,Normal,3.5,1.94,0.52,0.0,0,None
2026-03-26 23:00:00,24.14,1,0,1,229.95,4.01,0.859,0.336,0.931,0.2148,895.16,8235.52,260,823.55,0.0,1.095,0.355,0.115,0.0,0.389,0,0,Normal,2.8,3.97,0.55,0.0,0,None
2026-03-26 23:15:00,23.38,1,0,1,230.23,3.56,0.727,0.376,0.888,0.1818,895.35,8237.19,260,823.72,0.0,1.095,0.356,0.02,0.0,0.351,0,0,Normal,3.5,2.33,0.25,0.0,0,None
2026-03-26 23:30:00,24.3,1,0,1,230.12,2.89,0.63,0.216,0.946,0.1575,895.5,8238.64,260,823.86,0.0,1.095,0.363,0.02,0.0,0.247,0,0,Normal,2.96,1.68,0.29,0.0,0,None
2026-03-26 23:45:00,24.86,1,0,1,227.56,3.39,0.732,0.244,0.949,0.183,895.69,8240.32,260,824.03,0.0,1.095,0.346,0.02,0.0,0.366,0,0,Normal,2.69,3.69,0.98,0.0,0,None
2026-03-27 00:00:00,22.74,1,0,0,231.38,3.62,0.737,0.397,0.88,0.1842,895.87,8242.02,260,824.2,0.0,1.095,0.365,0.02,0.0,0.352,0,0,Normal,4.23,3.21,0.94,0.0,0,None
2026-03-27 00:15:00,21.71,1,0,0,229.41,4.15,0.895,0.326,0.94,0.2238,896.1,8244.08,260,824.41,0.0,1.095,0.345,0.122,0.0,0.428,0,0,Normal,4.43,3.5,0.65,0.0,0,None
2026-03-27 00:30:00,22.53,1,0,0,229.62,3.98,0.837,0.365,0.916,0.2092,896.3,8246.0,260,824.6,0.0,1.095,0.345,0.12,0.0,0.372,0,0,Normal,3.59,1.01,0.34,0.0,0,None
2026-03-27 00:45:00,23.42,1,0,0,230.6,3.3,0.706,0.282,0.928,0.1765,896.48,8247.63,260,824.76,0.0,1.095,0.336,0.02,0.0,0.35,0,0,Normal,2.13,3.98,0.9,0.0,0,None
2026-03-27 01:00:00,22.48,1,0,0,229.31,3.12,0.669,0.255,0.934,0.1672,896.65,8249.16,260,824.92,0.0,1.096,0.34,0.02,0.0,0.309,0,0,Normal,2.61,3.21,0.77,0.0,0,None
2026-03-27 01:15:00,22.33,1,0,0,229.34,3.05,0.659,0.238,0.941,0.1648,896.81,8250.68,260,825.07,0.0,1.096,0.333,0.02,0.0,0.306,0,0,Normal,2.33,2.56,0.92,0.0,0,None
2026-03-27 01:30:00,22.71,1,0,0,230.89,3.51,0.729,0.355,0.899,0.1823,897.0,8252.36,260,825.24,0.0,1.096,0.334,0.02,0.0,0.375,0,0,Normal,4.16,2.33,0.3,0.0,0,None
2026-03-27 01:45:00,22.45,1,0,0,230.18,4.44,0.935,0.412,0.915,0.2338,897.23,8254.51,260,825.45,0.0,1.096,0.348,0.112,0.0,0.475,0,0,Normal,2.99,3.69,0.87,0.0,0,None
2026-03-27 02:00:00,22.61,1,0,0,232.08,4.03,0.836,0.422,0.893,0.209,897.44,8256.43,260,825.64,0.0,1.096,0.36,0.118,0.0,0.358,0,0,Normal,2.53,2.18,0.58,0.0,0,None
2026-03-27 02:15:00,22.46,1,0,0,230.48,3.16,0.695,0.217,0.955,0.1738,897.61,8258.03,260,825.8,0.0,1.096,0.344,0.02,0.0,0.331,0,0,Normal,3.14,2.07,0.96,0.0,0,None
2026-03-27 02:30:00,22.76,1,0,0,231.94,4.04,0.835,0.424,0.892,0.2088,897.82,8259.95,260,825.99,0.0,1.096,0.36,0.02,0.0,0.455,0,0,Normal,3.41,1.81,0.89,0.0,0,None
2026-03-27 02:45:00,22.18,1,0,0,232.38,3.32,0.729,0.256,0.944,0.1822,898.0,8261.63,260,826.16,0.0,1.096,0.358,0.02,0.0,0.351,0,0,Normal,2.71,1.17,0.52,0.0,0,None
2026-03-27 03:00:00,22.66,1,0,0,234.17,3.42,0.746,0.29,0.932,0.1865,898.19,8263.34,260,826.33,0.0,1.096,0.368,0.02,0.0,0.358,0,0,Normal,4.07,3.33,0.44,0.0,0,None
2026-03-27 03:15:00,22.05,1,0,0,232.0,4.29,0.891,0.441,0.896,0.2228,898.41,8265.39,260,826.54,0.0,1.096,0.357,0.132,0.0,0.402,0,0,Normal,3.37,2.75,0.48,0.0,0,None
2026-03-27 03:30:00,21.9,1,0,0,233.21,4.48,0.944,0.446,0.904,0.236,898.65,8267.56,260,826.76,0.0,1.096,0.351,0.118,0.0,0.475,0,0,Normal,2.47,3.46,0.61,0.0,0,None
2026-03-27 03:45:00,23.06,1,0,0,232.58,3.26,0.728,0.216,0.959,0.182,898.83,8269.24,260,826.92,0.0,1.096,0.348,0.02,0.0,0.36,0,0,Normal,4.38,2.97,0.99,0.0,0,None
2026-03-27 04:00:00,22.91,1,0,0,235.94,4.07,0.863,0.419,0.9,0.2158,899.05,8271.22,260,827.12,0.0,1.096,0.356,0.02,0.0,0.487,0,0,Normal,3.76,1.86,0.28,0.0,0,None
2026-03-27 04:15:00,23.21,1,0,0,232.91,3.52,0.736,0.359,0.899,0.184,899.23,8272.91,260,827.29,0.0,1.096,0.348,0.02,0.0,0.368,0,0,Normal,4.26,2.39,0.37,0.0,0,None
2026-03-27 04:30:00,22.87,1,0,0,233.34,3.53,0.728,0.385,0.884,0.182,899.41,8274.59,260,827.46,0.0,1.096,0.345,0.02,0.0,0.363,0,0,Normal,3.03,2.29,0.29,0.0,0,None
2026-03-27 04:45:00,22.51,1,0,0,232.42,4.19,0.868,0.44,0.892,0.217,899.63,8276.58,260,827.66,0.0,1.096,0.35,0.128,0.0,0.39,0,0,Normal,3.49,3.71,0.27,0.0,0,None
2026-03-27 05:00:00,23.76,1,0,0,234.2,4.75,0.978,0.528,0.88,0.2445,899.87,8278.83,260,827.88,0.0,1.096,0.338,0.117,0.0,0.523,0,0,Normal,3.11,3.72,0.66,0.0,0,None
2026-03-27 05:15:00,24.48,1,0,0,234.28,3.75,0.817,0.323,0.93,0.2043,900.08,8280.71,260,828.07,0.0,1.096,0.337,0.02,0.0,0.46,0,0,Normal,2.04,2.1,0.5,0.0,0,None
2026-03-27 05:30:00,24.03,1,0,0,234.2,3.3,0.725,0.268,0.938,0.1812,900.26,8282.38,260,828.24,0.0,1.096,0.35,0.02,0.0,0.355,0,0,Normal,2.84,2.64,0.46,0.0,0,None
2026-03-27 05:45:00,22.9,1,0,0,234.0,4.46,0.918,0.494,0.88,0.2295,900.49,8284.49,260,828.45,0.0,1.096,0.353,0.02,0.0,0.545,0,0,Normal,2.92,2.32,0.55,0.0,0,None
2026-03-27 06:00:00,24.89,1,0,0,231.46,9.17,2.03,0.619,0.957,0.5075,901.0,8289.16,260,828.92,0.0,1.096,0.367,0.02,1.26,0.383,0,0,Normal,3.15,3.35,0.36,0.0,0,None
2026-03-27 06:15:00,25.89,1,0,0,232.01,10.88,2.403,0.774,0.952,0.6008,901.6,8294.69,260,829.47,0.203,1.096,0.357,0.124,1.368,0.351,0,0,Normal,3.38,1.7,0.3,0.0,0,None
2026-03-27 06:30:00,24.89,1,0,0,232.76,12.35,2.617,1.189,0.91,0.6542,902.25,8300.71,260,830.07,0.0,1.096,0.346,0.12,1.704,0.447,0,0,Normal,4.29,3.77,0.55,0.0,0,None
2026-03-27 06:45:00,24.1,1,0,0,233.42,9.61,2.041,0.929,0.91,0.5102,902.76,8305.4,260,830.54,0.0,1.096,0.356,0.02,1.327,0.338,0,0,Normal,3.87,3.91,0.24,0.0,0,None
2026-03-27 07:00:00,27.39,1,0,0,233.87,13.4,2.888,1.216,0.922,0.722,903.48,8312.04,260,831.2,0.822,1.096,0.046,0.02,1.605,0.395,0,0,Normal,4.18,3.25,0.89,0.0,0,None
2026-03-27 07:15:00,26.79,1,0,0,233.17,10.15,2.182,0.917,0.922,0.5455,904.03,8317.06,260,831.71,0.506,1.096,0.059,0.02,1.225,0.372,0,0,Normal,2.84,1.16,0.66,0.0,0,None
2026-03-27 07:30:00,26.41,1,0,0,233.82,9.76,2.175,0.694,0.953,0.5438,904.57,8322.06,260,832.21,0.365,1.096,0.036,0.02,1.524,0.23,0,0,Normal,3.34,2.28,0.73,0.0,0,None
2026-03-27 07:45:00,26.26,1,0,0,233.62,12.08,2.656,0.957,0.941,0.664,905.24,8328.17,260,832.82,0.376,1.097,0.06,0.124,1.644,0.452,0,0,Normal,3.2,3.43,0.5,0.0,0,None
2026-03-27 08:00:00,28.54,1,0,0,233.71,18.13,3.842,1.784,0.907,0.9605,906.2,8337.01,260,833.7,1.372,1.097,0.048,0.122,1.893,0.407,0,0,Normal,3.2,1.62,0.83,0.0,0,None
2026-03-27 08:15:00,27.73,1,0,0,235.56,11.67,2.54,1.053,0.924,0.635,906.83,8342.85,260,834.29,0.946,1.097,0.027,0.02,1.203,0.344,0,0,Normal,3.59,2.26,0.39,0.0,0,None
2026-03-27 08:30:00,28.57,1,0,0,233.48,14.01,3.072,1.125,0.939,0.768,907.6,8349.92,260,834.99,1.332,1.097,0.046,0.02,1.21,0.464,0,0,Normal,2.78,1.91,0.91,0.0,0,None
2026-03-27 08:45:00,28.27,1,0,0,231.8,14.83,3.291,0.996,0.957,0.8228,908.42,8357.49,260,835.75,1.237,1.097,0.051,0.02,1.737,0.246,0,0,Normal,2.51,1.61,0.27,0.0,0,None
2026-03-27 09:00:00,29.68,0,0,0,230.95,1.26,0.27,0.11,0.926,0.0675,908.49,8358.11,260,835.81,0.0,1.097,0.036,0.02,0.0,0.214,0,0,Normal,2.36,3.14,0.46,0.0,0,None
2026-03-27 09:15:00,29.63,0,0,0,234.38,1.71,0.355,0.185,0.887,0.0888,908.58,8358.92,260,835.89,0.0,1.097,0.046,0.119,0.0,0.19,0,0,Normal,2.09,1.34,0.29,0.0,0,None
2026-03-27 09:30:00,29.47,0,0,0,231.25,1.72,0.361,0.167,0.908,0.0902,908.67,8359.75,260,835.98,0.0,1.097,0.061,0.13,0.0,0.17,0,0,Normal,3.49,2.7,0.49,0.0,0,None
2026-03-27 09:45:00,30.08,0,0,0,231.11,0.91,0.186,0.097,0.886,0.0465,908.72,8360.18,260,836.02,0.0,1.097,0.06,0.02,0.0,0.106,0,0,Normal,3.41,3.82,0.72,0.0,0,None
2026-03-27 10:00:00,30.57,0,0,0,231.21,0.76,0.158,0.079,0.895,0.0395,908.76,8360.55,260,836.05,0.0,1.097,0.05,0.02,0.0,0.088,0,0,Normal,3.59,2.09,0.77,0.0,0,None
2026-03-27 10:15:00,30.19,0,0,0,230.5,1.37,0.285,0.136,0.902,0.0713,908.83,8361.2,260,836.12,0.0,1.097,0.073,0.02,0.0,0.192,0,0,Normal,3.55,1.91,0.6,0.0,0,None
2026-03-27 10:30:00,31.31,0,0,0,230.02,1.37,0.297,0.103,0.945,0.0742,908.9,8361.88,260,836.19,0.0,1.097,0.056,0.02,0.0,0.221,0,0,Normal,3.74,2.26,0.7,0.0,0,None
2026-03-27 10:45:00,31.32,0,0,0,232.74,1.48,0.318,0.134,0.922,0.0795,908.98,8362.62,260,836.26,0.0,1.097,0.051,0.121,0.0,0.146,0,0,Normal,3.55,2.24,0.75,0.0,0,None
2026-03-27 11:00:00,32.48,0,0,0,232.73,1.74,0.384,0.129,0.948,0.096,909.08,8363.5,260,836.35,0.0,1.097,0.069,0.124,0.0,0.191,0,0,Normal,2.46,1.33,0.67,0.0,0,None
2026-03-27 11:15:00,32.45,0,0,0,231.12,1.23,0.261,0.113,0.918,0.0652,909.14,8364.1,260,836.41,0.0,1.097,0.055,0.02,0.0,0.186,0,0,Normal,2.3,1.73,0.7,0.0,0,None
2026-03-27 11:30:00,32.08,0,0,0,229.15,1.14,0.241,0.099,0.925,0.0602,909.2,8364.65,260,836.47,0.0,1.097,0.063,0.02,0.0,0.158,0,0,Normal,3.6,3.1,0.79,0.0,0,None
2026-03-27 11:45:00,32.64,0,0,0,230.22,0.86,0.176,0.089,0.892,0.044,909.25,8365.06,260,836.51,0.0,1.097,0.042,0.02,0.0,0.114,0,0,Normal,3.45,1.31,0.24,0.0,0,None
2026-03-27 12:00:00,33.17,0,0,0,230.02,0.76,0.158,0.076,0.9,0.0395,909.28,8365.42,260,836.54,0.0,1.097,0.049,0.02,0.0,0.089,0,0,Normal,3.71,2.61,0.22,0.0,0,None
2026-03-27 12:15:00,32.95,0,0,0,229.41,1.68,0.355,0.15,0.921,0.0888,909.37,8366.24,260,836.62,0.0,1.097,0.054,0.118,0.0,0.183,0,0,Normal,2.62,3.81,0.47,0.0,0,None
2026-03-27 12:30:00,33.04,0,0,0,228.49,1.86,0.404,0.131,0.951,0.101,909.47,8367.17,260,836.72,0.0,1.097,0.045,0.121,0.0,0.238,0,0,Normal,2.61,2.48,0.86,0.0,0,None
2026-03-27 12:45:00,34.21,0,0,0,228.8,0.89,0.183,0.09,0.897,0.0458,909.52,8367.59,260,836.76,0.0,1.097,0.052,0.02,0.0,0.111,0,0,Normal,4.12,3.13,0.78,0.0,0,None
2026-03-27 13:00:00,32.93,0,0,0,229.85,1.41,0.293,0.137,0.906,0.0732,909.59,8368.26,260,836.83,0.0,1.097,0.062,0.02,0.0,0.211,0,0,Normal,2.15,2.33,0.61,0.0,0,None
2026-03-27 13:15:00,34.05,0,0,0,229.31,1.01,0.218,0.078,0.942,0.0545,909.65,8368.76,260,836.88,0.0,1.097,0.062,0.02,0.0,0.136,0,0,Normal,3.26,3.67,0.45,0.0,0,None
2026-03-27 13:30:00,32.96,0,0,0,226.88,0.99,0.213,0.069,0.951,0.0532,909.7,8369.25,260,836.93,0.0,1.097,0.051,0.02,0.0,0.142,0,0,Normal,3.69,1.62,0.62,0.0,0,None
2026-03-27 13:45:00,33.74,0,0,0,228.91,1.72,0.364,0.151,0.923,0.091,909.79,8370.09,260,837.01,0.0,1.097,0.078,0.125,0.0,0.161,0,0,Normal,3.19,3.33,0.63,0.0,0,None
2026-03-27 14:00:00,33.78,0,0,0,226.98,1.68,0.337,0.178,0.884,0.0842,909.88,8370.87,260,837.09,0.0,1.097,0.052,0.127,0.0,0.158,0,0,Normal,4.11,1.51,0.9,0.0,0,None
2026-03-27 14:15:00,32.96,0,0,0,227.47,0.88,0.176,0.094,0.881,0.044,909.92,8371.27,260,837.13,0.0,1.098,0.032,0.02,0.0,0.124,0,0,Normal,4.08,2.08,0.44,0.0,0,None
2026-03-27 14:30:00,34.19,0,0,0,229.61,1.43,0.301,0.132,0.916,0.0752,910.0,8371.96,260,837.2,0.0,1.098,0.044,0.02,0.0,0.237,0,0,Normal,3.01,2.88,0.25,0.0,0,None
2026-03-27 14:45:00,33.81,0,0,0,225.21,0.83,0.164,0.088,0.882,0.041,910.04,8372.34,260,837.23,0.0,1.098,0.052,0.02,0.0,0.092,0,0,Normal,4.14,3.86,0.79,0.0,0,None
2026-03-27 15:00:00,32.75,0,0,0,225.71,0.8,0.174,0.051,0.959,0.0435,910.08,8372.74,260,837.27,0.0,1.098,0.04,0.02,0.0,0.114,0,0,Normal,2.99,2.36,0.67,0.0,0,None
2026-03-27 15:15:00,34.22,0,0,0,225.52,1.16,0.238,0.106,0.914,0.0595,910.14,8373.29,260,837.33,0.0,1.098,0.042,0.112,0.0,0.084,0,0,Normal,3.69,3.24,0.85,0.0,0,None
2026-03-27 15:30:00,34.51,0,0,0,227.57,1.4,0.305,0.094,0.956,0.0762,910.22,8373.99,260,837.4,0.0,1.098,0.042,0.117,0.0,0.146,0,0,Normal,3.75,2.59,0.93,0.0,0,None
2026-03-27 15:45:00,34.54,0,0,0,226.71,1.11,0.228,0.108,0.903,0.057,910.27,8374.51,260,837.45,0.0,1.098,0.049,0.02,0.0,0.159,0,0,Normal,3.19,3.9,0.94,0.0,0,None
2026-03-27 16:00:00,33.38,0,0,0,226.4,1.26,0.268,0.096,0.942,0.067,910.34,8375.13,260,837.51,0.0,1.098,0.031,0.02,0.0,0.217,0,0,Normal,3.75,1.74,0.86,0.0,0,None
2026-03-27 16:15:00,33.22,0,0,0,225.37,1.46,0.311,0.108,0.945,0.0778,910.42,8375.85,260,837.58,0.0,1.098,0.052,0.02,0.0,0.239,0,0,Normal,4.19,3.27,0.98,0.0,0,None
2026-03-27 16:30:00,33.86,0,0,0,228.31,0.87,0.189,0.061,0.951,0.0472,910.47,8376.28,260,837.63,0.0,1.098,0.052,0.02,0.0,0.117,0,0,Normal,3.78,1.01,0.49,0.0,0,None
2026-03-27 16:45:00,34.04,0,0,0,226.55,1.3,0.263,0.133,0.893,0.0658,910.53,8376.89,260,837.69,0.0,1.098,0.042,0.118,0.0,0.103,0,0,Normal,4.46,2.65,0.92,0.0,0,None
2026-03-27 17:00:00,32.81,0,0,0,226.03,1.62,0.338,0.138,0.926,0.0845,910.62,8377.66,260,837.77,0.0,1.098,0.047,0.124,0.0,0.167,0,0,Normal,2.26,1.51,0.73,0.0,0,None
2026-03-27 17:15:00,31.77,0,0,0,227.66,1.44,0.305,0.119,0.932,0.0762,910.69,8378.36,260,837.84,0.0,1.098,0.043,0.02,0.0,0.242,0,0,Normal,3.91,3.03,0.38,0.0,0,None
2026-03-27 17:30:00,32.34,0,0,0,224.65,0.85,0.178,0.066,0.937,0.0445,910.74,8378.77,260,837.88,0.0,1.098,0.033,0.02,0.0,0.125,0,0,Normal,3.95,1.06,0.6,0.0,0,None
2026-03-27 17:45:00,32.46,0,0,0,224.9,0.97,0.206,0.069,0.948,0.0515,910.79,8379.25,260,837.92,0.0,1.098,0.057,0.02,0.0,0.129,0,0,Normal,3.34,2.23,0.55,0.0,0,None
2026-03-27 18:00:00,30.1,1,0,1,226.8,12.5,2.649,1.011,0.934,0.6622,911.45,8385.34,260,838.53,1.922,1.098,0.344,0.02,0.0,0.363,0,0,Normal,2.73,1.52,0.25,0.0,0,None
2026-03-27 18:15:00,31.23,1,0,1,227.16,16.12,3.304,1.577,0.902,0.826,912.28,8392.94,260,839.29,2.411,1.098,0.354,0.122,0.0,0.417,0,0,Normal,3.9,1.96,0.83,0.0,0,None
2026-03-27 18:30:00,32.14,1,0,1,226.75,17.41,3.685,1.415,0.934,0.9212,913.2,8401.41,260,840.14,2.852,1.098,0.348,0.115,0.0,0.37,0,0,Normal,3.05,3.52,0.29,0.0,0,None
2026-03-27 18:45:00,31.32,1,0,1,226.0,15.65,3.345,1.153,0.945,0.8362,914.03,8409.11,260,840.91,2.575,1.098,0.348,0.02,0.0,0.402,0,0,Normal,2.34,1.32,0.97,0.0,0,None
2026-03-27 19:00:00,30.29,1,0,1,226.0,21.01,4.477,1.584,0.943,1.1192,915.15,8419.41,260,841.94,2.143,1.098,0.353,0.02,1.476,0.485,0,0,Normal,2.44,1.08,0.76,0.0,0,None
2026-03-27 19:15:00,29.64,1,0,1,225.03,19.15,3.986,1.638,0.925,0.9965,916.15,8428.57,260,842.86,1.721,1.098,0.345,0.02,1.437,0.463,0,0,Normal,2.94,1.33,0.39,0.0,0,None
2026-03-27 19:30:00,29.52,1,0,1,225.34,19.03,4.09,1.291,0.954,1.0225,917.17,8437.98,260,843.8,1.754,1.098,0.344,0.02,1.591,0.381,0,0,Normal,2.29,2.79,0.84,0.0,0,None
2026-03-27 19:45:00,29.74,1,0,1,227.87,21.1,4.557,1.534,0.948,1.1393,918.31,8448.46,260,844.85,1.855,1.098,0.348,0.115,1.72,0.519,0,0,Normal,4.42,3.73,0.23,0.0,0,None
2026-03-27 20:00:00,27.59,1,0,1,225.95,14.5,3.003,1.311,0.916,0.7508,919.06,8455.37,260,845.54,0.849,1.098,0.354,0.117,1.233,0.45,0,0,Normal,3.23,3.82,0.59,0.0,0,None
2026-03-27 20:15:00,27.52,1,0,1,225.7,15.14,3.234,1.1,0.947,0.8085,919.87,8462.81,260,846.28,0.87,1.098,0.341,0.02,1.607,0.396,0,0,Normal,4.42,1.5,0.88,0.0,0,None
2026-03-27 20:30:00,28.63,1,0,1,228.15,16.16,3.496,1.173,0.948,0.874,920.74,8470.85,260,847.08,1.431,1.098,0.355,0.02,1.299,0.391,0,0,Normal,3.81,2.68,0.22,0.0,0,None
2026-03-27 20:45:00,28.69,1,0,1,226.17,18.03,3.764,1.57,0.923,0.941,921.69,8479.5,260,847.95,1.402,1.099,0.353,0.02,1.567,0.422,0,0,Normal,3.72,2.02,0.58,0.0,0,None
2026-03-27 21:00:00,25.95,1,0,1,226.81,11.33,2.387,0.95,0.929,0.5968,922.28,8484.99,260,848.5,0.252,1.099,0.356,0.02,1.427,0.332,0,0,Normal,3.22,3.2,0.94,0.0,0,None
2026-03-27 21:15:00,26.93,1,0,1,227.19,16.48,3.34,1.69,0.892,0.835,923.12,8492.68,260,849.27,0.674,1.099,0.349,0.124,1.858,0.335,0,0,Normal,4.44,2.57,0.29,0.0,0,None
2026-03-27 21:30:00,26.4,1,0,1,230.02,12.62,2.723,1.003,0.938,0.6808,923.8,8498.94,260,849.89,0.428,1.099,0.354,0.117,1.398,0.426,0,0,Normal,2.16,2.2,0.93,0.0,0,None
2026-03-27 21:45:00,26.62,1,0,1,226.51,13.35,2.784,1.179,0.921,0.696,924.49,8505.34,260,850.53,0.486,1.099,0.353,0.02,1.578,0.347,0,0,Normal,3.08,1.59,0.61,0.0,0,None
2026-03-27 22:00:00,25.23,1,0,1,229.26,3.69,0.754,0.384,0.891,0.1885,924.68,8507.08,260,850.71,0.0,1.099,0.36,0.02,0.0,0.374,0,0,Normal,3.52,1.65,0.3,0.0,0,None
2026-03-27 22:15:00,25.5,1,0,1,226.57,3.5,0.722,0.328,0.91,0.1805,924.86,8508.74,260,850.87,0.0,1.099,0.374,0.02,0.0,0.328,0,0,Normal,2.24,2.72,0.21,0.0,0,None
2026-03-27 22:30:00,25.04,1,0,1,230.17,3.25,0.693,0.282,0.926,0.1733,925.04,8510.33,260,851.03,0.0,1.099,0.363,0.02,0.0,0.31,0,0,Normal,4.08,1.22,0.45,0.0,0,None
2026-03-27 22:45:00,25.71,1,0,1,227.79,5.25,1.063,0.548,0.889,0.2658,925.3,8512.78,260,851.28,0.193,1.099,0.354,0.115,0.0,0.401,0,0,Normal,2.35,1.35,0.46,0.0,0,None
2026-03-27 23:00:00,23.91,1,0,1,227.92,3.54,0.746,0.306,0.925,0.1865,925.49,8514.49,260,851.45,0.0,1.099,0.355,0.119,0.0,0.272,0,0,Normal,4.25,1.68,0.38,0.0,0,None
2026-03-27 23:15:00,24.07,1,0,1,230.34,3.64,0.778,0.313,0.928,0.1945,925.68,8516.28,260,851.63,0.0,1.099,0.357,0.02,0.0,0.401,0,0,Normal,3.97,3.75,0.47,0.0,0,None
2026-03-27 23:30:00,23.34,1,0,1,230.28,3.29,0.723,0.225,0.955,0.1808,925.86,8517.94,260,851.79,0.0,1.099,0.359,0.02,0.0,0.344,0,0,Normal,2.64,2.04,0.24,0.0,0,None
2026-03-27 23:45:00,24.84,1,0,1,231.0,3.02,0.651,0.25,0.934,0.1628,926.03,8519.44,260,851.94,0.0,1.099,0.355,0.02,0.0,0.276,0,0,Normal,4.14,3.05,0.72,0.0,0,None
2026-03-28 00:00:00,23.04,1,1,0,231.4,3.08,0.655,0.28,0.919,0.1638,926.19,8520.95,260,852.09,0.0,1.099,0.345,0.02,0.0,0.29,0,0,Normal,3.91,3.69,0.41,0.0,0,None
2026-03-28 00:15:00,23.16,1,1,0,230.43,3.96,0.84,0.354,0.922,0.21,926.4,8522.88,260,852.29,0.0,1.099,0.363,0.116,0.0,0.361,0,0,Normal,3.11,2.53,0.37,0.0,0,None
2026-03-28 00:30:00,22.0,1,1,0,232.44,4.17,0.894,0.372,0.923,0.2235,926.62,8524.94,260,852.49,0.0,1.099,0.344,0.107,0.0,0.443,0,0,Normal,2.23,3.33,0.45,0.0,0,None
2026-03-28 00:45:00,22.39,1,1,0,232.72,3.93,0.855,0.327,0.934,0.2138,926.84,8526.9,260,852.69,0.0,1.099,0.351,0.02,0.0,0.484,0,0,Normal,2.81,3.72,0.64,0.0,0,None
2026-03-28 01:00:00,22.82,1,1,0,231.9,3.17,0.668,0.306,0.909,0.167,927.0,8528.44,260,852.84,0.0,1.099,0.327,0.02,0.0,0.321,0,0,Normal,3.43,3.02,0.93,0.0,0,None
2026-03-28 01:15:00,22.35,1,1,0,232.74,3.78,0.835,0.276,0.95,0.2088,927.21,8530.36,260,853.04,0.0,1.099,0.358,0.02,0.0,0.457,0,0,Normal,2.15,1.29,0.68,0.0,0,None
2026-03-28 01:30:00,21.25,1,1,0,231.05,2.91,0.609,0.285,0.906,0.1522,927.37,8531.76,260,853.18,0.0,1.099,0.344,0.02,0.0,0.245,0,0,Normal,3.0,1.36,0.36,0.0,0,None
2026-03-28 01:45:00,22.72,1,1,0,231.3,3.8,0.838,0.265,0.954,0.2095,927.57,8533.69,260,853.37,0.0,1.099,0.351,0.125,0.0,0.362,0,0,Normal,3.02,2.13,0.31,0.0,0,None
2026-03-28 02:00:00,21.73,1,1,0,232.69,3.68,0.763,0.389,0.891,0.1907,927.77,8535.44,260,853.54,0.0,1.099,0.349,0.119,0.0,0.295,0,0,Normal,3.68,2.41,0.71,0.0,0,None
2026-03-28 02:15:00,22.71,1,1,0,233.73,3.2,0.664,0.343,0.889,0.166,927.93,8536.97,260,853.7,0.0,1.099,0.352,0.02,0.0,0.292,0,0,Normal,2.1,1.25,0.42,0.0,0,None
2026-03-28 02:30:00,21.96,1,1,0,233.15,3.57,0.779,0.291,0.937,0.1947,928.13,8538.76,260,853.88,0.0,1.099,0.348,0.02,0.0,0.411,0,0,Normal,4.35,2.47,0.85,0.0,0,None
2026-03-28 02:45:00,22.1,1,1,0,232.72,3.93,0.815,0.415,0.891,0.2037,928.33,8540.64,260,854.06,0.0,1.099,0.361,0.02,0.0,0.434,0,0,Normal,3.88,2.15,0.3,0.0,0,None
2026-03-28 03:00:00,22.79,1,1,0,233.28,3.45,0.712,0.374,0.885,0.178,928.51,8542.27,260,854.23,0.0,1.099,0.366,0.02,0.0,0.326,0,0,Normal,2.87,1.38,0.99,0.0,0,None
2026-03-28 03:15:00,21.76,1,1,0,234.39,3.36,0.731,0.291,0.929,0.1828,928.69,8543.95,260,854.4,0.0,1.1,0.335,0.123,0.0,0.273,0,0,Normal,2.37,1.09,0.5,0.0,0,None
2026-03-28 03:30:00,21.71,1,1,0,234.53,3.09,0.674,0.265,0.931,0.1685,928.86,8545.51,260,854.55,0.0,1.1,0.336,0.125,0.0,0.213,0,0,Normal,3.82,1.94,0.87,0.0,0,None
2026-03-28 03:45:00,22.11,1,1,0,233.97,3.3,0.69,0.347,0.894,0.1725,929.03,8547.09,260,854.71,0.0,1.1,0.348,0.02,0.0,0.322,0,0,Normal,2.15,2.63,0.69,0.0,0,None
2026-03-28 04:00:00,23.22,1,1,0,233.07,3.47,0.751,0.302,0.928,0.1878,929.22,8548.82,260,854.88,0.0,1.1,0.361,0.02,0.0,0.37,0,0,Normal,3.56,1.47,0.23,0.0,0,None
2026-03-28 04:15:00,22.14,1,1,0,231.3,4.14,0.9,0.327,0.94,0.225,929.44,8550.89,260,855.09,0.0,1.1,0.36,0.02,0.0,0.52,0,0,Normal,2.68,3.37,0.97,0.0,0,None
2026-03-28 04:30:00,21.97,1,1,0,232.24,3.89,0.799,0.423,0.884,0.1997,929.64,8552.73,260,855.27,0.0,1.1,0.354,0.02,0.0,0.425,0,0,Normal,3.03,1.42,0.95,0.0,0,None
2026-03-28 04:45:00,23.22,1,1,0,234.15,3.36,0.742,0.261,0.943,0.1855,929.83,8554.43,260,855.44,0.0,1.1,0.358,0.121,0.0,0.263,0,0,Normal,2.68,2.22,0.61,0.0,0,None
2026-03-28 05:00:00,23.46,1,1,0,235.83,4.51,0.995,0.377,0.935,0.2488,930.08,8556.72,260,855.67,0.0,1.1,0.352,0.126,0.0,0.517,0,0,Normal,2.18,1.1,0.78,0.0,0,None
2026-03-28 05:15:00,23.56,1,1,0,233.31,3.64,0.776,0.346,0.913,0.194,930.27,8558.51,260,855.85,0.0,1.1,0.356,0.02,0.0,0.4,0,0,Normal,4.34,2.73,0.86,0.0,0,None
2026-03-28 05:30:00,22.83,1,1,0,235.46,3.77,0.805,0.376,0.906,0.2013,930.47,8560.36,260,856.04,0.0,1.1,0.334,0.02,0.0,0.451,0,0,Normal,2.7,3.48,0.77,0.0,0,None
2026-03-28 05:45:00,23.42,1,1,0,233.16,2.75,0.61,0.195,0.952,0.1525,930.63,8561.76,260,856.18,0.0,1.1,0.333,0.02,0.0,0.257,0,0,Normal,2.7,3.04,0.67,0.0,0,None
2026-03-28 06:00:00,25.0,1,1,0,233.54,11.1,2.442,0.868,0.942,0.6105,931.24,8567.38,260,856.74,0.0,1.1,0.35,0.02,1.789,0.283,0,0,Normal,2.27,1.26,0.94,0.0,0,None
2026-03-28 06:15:00,25.47,1,1,0,234.61,10.53,2.232,1.057,0.904,0.558,931.79,8572.51,260,857.25,0.048,1.1,0.35,0.119,1.34,0.375,0,0,Normal,4.26,2.09,0.63,0.0,0,None
2026-03-28 06:30:00,24.61,1,1,0,233.05,13.02,2.845,1.056,0.937,0.7112,932.51,8579.06,260,857.91,0.0,1.1,0.368,0.113,1.818,0.546,0,0,Normal,2.82,3.38,0.34,0.0,0,None
2026-03-28 06:45:00,25.83,1,1,0,235.41,13.33,2.807,1.401,0.895,0.7018,933.21,8585.51,260,858.55,0.193,1.1,0.365,0.02,1.877,0.352,0,0,Normal,3.35,2.26,0.23,0.0,0,None
2026-03-28 07:00:00,26.1,1,1,0,233.84,11.33,2.364,1.195,0.892,0.591,933.8,8590.95,260,859.09,0.17,1.1,0.046,0.02,1.768,0.36,0,0,Normal,2.32,3.72,0.68,0.0,0,None
2026-03-28 07:15:00,26.11,1,1,0,233.04,11.37,2.527,0.795,0.954,0.6318,934.43,8596.76,260,859.68,0.254,1.1,0.037,0.02,1.725,0.491,0,0,Normal,2.04,2.61,0.54,0.0,0,None
2026-03-28 07:30:00,27.22,1,1,0,234.09,12.11,2.686,0.903,0.948,0.6715,935.1,8602.94,260,860.29,0.698,1.1,0.058,0.02,1.605,0.305,0,0,Normal,3.04,1.49,0.47,0.0,0,None
2026-03-28 07:45:00,26.55,1,1,0,233.08,10.97,2.281,1.158,0.892,0.5702,935.67,8608.18,260,860.82,0.452,1.1,0.047,0.121,1.302,0.359,0,0,Normal,3.0,1.53,0.57,0.0,0,None
2026-03-28 08:00:00,27.72,1,1,0,233.11,16.52,3.438,1.733,0.893,0.8595,936.53,8616.09,260,861.61,1.05,1.1,0.055,0.117,1.807,0.409,0,0,Normal,4.45,1.11,0.41,0.0,0,None
2026-03-28 08:15:00,27.92,1,1,0,232.08,12.11,2.535,1.213,0.902,0.6338,937.17,8621.92,260,862.19,0.939,1.1,0.051,0.02,1.307,0.218,0,0,Normal,2.8,2.31,0.25,0.0,0,None
2026-03-28 08:30:00,28.68,1,1,0,231.94,17.32,3.603,1.777,0.897,0.9008,938.07,8630.21,260,863.02,1.472,1.1,0.053,0.02,1.759,0.299,0,0,Normal,4.07,3.11,0.22,0.0,0,None
2026-03-28 08:45:00,28.73,1,1,0,233.97,15.8,3.396,1.463,0.918,0.849,938.92,8638.02,260,863.8,1.489,1.1,0.054,0.02,1.566,0.267,0,0,Normal,3.78,1.8,0.32,0.0,0,None
2026-03-28 09:00:00,29.14,1,1,0,230.09,10.02,2.089,0.978,0.906,0.5222,939.44,8642.82,260,864.28,1.577,1.1,0.052,0.02,0.0,0.44,0,0,Normal,3.52,2.93,0.53,0.0,0,None
2026-03-28 09:15:00,29.53,1,1,0,233.01,11.01,2.325,1.082,0.907,0.5812,940.02,8648.17,260,864.82,1.726,1.1,0.042,0.115,0.0,0.442,0,0,Normal,2.09,2.87,0.37,0.0,0,None
2026-03-28 09:30:00,29.6,1,1,0,231.01,10.97,2.41,0.786,0.951,0.6025,940.62,8653.72,260,865.37,1.82,1.1,0.051,0.123,0.0,0.416,0,0,Normal,2.82,1.82,0.41,0.0,0,None
2026-03-28 09:45:00,29.06,1,1,0,233.82,8.17,1.785,0.681,0.934,0.4462,941.07,8657.82,260,865.78,1.462,1.101,0.056,0.02,0.0,0.247,0,0,Normal,2.05,1.01,0.37,0.0,0,None
2026-03-28 10:00:00,30.97,1,1,0,232.32,14.57,3.042,1.485,0.899,0.7605,941.83,8664.82,260,866.48,2.482,1.101,0.053,0.02,0.0,0.487,0,0,Normal,3.74,2.98,0.21,0.0,0,None
2026-03-28 10:15:00,31.0,1,1,0,228.35,13.93,2.982,1.106,0.938,0.7455,942.57,8671.68,260,867.17,2.523,1.101,0.053,0.02,0.0,0.386,0,0,Normal,3.22,2.84,0.89,0.0,0,None
2026-03-28 10:30:00,31.57,1,1,0,229.59,14.78,3.072,1.443,0.905,0.768,943.34,8678.74,260,867.87,2.628,1.101,0.067,0.02,0.0,0.357,0,0,Normal,3.47,3.93,0.38,0.0,0,None
2026-03-28 10:45:00,31.6,1,1,0,231.59,14.96,3.134,1.475,0.905,0.7835,944.12,8685.95,260,868.59,2.653,1.101,0.044,0.122,0.0,0.315,0,0,Normal,4.28,3.54,0.7,0.0,0,None
2026-03-28 11:00:00,32.08,0,1,0,231.0,1.32,0.275,0.13,0.904,0.0687,944.19,8686.58,260,868.66,0.0,1.101,0.054,0.118,0.0,0.103,0,0,Normal,2.44,1.95,0.97,0.0,0,None
2026-03-28 11:15:00,32.14,0,1,0,231.25,0.82,0.172,0.078,0.911,0.043,944.24,8686.98,260,868.7,0.0,1.101,0.041,0.02,0.0,0.111,0,0,Normal,2.21,2.74,0.67,0.0,0,None
2026-03-28 11:30:00,32.57,0,1,0,230.03,0.89,0.189,0.08,0.921,0.0472,944.28,8687.41,260,868.74,0.0,1.101,0.051,0.02,0.0,0.118,0,0,Normal,3.55,1.36,0.81,0.0,0,None
2026-03-28 11:45:00,31.95,0,1,0,227.95,0.94,0.203,0.071,0.944,0.0508,944.33,8687.88,260,868.79,0.0,1.101,0.067,0.02,0.0,0.116,0,0,Normal,3.76,2.46,0.82,0.0,0,None
2026-03-28 12:00:00,33.49,0,1,0,232.42,0.79,0.17,0.068,0.929,0.0425,944.38,8688.27,260,868.83,0.0,1.101,0.042,0.02,0.0,0.108,0,0,Normal,4.4,1.36,0.47,0.0,0,None
2026-03-28 12:15:00,33.15,0,1,0,229.14,1.62,0.333,0.166,0.895,0.0832,944.46,8689.04,260,868.9,0.0,1.101,0.06,0.121,0.0,0.152,0,0,Normal,4.14,1.11,0.55,0.0,0,None
2026-03-28 12:30:00,32.71,0,1,0,228.68,1.45,0.319,0.093,0.96,0.0798,944.54,8689.77,260,868.98,0.0,1.101,0.054,0.11,0.0,0.155,0,0,Normal,2.12,2.14,0.35,0.0,0,None
2026-03-28 12:45:00,32.72,0,1,0,229.58,1.46,0.319,0.099,0.955,0.0798,944.62,8690.5,260,869.05,0.0,1.101,0.052,0.02,0.0,0.247,0,0,Normal,3.89,3.59,0.63,0.0,0,None
2026-03-28 13:00:00,34.52,0,1,0,229.84,1.41,0.305,0.11,0.941,0.0762,944.7,8691.21,260,869.12,0.0,1.101,0.057,0.02,0.0,0.228,0,0,Normal,2.71,3.2,0.98,0.0,0,None
2026-03-28 13:15:00,33.72,0,1,0,227.75,0.88,0.189,0.066,0.943,0.0472,944.74,8691.64,260,869.16,0.0,1.101,0.049,0.02,0.0,0.12,0,0,Normal,2.36,3.06,0.52,0.0,0,None
2026-03-28 13:30:00,34.62,0,1,0,228.94,1.47,0.303,0.147,0.9,0.0758,944.82,8692.34,260,869.23,0.0,1.101,0.057,0.02,0.0,0.226,0,0,Normal,3.12,1.44,0.91,0.0,0,None
2026-03-28 13:45:00,33.54,0,1,0,228.39,1.23,0.252,0.126,0.895,0.063,944.88,8692.92,260,869.29,0.0,1.101,0.049,0.12,0.0,0.083,0,0,Normal,3.14,1.42,0.52,0.0,0,None
2026-03-28 14:00:00,34.15,0,1,0,229.33,1.35,0.297,0.088,0.959,0.0743,944.96,8693.6,260,869.36,0.0,1.101,0.03,0.129,0.0,0.138,0,0,Normal,4.13,1.52,0.22,0.0,0,None
2026-03-28 14:15:00,35.2,0,1,0,228.6,1.13,0.246,0.082,0.948,0.0615,945.02,8694.17,260,869.42,0.0,1.101,0.041,0.02,0.0,0.185,0,0,Normal,4.09,3.76,0.69,0.0,0,None
2026-03-28 14:30:00,33.47,0,1,0,226.69,1.22,0.257,0.104,0.927,0.0642,945.08,8694.76,260,869.48,0.0,1.101,0.052,0.02,0.0,0.185,0,0,Normal,2.95,2.79,0.36,0.0,0,None
2026-03-28 14:45:00,33.05,0,1,0,228.71,1.14,0.244,0.092,0.936,0.061,945.14,8695.32,260,869.53,0.0,1.101,0.051,0.02,0.0,0.173,0,0,Normal,2.43,3.52,0.37,0.0,0,None
2026-03-28 15:00:00,34.44,1,1,0,227.72,19.93,4.314,1.412,0.95,1.0785,946.22,8705.24,260,870.52,3.876,1.101,0.039,0.02,0.0,0.379,0,0,Normal,2.21,3.31,0.51,0.0,0,None
2026-03-28 15:15:00,33.38,1,1,0,226.21,19.69,4.021,1.916,0.903,1.0052,947.23,8714.49,260,871.45,3.499,1.101,0.038,0.121,0.0,0.363,0,0,Normal,2.54,2.41,0.67,0.0,0,None
2026-03-28 15:30:00,33.79,1,1,0,227.25,19.43,4.072,1.709,0.922,1.018,948.24,8723.85,260,872.39,3.548,1.101,0.051,0.117,0.0,0.356,0,0,Normal,4.2,3.97,0.27,0.0,0,None
2026-03-28 15:45:00,33.5,1,1,0,227.29,19.88,4.081,1.941,0.903,1.0203,949.27,8733.24,260,873.32,3.498,1.101,0.044,0.02,0.0,0.519,0,0,Normal,3.62,2.88,0.85,0.0,0,None
2026-03-28 16:00:00,33.33,1,1,0,226.74,17.93,3.831,1.359,0.942,0.9578,950.22,8742.05,260,874.21,3.425,1.101,0.035,0.02,0.0,0.351,0,0,Normal,3.74,2.23,0.31,0.0,0,None
2026-03-28 16:15:00,32.72,1,1,0,225.19,18.59,3.776,1.809,0.902,0.944,951.17,8750.74,260,875.07,3.247,1.102,0.052,0.02,0.0,0.457,0,0,Normal,2.08,2.94,0.37,0.0,0,None
2026-03-28 16:30:00,33.11,1,1,0,229.24,17.77,3.712,1.679,0.911,0.928,952.1,8759.27,260,875.93,3.375,1.102,0.055,0.02,0.0,0.262,0,0,Normal,2.25,2.01,0.81,0.0,0,None
2026-03-28 16:45:00,33.42,1,1,0,225.71,18.44,3.91,1.43,0.939,0.9775,953.07,8768.27,260,876.83,3.423,1.102,0.076,0.108,0.0,0.303,0,0,Normal,2.15,2.89,0.74,0.0,0,None
2026-03-28 17:00:00,31.74,1,1,0,228.49,15.19,3.289,1.105,0.948,0.8222,953.89,8775.83,260,877.58,2.71,1.102,0.045,0.123,0.0,0.411,0,0,Normal,4.12,1.74,0.71,0.0,0,None
2026-03-28 17:15:00,31.89,1,1,0,226.56,16.53,3.319,1.733,0.886,0.8298,954.72,8783.47,260,878.35,2.875,1.102,0.035,0.02,0.0,0.389,0,0,Normal,3.94,2.17,0.26,0.0,0,None
2026-03-28 17:30:00,32.07,1,1,0,227.3,15.37,3.345,1.006,0.958,0.8362,955.56,8791.16,260,879.12,2.876,1.102,0.059,0.02,0.0,0.39,0,0,Normal,2.57,2.14,0.46,0.0,0,None
2026-03-28 17:45:00,31.53,1,1,0,225.63,14.98,3.03,1.499,0.896,0.7575,956.32,8798.13,260,879.81,2.668,1.102,0.055,0.02,0.0,0.287,0,0,Normal,2.07,2.11,0.56,0.0,0,None
2026-03-28 18:00:00,30.79,1,1,1,225.7,14.82,3.074,1.319,0.919,0.7685,957.09,8805.2,260,880.52,2.303,1.102,0.333,0.02,0.0,0.418,0,0,Normal,4.1,2.44,0.69,0.0,0,None
2026-03-28 18:15:00,31.06,1,1,1,225.62,15.73,3.391,1.044,0.956,0.8478,957.93,8813.0,260,881.3,2.498,1.102,0.345,0.115,0.0,0.433,0,0,Normal,3.96,3.72,0.93,0.0,0,None
2026-03-28 18:30:00,30.8,1,1,1,224.25,15.5,3.094,1.583,0.89,0.7735,958.71,8820.11,260,882.01,2.395,1.102,0.362,0.111,0.0,0.226,0,0,Normal,3.1,1.56,0.64,0.0,0,None
2026-03-28 18:45:00,30.86,1,1,1,227.03,15.11,3.238,1.133,0.944,0.8095,959.52,8827.56,260,882.76,2.485,1.102,0.345,0.02,0.0,0.388,0,0,Normal,4.03,1.13,0.26,0.0,0,None
2026-03-28 19:00:00,29.54,1,1,1,226.18,20.67,4.254,1.941,0.91,1.0635,960.58,8837.35,260,883.73,1.744,1.102,0.363,0.02,1.802,0.325,0,0,Normal,3.44,3.33,0.48,0.0,0,None
2026-03-28 19:15:00,29.23,1,1,1,226.74,19.62,4.039,1.866,0.908,1.0098,961.59,8846.63,260,884.66,1.607,1.102,0.358,0.02,1.615,0.439,0,0,Normal,2.14,3.05,0.89,0.0,0,None
2026-03-28 19:30:00,29.9,1,1,1,224.38,20.68,4.277,1.8,0.922,1.0692,962.66,8856.47,260,885.65,1.947,1.102,0.368,0.02,1.436,0.506,0,0,Normal,3.73,1.12,0.6,0.0,0,None
2026-03-28 19:45:00,30.27,1,1,1,226.17,23.35,4.98,1.756,0.943,1.245,963.9,8867.93,260,886.79,2.081,1.102,0.361,0.113,1.994,0.431,0,0,Normal,3.66,1.73,0.37,0.0,0,None
2026-03-28 20:00:00,27.77,1,1,1,227.14,14.86,3.215,1.03,0.952,0.8038,964.71,8875.32,260,887.53,0.913,1.102,0.353,0.125,1.478,0.346,0,0,Normal,2.87,2.83,0.82,0.0,0,None
2026-03-28 20:15:00,28.24,1,1,1,228.46,17.42,3.701,1.461,0.93,0.9252,965.63,8883.83,260,888.38,1.258,1.102,0.347,0.02,1.762,0.314,0,0,Normal,3.72,2.01,0.46,0.0,0,None
2026-03-28 20:30:00,27.88,1,1,1,226.48,16.76,3.555,1.332,0.936,0.8888,966.52,8892.01,260,889.2,1.11,1.102,0.348,0.02,1.715,0.362,0,0,Normal,2.43,2.1,0.98,0.0,0,None
2026-03-28 20:45:00,28.18,1,1,1,224.8,17.26,3.515,1.644,0.906,0.8788,967.4,8900.09,260,890.01,1.1,1.102,0.361,0.02,1.648,0.386,0,0,Normal,2.32,1.21,0.5,0.0,0,None
2026-03-28 21:00:00,27.23,1,1,1,225.62,16.48,3.502,1.251,0.942,0.8755,968.28,8908.15,260,890.81,0.736,1.102,0.355,0.02,1.956,0.435,0,0,Normal,2.74,1.61,0.67,0.0,0,None
2026-03-28 21:15:00,26.7,1,1,1,226.29,14.39,2.878,1.525,0.884,0.7195,969.0,8914.77,260,891.48,0.592,1.102,0.341,0.114,1.546,0.285,0,0,Normal,4.21,1.15,0.54,0.0,0,None
2026-03-28 21:30:00,25.56,1,1,1,228.22,10.63,2.143,1.136,0.884,0.5357,969.53,8919.7,260,891.97,0.0,1.102,0.343,0.121,1.284,0.395,0,0,Normal,3.56,2.67,0.68,0.0,0,None
2026-03-28 21:45:00,26.67,1,1,1,228.47,12.58,2.752,0.83,0.957,0.688,970.22,8926.03,260,892.6,0.523,1.102,0.331,0.02,1.569,0.309,0,0,Normal,3.93,2.55,0.36,0.0,0,None
2026-03-28 22:00:00,25.62,1,1,1,226.19,4.09,0.869,0.32,0.939,0.2172,970.44,8928.02,260,892.8,0.063,1.102,0.353,0.02,0.0,0.433,0,0,Normal,4.2,3.01,0.46,0.0,0,None
2026-03-28 22:15:00,24.89,1,1,1,226.23,3.57,0.726,0.353,0.9,0.1815,970.62,8929.69,260,892.97,0.0,1.102,0.358,0.02,0.0,0.348,0,0,Normal,4.43,1.73,0.78,0.0,0,None
2026-03-28 22:30:00,25.5,1,1,1,227.94,2.84,0.604,0.234,0.932,0.151,970.77,8931.08,260,893.11,0.018,1.102,0.349,0.02,0.0,0.217,0,0,Normal,4.31,3.27,0.65,0.0,0,None
2026-03-28 22:45:00,24.65,1,1,1,227.46,3.35,0.707,0.282,0.929,0.1768,970.95,8932.71,260,893.27,0.0,1.102,0.351,0.115,0.0,0.241,0,0,Normal,2.75,2.12,0.5,0.0,0,None
2026-03-28 23:00:00,23.01,1,1,1,228.6,4.21,0.882,0.383,0.917,0.2205,971.17,8934.74,260,893.47,0.0,1.103,0.356,0.131,0.0,0.395,0,0,Normal,2.05,1.65,0.96,0.0,0,None
2026-03-28 23:15:00,23.83,1,1,1,228.84,3.47,0.755,0.243,0.952,0.1888,971.36,8936.48,260,893.65,0.0,1.103,0.335,0.02,0.0,0.4,0,0,Normal,2.43,3.1,0.39,0.0,0,None
2026-03-28 23:30:00,22.88,1,1,1,228.22,3.46,0.721,0.324,0.912,0.1802,971.54,8938.13,260,893.81,0.0,1.103,0.344,0.02,0.0,0.357,0,0,Normal,2.68,2.86,0.94,0.0,0,None
2026-03-28 23:45:00,23.64,1,1,1,229.68,3.96,0.849,0.324,0.934,0.2122,971.75,8940.09,260,894.01,0.0,1.103,0.355,0.02,0.0,0.474,0,0,Normal,3.62,1.9,0.82,0.0,0,None
2026-03-29 00:00:00,23.45,1,1,0,231.39,3.42,0.713,0.344,0.901,0.1783,971.93,8941.73,260,894.17,0.0,1.103,0.353,0.02,0.0,0.34,0,0,Normal,2.3,1.37,0.22,0.0,0,None
2026-03-29 00:15:00,21.85,1,1,0,231.07,3.6,0.771,0.312,0.927,0.1927,972.12,8943.5,260,894.35,0.0,1.103,0.345,0.126,0.0,0.3,0,0,Normal,2.57,3.69,0.38,0.0,0,None
2026-03-29 00:30:00,22.16,1,1,0,230.21,3.77,0.782,0.378,0.9,0.1955,972.32,8945.3,260,894.53,0.0,1.103,0.34,0.112,0.0,0.33,0,0,Normal,3.91,1.59,0.69,0.0,0,None
2026-03-29 00:45:00,22.29,1,1,0,232.82,3.0,0.631,0.299,0.904,0.1578,972.47,8946.75,260,894.67,0.0,1.103,0.35,0.02,0.0,0.261,0,0,Normal,2.49,3.09,0.28,0.0,0,None
2026-03-29 01:00:00,22.17,1,1,0,231.44,3.64,0.786,0.301,0.934,0.1965,972.67,8948.56,260,894.86,0.0,1.103,0.346,0.02,0.0,0.42,0,0,Normal,2.79,3.03,0.75,0.0,0,None
2026-03-29 01:15:00,22.02,1,1,0,232.06,3.16,0.701,0.218,0.955,0.1753,972.84,8950.17,260,895.02,0.0,1.103,0.341,0.02,0.0,0.34,0,0,Normal,3.29,1.14,0.51,0.0,0,None
2026-03-29 01:30:00,22.9,1,1,0,231.87,3.21,0.711,0.221,0.955,0.1778,973.02,8951.8,260,895.18,0.0,1.103,0.346,0.02,0.0,0.345,0,0,Normal,2.42,2.28,0.38,0.0,0,None
2026-03-29 01:45:00,22.68,1,1,0,230.75,3.9,0.833,0.338,0.926,0.2082,973.23,8953.72,260,895.37,0.0,1.103,0.346,0.123,0.0,0.364,0,0,Normal,3.58,2.39,0.24,0.0,0,None
2026-03-29 02:00:00,22.25,1,1,0,231.5,3.7,0.82,0.25,0.956,0.205,973.44,8955.61,260,895.56,0.0,1.103,0.343,0.122,0.0,0.355,0,0,Normal,4.12,1.39,0.68,0.0,0,None
2026-03-29 02:15:00,22.07,1,1,0,229.98,3.13,0.648,0.314,0.9,0.162,973.6,8957.1,260,895.71,0.0,1.103,0.347,0.02,0.0,0.281,0,0,Normal,3.28,1.21,0.59,0.0,0,None
2026-03-29 02:30:00,22.2,1,1,0,232.74,3.55,0.749,0.35,0.906,0.1873,973.78,8958.82,260,895.88,0.0,1.103,0.343,0.02,0.0,0.386,0,0,Normal,3.52,2.3,0.33,0.0,0,None
2026-03-29 02:45:00,21.57,1,1,0,232.85,3.37,0.704,0.344,0.898,0.176,973.96,8960.44,260,896.04,0.0,1.103,0.344,0.02,0.0,0.34,0,0,Normal,3.86,1.23,0.22,0.0,0,None
2026-03-29 03:00:00,22.63,1,1,0,233.84,2.72,0.58,0.259,0.913,0.145,974.11,8961.77,260,896.18,0.0,1.103,0.359,0.02,0.0,0.201,0,0,Normal,3.67,1.28,0.62,0.0,0,None
2026-03-29 03:15:00,21.65,1,1,0,235.28,3.6,0.803,0.268,0.949,0.2007,974.31,8963.62,260,896.36,0.0,1.103,0.348,0.116,0.0,0.339,0,0,Normal,2.21,2.23,0.7,0.0,0,None
2026-03-29 03:30:00,22.62,1,1,0,232.2,3.89,0.819,0.382,0.906,0.2047,974.51,8965.5,260,896.55,0.0,1.103,0.343,0.122,0.0,0.354,0,0,Normal,4.14,3.05,0.99,0.0,0,None
2026-03-29 03:45:00,22.8,1,1,0,233.33,2.7,0.596,0.206,0.945,0.149,974.66,8966.87,260,896.69,0.0,1.103,0.337,0.02,0.0,0.239,0,0,Normal,2.4,1.48,0.26,0.0,0,None
2026-03-29 04:00:00,22.91,1,1,0,235.44,3.28,0.68,0.364,0.881,0.17,974.83,8968.44,260,896.84,0.0,1.103,0.351,0.02,0.0,0.309,0,0,Normal,3.74,2.59,0.78,0.0,0,None
2026-03-29 04:15:00,22.72,1,1,0,232.42,3.83,0.812,0.363,0.913,0.203,975.03,8970.31,260,897.03,0.0,1.103,0.358,0.02,0.0,0.434,0,0,Normal,4.39,1.28,0.31,0.0,0,None
2026-03-29 04:30:00,23.0,1,1,0,236.48,3.34,0.706,0.354,0.894,0.1765,975.21,8971.93,260,897.19,0.0,1.103,0.34,0.02,0.0,0.346,0,0,Normal,3.13,2.57,0.77,0.0,0,None
2026-03-29 04:45:00,21.37,1,1,0,232.05,4.19,0.874,0.424,0.9,0.2185,975.43,8973.94,260,897.39,0.0,1.103,0.347,0.114,0.0,0.413,0,0,Normal,2.39,3.9,0.38,0.0,0,None
2026-03-29 05:00:00,23.91,1,1,0,233.31,4.24,0.908,0.393,0.918,0.227,975.66,8976.03,260,897.6,0.0,1.103,0.356,0.113,0.0,0.439,0,0,Normal,4.48,3.87,0.51,0.0,0,None
2026-03-29 05:15:00,23.7,1,1,0,233.07,3.23,0.704,0.266,0.935,0.176,975.83,8977.65,260,897.76,0.0,1.103,0.355,0.02,0.0,0.329,0,0,Normal,4.27,2.08,0.44,0.0,0,None
2026-03-29 05:30:00,23.73,1,1,0,236.17,4.19,0.894,0.425,0.903,0.2235,976.05,8979.7,260,897.97,0.0,1.104,0.345,0.02,0.0,0.529,0,0,Normal,2.53,1.86,0.95,0.0,0,None
2026-03-29 05:45:00,24.11,1,1,0,233.49,2.85,0.619,0.244,0.93,0.1548,976.21,8981.13,260,898.11,0.0,1.104,0.335,0.02,0.0,0.264,0,0,Normal,2.48,3.0,0.7,0.0,0,None
2026-03-29 06:00:00,24.96,1,1,0,232.36,10.99,2.367,0.957,0.927,0.5918,976.8,8986.57,260,898.66,0.0,1.104,0.332,0.02,1.61,0.405,0,0,Normal,2.13,3.73,0.83,0.0,0,None
2026-03-29 06:15:00,24.43,1,1,0,234.26,11.26,2.447,0.984,0.928,0.6117,977.41,8992.2,260,899.22,0.0,1.104,0.355,0.107,1.657,0.328,0,0,Normal,4.44,3.01,0.62,0.0,0,None
2026-03-29 06:30:00,24.93,1,1,0,235.14,10.2,2.261,0.802,0.943,0.5652,977.98,8997.4,260,899.74,0.0,1.104,0.345,0.124,1.494,0.298,0,0,Normal,2.66,3.53,0.7,0.0,0,None
2026-03-29 06:45:00,25.03,1,1,0,233.04,11.02,2.318,1.107,0.902,0.5795,978.56,9002.73,260,900.27,0.0,1.104,0.352,0.02,1.636,0.31,0,0,Normal,3.72,3.16,0.37,0.0,0,None
2026-03-29 07:00:00,26.5,1,1,0,234.71,12.23,2.595,1.229,0.904,0.6488,979.21,9008.7,260,900.87,0.344,1.104,0.066,0.02,1.83,0.335,0,0,Normal,2.04,2.58,0.6,0.0,0,None
2026-03-29 07:15:00,26.53,1,1,0,234.02,10.86,2.437,0.722,0.959,0.6093,979.82,9014.3,260,901.43,0.378,1.104,0.066,0.02,1.603,0.37,0,0,Normal,4.39,2.14,0.52,0.0,0,None
2026-03-29 07:30:00,26.97,1,1,0,233.29,12.14,2.496,1.34,0.881,0.624,980.44,9020.05,260,902.0,0.669,1.104,0.044,0.02,1.409,0.354,0,0,Normal,2.93,2.9,0.23,0.0,0,None
2026-03-29 07:45:00,25.9,1,1,0,235.03,11.62,2.501,1.099,0.915,0.6252,981.06,9025.8,260,902.58,0.241,1.104,0.044,0.125,1.739,0.352,0,0,Normal,2.99,1.05,0.22,0.0,0,None
2026-03-29 08:00:00,28.09,1,1,0,233.88,16.04,3.466,1.432,0.924,0.8665,981.93,9033.77,260,903.38,1.162,1.104,0.058,0.121,1.59,0.535,0,0,Normal,3.86,2.39,0.69,0.0,0,None
2026-03-29 08:15:00,28.64,1,1,0,231.92,17.63,3.612,1.916,0.883,0.903,982.83,9042.08,260,904.21,1.324,1.104,0.061,0.02,1.744,0.463,0,0,Normal,4.29,3.58,0.51,0.0,0,None
2026-03-29 08:30:00,27.13,1,1,0,233.78,10.97,2.451,0.751,0.956,0.6127,983.45,9047.71,260,904.77,0.774,1.104,0.041,0.02,1.259,0.357,0,0,Normal,4.03,2.1,0.97,0.0,0,None
2026-03-29 08:45:00,28.09,1,1,0,232.62,15.84,3.471,1.237,0.942,0.8678,984.32,9055.7,260,905.57,1.115,1.104,0.05,0.02,1.845,0.441,0,0,Normal,2.26,1.06,0.76,0.0,0,None
2026-03-29 09:00:00,29.26,1,1,0,230.91,9.67,1.971,1.048,0.883,0.4928,984.81,9060.23,260,906.02,1.585,1.104,0.061,0.02,0.0,0.305,0,0,Normal,2.24,3.3,0.73,0.0,0,None
2026-03-29 09:15:00,29.37,1,1,0,231.95,11.12,2.317,1.131,0.899,0.5792,985.39,9065.56,260,906.56,1.744,1.104,0.061,0.115,0.0,0.397,0,0,Normal,3.96,1.87,0.77,0.0,0,None
2026-03-29 09:30:00,29.1,1,1,0,231.19,10.9,2.218,1.195,0.88,0.5545,985.94,9070.66,260,907.07,1.628,1.104,0.057,0.117,0.0,0.416,0,0,Normal,3.56,3.11,0.39,0.0,0,None
2026-03-29 09:45:00,29.47,1,1,0,231.39,10.81,2.326,0.917,0.93,0.5815,986.52,9076.01,260,907.6,1.854,1.104,0.059,0.02,0.0,0.393,0,0,Normal,3.88,2.96,0.63,0.0,0,None
2026-03-29 10:00:00,31.92,1,1,0,231.07,16.02,3.343,1.592,0.903,0.8358,987.36,9083.7,260,908.37,2.813,1.104,0.043,0.02,0.0,0.467,0,0,Normal,2.28,2.4,0.84,0.0,0,None
2026-03-29 10:15:00,30.37,1,1,0,233.16,12.0,2.672,0.831,0.955,0.668,988.03,9089.85,260,908.98,2.223,1.104,0.058,0.02,0.0,0.371,0,0,Normal,2.57,1.58,0.63,0.0,0,None
2026-03-29 10:30:00,30.42,1,1,0,231.94,12.25,2.64,1.052,0.929,0.66,988.69,9095.92,260,909.59,2.163,1.104,0.065,0.02,0.0,0.392,0,0,Normal,4.12,1.18,0.89,0.0,0,None
2026-03-29 10:45:00,30.35,1,1,0,231.95,12.25,2.705,0.869,0.952,0.6762,989.36,9102.14,260,910.21,2.173,1.104,0.059,0.11,0.0,0.363,0,0,Normal,4.41,2.57,0.22,0.0,0,None
2026-03-29 11:00:00,33.11,0,1,0,232.24,1.53,0.314,0.164,0.886,0.0785,989.44,9102.86,260,910.29,0.0,1.104,0.053,0.123,0.0,0.138,0,0,Normal,4.23,1.98,0.5,0.0,0,None
2026-03-29 11:15:00,32.01,0,1,0,229.16,0.85,0.176,0.085,0.901,0.044,989.49,9103.27,260,910.33,0.0,1.104,0.035,0.02,0.0,0.121,0,0,Normal,3.91,2.89,0.37,0.0,0,None
2026-03-29 11:30:00,32.23,0,1,0,231.66,1.34,0.291,0.11,0.935,0.0728,989.56,9103.94,260,910.39,0.0,1.104,0.055,0.02,0.0,0.216,0,0,Normal,2.53,2.11,0.59,0.0,0,None
2026-03-29 11:45:00,32.04,0,1,0,230.3,1.11,0.246,0.073,0.959,0.0615,989.62,9104.5,260,910.45,0.0,1.104,0.052,0.02,0.0,0.174,0,0,Normal,2.23,3.96,0.87,0.0,0,None
2026-03-29 12:00:00,32.72,0,1,0,228.49,1.17,0.238,0.121,0.892,0.0595,989.68,9105.05,260,910.5,0.0,1.105,0.049,0.02,0.0,0.169,0,0,Normal,2.64,3.51,0.59,0.0,0,None
2026-03-29 12:15:00,33.08,0,1,0,229.97,1.61,0.346,0.131,0.935,0.0865,989.77,9105.84,260,910.58,0.0,1.105,0.048,0.116,0.0,0.182,0,0,Normal,2.9,1.15,0.39,0.0,0,None
2026-03-29 12:30:00,34.43,0,1,0,229.84,1.57,0.342,0.112,0.95,0.0855,989.85,9106.63,260,910.66,0.0,1.105,0.072,0.114,0.0,0.156,0,0,Normal,3.03,1.91,0.79,0.0,0,None
2026-03-29 12:45:00,33.89,0,1,0,230.96,1.34,0.277,0.14,0.892,0.0693,989.92,9107.27,260,910.73,0.0,1.105,0.03,0.02,0.0,0.227,0,0,Normal,2.89,2.75,0.29,0.0,0,None
2026-03-29 13:00:00,33.37,0,1,0,229.16,1.48,0.316,0.126,0.929,0.079,990.0,9108.0,260,910.8,0.0,1.105,0.048,0.02,0.0,0.248,0,0,Normal,2.46,2.04,0.58,0.0,0,None
2026-03-29 13:15:00,34.12,0,1,0,228.41,1.11,0.226,0.117,0.889,0.0565,990.06,9108.52,260,910.85,0.0,1.105,0.064,0.02,0.0,0.142,0,0,Normal,3.91,1.58,0.54,0.0,0,None
2026-03-29 13:30:00,33.38,0,1,0,229.86,1.3,0.28,0.102,0.94,0.07,990.13,9109.16,260,910.92,0.0,1.105,0.045,0.02,0.0,0.215,0,0,Normal,3.21,3.38,0.42,0.0,0,None
2026-03-29 13:45:00,32.91,0,1,0,226.95,1.28,0.277,0.09,0.951,0.0692,990.2,9109.8,260,910.98,0.0,1.105,0.046,0.124,0.0,0.107,0,0,Normal,3.94,1.08,0.35,0.0,0,None
2026-03-29 14:00:00,34.51,0,1,0,228.21,1.62,0.343,0.14,0.926,0.0857,990.28,9110.59,260,911.06,0.0,1.105,0.07,0.122,0.0,0.151,0,0,Normal,3.68,3.84,0.66,0.0,0,None
2026-03-29 14:15:00,34.58,0,1,0,229.39,1.01,0.215,0.086,0.928,0.0538,990.33,9111.08,260,911.11,0.0,1.105,0.048,0.02,0.0,0.147,0,0,Normal,3.33,3.53,0.39,0.0,0,None
2026-03-29 14:30:00,34.52,0,1,0,227.76,1.11,0.235,0.094,0.928,0.0588,990.39,9111.62,260,911.16,0.0,1.105,0.062,0.02,0.0,0.153,0,0,Normal,3.04,1.15,0.45,0.0,0,None
2026-03-29 14:45:00,33.77,0,1,0,228.28,1.52,0.312,0.154,0.897,0.078,990.47,9112.34,260,911.23,0.0,1.105,0.045,0.02,0.0,0.247,0,0,Normal,4.31,2.07,0.46,0.0,0,None
2026-03-29 15:00:00,33.71,1,1,0,227.34,19.23,3.964,1.843,0.907,0.991,991.46,9121.46,260,912.15,3.554,1.105,0.054,0.02,0.0,0.336,0,0,Normal,3.02,2.73,0.58,0.0,0,None
2026-03-29 15:15:00,34.17,1,1,0,226.88,21.47,4.294,2.298,0.882,1.0735,992.54,9131.33,260,913.13,3.75,1.105,0.058,0.125,0.0,0.361,0,0,Normal,3.5,1.85,0.32,0.0,0,None
2026-03-29 15:30:00,33.99,1,1,0,226.78,20.05,4.279,1.538,0.941,1.0698,993.61,9141.17,260,914.12,3.741,1.105,0.039,0.116,0.0,0.383,0,0,Normal,3.8,1.11,0.3,0.0,0,None
2026-03-29 15:45:00,33.6,1,1,0,227.1,20.01,4.109,1.941,0.904,1.0272,994.63,9150.62,260,915.06,3.601,1.105,0.058,0.02,0.0,0.43,0,0,Normal,2.45,2.42,0.76,0.0,0,None
2026-03-29 16:00:00,32.39,1,1,0,224.89,15.43,3.327,0.988,0.959,0.8318,995.46,9158.28,260,915.83,2.97,1.105,0.053,0.02,0.0,0.284,0,0,Normal,2.28,1.62,0.32,0.0,0,None
2026-03-29 16:15:00,33.25,1,1,0,226.67,18.83,3.869,1.804,0.906,0.9672,996.43,9167.17,260,916.72,3.311,1.105,0.061,0.02,0.0,0.477,0,0,Normal,2.92,3.99,0.41,0.0,0,None
2026-03-29 16:30:00,33.74,1,1,0,224.46,20.38,4.092,2.045,0.895,1.023,997.46,9176.59,260,917.66,3.614,1.105,0.051,0.02,0.0,0.407,0,0,Normal,4.43,1.13,0.28,0.0,0,None
2026-03-29 16:45:00,32.6,1,1,0,227.22,18.77,3.866,1.799,0.907,0.9665,998.42,9185.48,260,918.55,3.203,1.105,0.052,0.12,0.0,0.491,0,0,Normal,3.14,2.05,0.58,0.0,0,None
2026-03-29 17:00:00,32.56,1,1,0,226.31,16.75,3.586,1.231,0.946,0.8965,999.32,9193.73,260,919.37,3.014,1.105,0.062,0.115,0.0,0.395,0,0,Normal,2.05,2.99,0.86,0.0,0,None
2026-03-29 17:15:00,32.41,1,1,0,225.65,16.53,3.451,1.413,0.925,0.8628,1000.18,9201.66,260,920.17,3.004,1.105,0.053,0.02,0.0,0.374,0,0,Normal,3.32,2.43,0.36,0.0,0,None
2026-03-29 17:30:00,32.62,1,1,0,228.03,18.06,3.777,1.641,0.917,0.9442,1001.12,9210.35,260,921.03,3.202,1.105,0.04,0.02,0.0,0.515,0,0,Normal,2.68,2.14,0.68,0.0,0,None
2026-03-29 17:45:00,32.68,1,1,0,226.79,16.99,3.624,1.31,0.94,0.906,1002.03,9218.69,260,921.87,3.162,1.105,0.041,0.02,0.0,0.401,0,0,Normal,3.81,1.49,0.75,0.0,0,None
2026-03-29 18:00:00,30.65,1,1,1,224.24,14.92,3.142,1.146,0.939,0.7855,1002.82,9225.91,260,922.59,2.281,1.105,0.339,0.02,0.0,0.502,0,0,Normal,3.85,3.72,0.84,0.0,0,None
2026-03-29 18:15:00,30.19,1,1,1,226.66,13.34,2.782,1.182,0.92,0.6955,1003.51,9232.31,260,923.23,1.997,1.105,0.356,0.118,0.0,0.311,0,0,Normal,3.82,2.95,0.66,0.0,0,None
2026-03-29 18:30:00,30.73,1,1,1,225.7,14.46,3.122,0.949,0.957,0.7805,1004.29,9239.49,260,923.95,2.329,1.106,0.365,0.121,0.0,0.307,0,0,Normal,3.97,3.81,0.35,0.0,0,None
2026-03-29 18:45:00,31.44,1,1,1,224.1,16.15,3.364,1.332,0.93,0.841,1005.13,9247.23,260,924.72,2.644,1.106,0.351,0.02,0.0,0.349,0,0,Normal,4.19,1.35,0.97,0.0,0,None
2026-03-29 19:00:00,29.28,1,1,1,226.03,21.53,4.305,2.268,0.885,1.0762,1006.21,9257.13,260,925.71,1.719,1.106,0.354,0.02,1.835,0.377,0,0,Normal,2.92,1.76,0.23,0.0,0,None
2026-03-29 19:15:00,29.21,1,1,1,226.64,16.79,3.639,1.115,0.956,0.9098,1007.12,9265.5,260,926.55,1.687,1.106,0.344,0.02,1.319,0.269,0,0,Normal,4.06,2.01,0.99,0.0,0,None
2026-03-29 19:30:00,28.64,1,1,1,226.22,16.95,3.465,1.644,0.904,0.8662,1007.99,9273.47,260,927.35,1.383,1.106,0.331,0.02,1.387,0.344,0,0,Normal,3.02,1.21,0.36,0.0,0,None
2026-03-29 19:45:00,30.43,1,1,1,228.39,24.11,4.887,2.538,0.887,1.2218,1009.21,9284.71,260,928.47,2.216,1.106,0.365,0.129,1.773,0.404,0,0,Normal,4.28,3.63,0.41,0.0,0,None
2026-03-29 20:00:00,28.41,1,1,1,227.24,15.81,3.184,1.664,0.886,0.796,1010.0,9292.03,260,929.2,1.217,1.106,0.366,0.116,1.236,0.249,0,0,Normal,4.46,3.83,0.39,0.0,0,None
2026-03-29 20:15:00,28.38,1,1,1,224.8,18.16,3.853,1.346,0.944,0.9632,1010.97,9300.89,260,930.09,1.248,1.106,0.337,0.02,1.861,0.387,0,0,Normal,3.04,2.35,0.34,0.0,0,None
2026-03-29 20:30:00,28.48,1,1,1,225.35,18.03,3.89,1.173,0.957,0.9725,1011.94,9309.84,260,930.98,1.357,1.106,0.351,0.02,1.75,0.412,0,0,Normal,4.13,2.31,0.94,0.0,0,None
2026-03-29 20:45:00,28.29,1,1,1,227.09,16.71,3.491,1.486,0.92,0.8728,1012.81,9317.87,260,931.79,1.132,1.106,0.356,0.02,1.546,0.437,0,0,Normal,4.17,3.03,0.49,0.0,0,None
2026-03-29 21:00:00,26.32,1,1,1,226.81,12.59,2.703,0.92,0.947,0.6758,1013.49,9324.09,260,932.41,0.293,1.106,0.347,0.02,1.628,0.415,0,0,Normal,4.08,2.75,1.0,0.0,0,None
2026-03-29 21:15:00,26.37,1,1,1,226.27,14.32,2.954,1.333,0.911,0.7385,1014.23,9330.88,260,933.09,0.347,1.106,0.349,0.119,1.819,0.32,0,0,Normal,4.29,3.54,0.69,0.0,0,None
2026-03-29 21:30:00,26.23,1,1,1,226.41,14.08,2.924,1.273,0.917,0.731,1014.96,9337.61,260,933.76,0.353,1.106,0.354,0.122,1.697,0.398,0,0,Normal,2.23,2.4,0.98,0.0,0,None
2026-03-29 21:45:00,27.76,1,1,1,228.05,14.98,3.127,1.378,0.915,0.7817,1015.74,9344.8,260,934.48,1.023,1.106,0.345,0.02,1.315,0.424,0,0,Normal,4.39,2.18,0.83,0.0,0,None
2026-03-29 22:00:00,25.28,1,1,1,228.44,3.14,0.662,0.276,0.923,0.1655,1015.9,9346.32,260,934.63,0.0,1.106,0.356,0.02,0.0,0.286,0,0,Normal,2.78,2.89,0.96,0.0,0,None
2026-03-29 22:15:00,24.77,1,1,1,227.46,3.52,0.728,0.335,0.909,0.182,1016.09,9348.0,260,934.8,0.0,1.106,0.348,0.02,0.0,0.36,0,0,Normal,2.41,1.3,0.54,0.0,0,None
2026-03-29 22:30:00,25.23,1,1,1,228.56,3.25,0.697,0.258,0.938,0.1743,1016.26,9349.6,260,934.96,0.0,1.106,0.359,0.02,0.0,0.318,0,0,Normal,2.77,2.0,0.22,0.0,0,None
2026-03-29 22:45:00,24.49,1,1,1,227.26,4.02,0.851,0.33,0.932,0.2128,1016.47,9351.56,260,935.16,0.0,1.106,0.33,0.126,0.0,0.395,0,0,Normal,3.22,2.82,0.51,0.0,0,None
2026-03-29 23:00:00,24.51,1,1,1,230.11,3.79,0.786,0.378,0.901,0.1965,1016.67,9353.36,260,935.34,0.0,1.106,0.345,0.117,0.0,0.324,0,0,Normal,2.24,3.09,0.6,0.0,0,None
2026-03-29 23:15:00,23.43,1,1,1,227.87,3.88,0.787,0.401,0.891,0.1967,1016.87,9355.17,260,935.52,0.0,1.106,0.36,0.02,0.0,0.407,0,0,Normal,3.45,1.06,0.21,0.0,0,None
2026-03-29 23:30:00,24.01,1,1,1,230.33,3.53,0.737,0.341,0.907,0.1842,1017.05,9356.87,260,935.69,0.0,1.106,0.35,0.02,0.0,0.367,0,0,Normal,2.72,1.2,0.92,0.0,0,None
2026-03-29 23:45:00,24.29,1,1,1,232.28,3.77,0.836,0.262,0.954,0.209,1017.26,9358.79,260,935.88,0.0,1.106,0.347,0.02,0.0,0.469,0,0,Normal,3.8,3.68,0.36,0.0,0,None
2026-03-30 00:00:00,23.0,1,0,0,230.67,3.92,0.816,0.39,0.902,0.204,1017.46,9360.67,260,936.07,0.0,1.106,0.337,0.02,0.0,0.459,0,0,Normal,3.6,3.26,0.97,0.0,0,None
2026-03-30 00:15:00,22.85,1,0,0,230.33,4.07,0.827,0.443,0.881,0.2068,1017.67,9362.57,260,936.26,0.0,1.106,0.362,0.123,0.0,0.342,0,0,Normal,2.11,1.35,0.7,0.0,0,None
2026-03-30 00:30:00,22.81,1,0,0,231.99,3.73,0.786,0.361,0.909,0.1965,1017.87,9364.38,260,936.44,0.0,1.106,0.358,0.129,0.0,0.299,0,0,Normal,4.22,3.65,0.55,0.0,0,None
2026-03-30 00:45:00,22.78,1,0,0,231.13,4.02,0.833,0.413,0.896,0.2082,1018.08,9366.29,260,936.63,0.0,1.106,0.357,0.02,0.0,0.456,0,0,Normal,3.76,1.5,0.84,0.0,0,None
2026-03-30 01:00:00,21.92,1,0,0,232.7,3.34,0.692,0.356,0.889,0.173,1018.25,9367.89,260,936.79,0.0,1.107,0.329,0.02,0.0,0.343,0,0,Normal,2.14,2.49,0.82,0.0,0,None
2026-03-30 01:15:00,21.98,1,0,0,230.74,3.47,0.713,0.362,0.892,0.1783,1018.43,9369.53,260,936.95,0.0,1.107,0.352,0.02,0.0,0.341,0,0,Normal,3.52,2.62,0.31,0.0,0,None
2026-03-30 01:30:00,22.94,1,0,0,230.94,3.46,0.721,0.343,0.903,0.1803,1018.61,9371.18,260,937.12,0.0,1.107,0.337,0.02,0.0,0.364,0,0,Normal,3.5,2.04,0.35,0.0,0,None
2026-03-30 01:45:00,22.15,1,0,0,230.6,3.51,0.763,0.269,0.943,0.1907,1018.8,9372.94,260,937.29,0.0,1.107,0.348,0.125,0.0,0.29,0,0,Normal,2.32,2.01,0.46,0.0,0,None
2026-03-30 02:00:00,21.61,1,0,0,231.9,3.37,0.706,0.338,0.902,0.1765,1018.97,9374.56,260,937.46,0.0,1.107,0.36,0.125,0.0,0.221,0,0,Normal,3.73,2.7,0.99,0.0,0,None
2026-03-30 02:15:00,21.74,1,0,0,232.94,3.38,0.75,0.239,0.953,0.1875,1019.16,9376.29,260,937.63,0.0,1.107,0.344,0.02,0.0,0.386,0,0,Normal,3.17,1.44,0.89,0.0,0,None
2026-03-30 02:30:00,22.55,1,0,0,234.18,3.34,0.713,0.32,0.912,0.1783,1019.34,9377.93,260,937.79,0.0,1.107,0.339,0.02,0.0,0.354,0,0,Normal,3.06,3.78,0.28,0.0,0,None
2026-03-30 02:45:00,22.34,1,0,0,232.29,3.03,0.667,0.222,0.949,0.1668,1019.51,9379.46,260,937.95,0.0,1.107,0.354,0.02,0.0,0.293,0,0,Normal,2.45,1.88,0.85,0.0,0,None
2026-03-30 03:00:00,22.48,1,0,0,232.39,3.19,0.672,0.31,0.908,0.168,1019.67,9381.01,260,938.1,0.0,1.107,0.332,0.02,0.0,0.32,0,0,Normal,2.28,2.25,0.55,0.0,0,None
2026-03-30 03:15:00,22.08,1,0,0,234.49,4.28,0.931,0.377,0.927,0.2328,1019.91,9383.15,260,938.31,0.0,1.107,0.35,0.125,0.0,0.456,0,0,Normal,3.19,1.53,0.93,0.0,0,None
2026-03-30 03:30:00,22.49,1,0,0,232.69,4.44,0.944,0.418,0.915,0.236,1020.14,9385.32,260,938.53,0.0,1.107,0.353,0.126,0.0,0.465,0,0,Normal,3.86,1.75,0.41,0.0,0,None
2026-03-30 03:45:00,21.88,1,0,0,232.5,3.28,0.713,0.269,0.936,0.1783,1020.32,9386.96,260,938.7,0.0,1.107,0.352,0.02,0.0,0.341,0,0,Normal,4.15,3.41,0.95,0.0,0,None
2026-03-30 04:00:00,22.67,1,0,0,233.85,3.04,0.68,0.211,0.955,0.17,1020.49,9388.52,260,938.85,0.0,1.107,0.354,0.02,0.0,0.306,0,0,Normal,3.18,3.53,0.44,0.0,0,None
2026-03-30 04:15:00,23.29,1,0,0,233.19,3.27,0.731,0.215,0.959,0.1828,1020.67,9390.21,260,939.02,0.0,1.107,0.338,0.02,0.0,0.373,0,0,Normal,3.04,1.69,0.74,0.0,0,None
2026-03-30 04:30:00,23.24,1,0,0,233.04,3.26,0.712,0.266,0.937,0.178,1020.85,9391.84,260,939.18,0.0,1.107,0.341,0.02,0.0,0.351,0,0,Normal,2.51,3.76,0.57,0.0,0,None
2026-03-30 04:45:00,22.31,1,0,0,232.2,4.84,1.01,0.495,0.898,0.2525,1021.1,9394.17,260,939.42,0.0,1.107,0.36,0.127,0.0,0.523,0,0,Normal,3.44,1.54,0.29,0.0,0,None
2026-03-30 05:00:00,23.33,1,0,0,233.28,3.91,0.866,0.286,0.95,0.2165,1021.32,9396.16,260,939.62,0.0,1.107,0.358,0.123,0.0,0.385,0,0,Normal,3.36,2.97,0.54,0.0,0,None
2026-03-30 05:15:00,23.81,1,0,0,234.29,3.85,0.797,0.423,0.883,0.1992,1021.52,9397.99,260,939.8,0.0,1.107,0.347,0.02,0.0,0.43,0,0,Normal,4.27,3.17,0.83,0.0,0,None
2026-03-30 05:30:00,24.62,1,0,0,233.7,3.19,0.701,0.252,0.941,0.1753,1021.7,9399.6,260,939.96,0.0,1.107,0.345,0.02,0.0,0.336,0,0,Normal,2.39,1.8,0.65,0.0,0,None
2026-03-30 05:45:00,22.8,1,0,0,234.69,3.97,0.823,0.436,0.884,0.2058,1021.9,9401.5,260,940.15,0.0,1.107,0.357,0.02,0.0,0.446,0,0,Normal,3.85,1.97,0.51,0.0,0,None
2026-03-30 06:00:00,25.14,1,0,0,235.23,9.71,2.041,1.024,0.894,0.5102,1022.41,9406.19,260,940.62,0.0,1.107,0.344,0.02,1.23,0.447,0,0,Normal,4.29,2.57,0.54,0.0,0,None
2026-03-30 06:15:00,24.31,1,0,0,234.68,12.46,2.739,1.024,0.937,0.6848,1023.1,9412.49,260,941.25,0.0,1.107,0.354,0.115,1.961,0.309,0,0,Normal,3.76,2.95,0.79,0.0,0,None
2026-03-30 06:30:00,24.68,1,0,0,234.8,9.98,2.152,0.928,0.918,0.538,1023.63,9417.44,260,941.74,0.0,1.107,0.337,0.133,1.25,0.432,0,0,Normal,3.39,1.48,0.31,0.0,0,None
2026-03-30 06:45:00,24.82,1,0,0,234.23,11.19,2.511,0.751,0.958,0.6277,1024.26,9423.22,260,942.32,0.0,1.107,0.342,0.02,1.797,0.352,0,0,Normal,2.7,3.77,0.39,0.0,0,None
2026-03-30 07:00:00,26.24,1,0,0,233.31,11.2,2.36,1.122,0.903,0.59,1024.85,9428.64,260,942.86,0.296,1.107,0.062,0.02,1.497,0.485,0,0,Normal,4.49,2.57,0.84,0.0,0,None
2026-03-30 07:15:00,26.18,1,0,0,233.52,12.18,2.709,0.865,0.953,0.6772,1025.53,9434.87,260,943.49,0.368,1.107,0.055,0.02,1.833,0.433,0,0,Normal,2.23,1.24,0.65,0.0,0,None
2026-03-30 07:30:00,26.45,1,0,0,235.11,12.4,2.63,1.26,0.902,0.6575,1026.19,9440.92,260,944.09,0.397,1.107,0.044,0.02,1.933,0.236,0,0,Normal,3.15,2.67,0.77,0.0,0,None
2026-03-30 07:45:00,26.18,1,0,0,232.72,10.82,2.266,1.096,0.9,0.5665,1026.75,9446.13,260,944.61,0.266,1.108,0.041,0.12,1.501,0.338,0,0,Normal,3.22,2.05,0.8,0.0,0,None
2026-03-30 08:00:00,27.27,1,0,0,230.07,14.45,3.021,1.386,0.909,0.7552,1027.51,9453.08,260,945.31,0.73,1.108,0.055,0.116,1.735,0.385,0,0,Normal,2.45,2.17,0.68,0.0,0,None
2026-03-30 08:15:00,28.39,1,0,0,235.39,15.26,3.448,1.008,0.96,0.862,1028.37,9461.01,260,946.1,1.267,1.108,0.045,0.02,1.678,0.438,0,0,Normal,3.57,1.85,0.76,0.0,0,None
2026-03-30 08:30:00,28.38,1,0,0,234.51,15.76,3.266,1.731,0.884,0.8165,1029.19,9468.52,260,946.85,1.252,1.108,0.041,0.02,1.555,0.398,0,0,Normal,3.51,3.87,0.43,0.0,0,None
2026-03-30 08:45:00,28.42,1,0,0,232.32,17.23,3.67,1.599,0.917,0.9175,1030.1,9476.97,260,947.7,1.28,1.108,0.047,0.02,1.987,0.336,0,0,Normal,2.29,3.65,0.3,0.0,0,None
2026-03-30 09:00:00,28.78,0,0,0,234.01,1.09,0.243,0.08,0.949,0.0608,1030.17,9477.52,260,947.75,0.0,1.108,0.035,0.02,0.0,0.188,0,0,Normal,2.86,1.16,0.78,0.0,0,None
2026-03-30 09:15:00,29.7,0,0,0,233.85,1.82,0.39,0.168,0.918,0.0975,1030.26,9478.42,260,947.84,0.0,1.108,0.053,0.118,0.0,0.219,0,0,Normal,2.62,1.01,0.67,0.0,0,None
2026-03-30 09:30:00,29.89,0,0,0,230.84,1.26,0.259,0.134,0.888,0.0648,1030.33,9479.02,260,947.9,0.0,1.108,0.052,0.119,0.0,0.088,0,0,Normal,3.04,1.24,0.41,0.0,0,None
2026-03-30 09:45:00,29.04,0,0,0,230.45,1.33,0.274,0.14,0.891,0.0685,1030.4,9479.65,260,947.96,0.0,1.108,0.061,0.02,0.0,0.193,0,0,Normal,3.33,1.4,0.66,0.0,0,None
2026-03-30 10:00:00,31.0,0,0,0,231.4,1.26,0.276,0.096,0.945,0.069,1030.47,9480.28,260,948.03,0.0,1.108,0.049,0.02,0.0,0.207,0,0,Normal,4.45,2.64,0.76,0.0,0,None
2026-03-30 10:15:00,30.94,0,0,0,230.83,0.94,0.199,0.084,0.922,0.0498,1030.52,9480.74,260,948.07,0.0,1.108,0.031,0.02,0.0,0.148,0,0,Normal,3.2,1.9,0.76,0.0,0,None
2026-03-30 10:30:00,31.92,0,0,0,231.09,0.87,0.18,0.089,0.896,0.045,1030.56,9481.15,260,948.12,0.0,1.108,0.047,0.02,0.0,0.113,0,0,Normal,4.49,1.02,0.67,0.0,0,None
2026-03-30 10:45:00,31.96,0,0,0,231.69,1.55,0.338,0.123,0.94,0.0845,1030.64,9481.93,260,948.19,0.0,1.108,0.038,0.124,0.0,0.176,0,0,Normal,4.01,3.95,0.36,0.0,0,None
2026-03-30 11:00:00,31.41,0,0,0,231.61,1.77,0.385,0.143,0.937,0.0962,1030.74,9482.82,260,948.28,0.0,1.108,0.045,0.121,0.0,0.219,0,0,Normal,4.17,1.34,0.51,0.0,0,None
2026-03-30 11:15:00,33.49,0,0,0,230.86,1.33,0.294,0.088,0.958,0.0735,1030.81,9483.49,260,948.35,0.0,1.108,0.055,0.02,0.0,0.219,0,0,Normal,4.06,3.44,0.54,0.0,0,None
2026-03-30 11:30:00,31.79,0,0,0,230.94,1.21,0.25,0.124,0.896,0.0625,1030.88,9484.07,260,948.41,0.0,1.108,0.042,0.02,0.0,0.188,0,0,Normal,3.66,1.46,0.23,0.0,0,None
2026-03-30 11:45:00,32.73,0,0,0,228.18,1.18,0.248,0.103,0.923,0.062,1030.94,9484.64,260,948.46,0.0,1.108,0.034,0.02,0.0,0.194,0,0,Normal,4.4,3.49,0.66,0.0,0,None
2026-03-30 12:00:00,33.68,0,0,0,229.31,1.1,0.233,0.095,0.926,0.0582,1031.0,9485.17,260,948.52,0.0,1.108,0.049,0.02,0.0,0.164,0,0,Normal,2.98,1.57,0.44,0.0,0,None
2026-03-30 12:15:00,32.7,0,0,0,229.78,1.8,0.372,0.183,0.898,0.093,1031.09,9486.03,260,948.6,0.0,1.108,0.048,0.123,0.0,0.201,0,0,Normal,3.01,3.42,0.91,0.0,0,None
2026-03-30 12:30:00,33.44,0,0,0,228.0,1.7,0.347,0.175,0.893,0.0867,1031.18,9486.83,260,948.68,0.0,1.108,0.053,0.115,0.0,0.179,0,0,Normal,4.15,2.17,0.39,0.0,0,None
2026-03-30 12:45:00,33.14,0,0,0,230.36,1.45,0.319,0.096,0.958,0.0798,1031.26,9487.56,260,948.76,0.0,1.108,0.052,0.02,0.0,0.247,0,0,Normal,2.09,3.47,0.53,0.0,0,None
2026-03-30 13:00:00,34.07,0,0,0,228.39,1.22,0.262,0.095,0.94,0.0655,1031.32,9488.16,260,948.82,0.0,1.108,0.046,0.02,0.0,0.196,0,0,Normal,3.02,2.83,0.68,0.0,0,None
2026-03-30 13:15:00,33.91,0,0,0,227.05,0.94,0.203,0.068,0.948,0.0508,1031.37,9488.63,260,948.86,0.0,1.108,0.045,0.02,0.0,0.138,0,0,Normal,4.11,1.88,0.33,0.0,0,None
2026-03-30 13:30:00,34.39,0,0,0,226.7,0.84,0.169,0.087,0.89,0.0422,1031.42,9489.02,260,948.9,0.0,1.108,0.047,0.02,0.0,0.102,0,0,Normal,2.91,1.49,0.39,0.0,0,None
2026-03-30 13:45:00,33.83,0,0,0,229.62,1.78,0.373,0.168,0.912,0.0932,1031.51,9489.88,260,948.99,0.0,1.108,0.049,0.116,0.0,0.208,0,0,Normal,2.03,1.4,0.92,0.0,0,None
2026-03-30 14:00:00,33.92,0,0,0,229.21,1.61,0.329,0.167,0.892,0.0822,1031.59,9490.63,260,949.06,0.0,1.108,0.065,0.118,0.0,0.146,0,0,Normal,3.18,2.19,0.78,0.0,0,None
2026-03-30 14:15:00,34.55,0,0,0,228.18,0.75,0.16,0.059,0.937,0.04,1031.63,9491.0,260,949.1,0.0,1.109,0.056,0.02,0.0,0.084,0,0,Normal,3.74,1.69,0.39,0.0,0,None
2026-03-30 14:30:00,34.29,0,0,0,227.38,1.02,0.211,0.094,0.913,0.0528,1031.68,9491.49,260,949.15,0.0,1.109,0.043,0.02,0.0,0.148,0,0,Normal,3.41,2.44,0.7,0.0,0,None
2026-03-30 14:45:00,34.37,0,0,0,227.32,0.97,0.208,0.072,0.945,0.052,1031.74,9491.97,260,949.2,0.0,1.109,0.045,0.02,0.0,0.143,0,0,Normal,4.35,2.69,0.95,0.0,0,None
2026-03-30 15:00:00,33.46,0,0,0,227.03,1.2,0.261,0.081,0.955,0.0652,1031.8,9492.57,260,949.26,0.0,1.109,0.04,0.02,0.0,0.201,0,0,Normal,2.1,2.92,0.54,0.0,0,None
2026-03-30 15:15:00,33.27,0,0,0,226.66,1.23,0.25,0.122,0.899,0.0625,1031.86,9493.14,260,949.31,0.0,1.109,0.041,0.128,0.0,0.081,0,0,Normal,3.1,3.45,0.25,0.0,0,None
2026-03-30 15:30:00,33.51,0,0,0,225.05,1.55,0.322,0.133,0.924,0.0805,1031.94,9493.88,260,949.39,0.0,1.109,0.037,0.122,0.0,0.163,0,0,Normal,3.54,1.94,0.5,0.0,0,None
2026-03-30 15:45:00,33.49,0,0,0,226.7,0.81,0.171,0.066,0.932,0.0427,1031.99,9494.28,260,949.43,0.0,1.109,0.058,0.02,0.0,0.093,0,0,Normal,2.24,3.11,0.94,0.0,0,None
2026-03-30 16:00:00,33.59,0,0,0,226.92,0.95,0.202,0.074,0.939,0.0505,1032.04,9494.74,260,949.47,0.0,1.109,0.05,0.02,0.0,0.132,0,0,Normal,3.93,1.97,0.97,0.0,0,None
2026-03-30 16:15:00,33.68,0,0,0,224.83,1.24,0.257,0.109,0.921,0.0642,1032.1,9495.33,260,949.53,0.0,1.109,0.025,0.02,0.0,0.212,0,0,Normal,3.27,2.18,0.42,0.0,0,None
2026-03-30 16:30:00,33.12,0,0,0,228.17,1.42,0.301,0.12,0.929,0.0752,1032.18,9496.02,260,949.6,0.0,1.109,0.057,0.02,0.0,0.224,0,0,Normal,3.15,1.57,0.46,0.0,0,None
2026-03-30 16:45:00,33.91,0,0,0,224.68,1.21,0.26,0.076,0.959,0.065,1032.24,9496.62,260,949.66,0.0,1.109,0.037,0.123,0.0,0.1,0,0,Normal,2.48,1.58,0.97,0.0,0,None
2026-03-30 17:00:00,32.93,0,0,0,225.61,1.39,0.29,0.118,0.926,0.0725,1032.31,9497.29,260,949.73,0.0,1.109,0.055,0.118,0.0,0.117,0,0,Normal,4.28,2.71,0.2,0.0,0,None
2026-03-30 17:15:00,32.36,0,0,0,226.41,1.16,0.246,0.092,0.936,0.0615,1032.38,9497.85,260,949.79,0.0,1.109,0.062,0.02,0.0,0.164,0,0,Normal,3.7,3.15,0.25,0.0,0,None
2026-03-30 17:30:00,31.83,0,0,0,226.96,1.49,0.3,0.157,0.886,0.075,1032.45,9498.54,260,949.85,0.0,1.109,0.046,0.02,0.0,0.234,0,0,Normal,2.48,3.17,0.81,0.0,0,None
2026-03-30 17:45:00,33.03,0,0,0,224.29,1.52,0.308,0.145,0.904,0.077,1032.53,9499.25,260,949.93,0.0,1.109,0.041,0.02,0.0,0.247,0,0,Normal,3.55,1.44,0.88,0.0,0,None
2026-03-30 18:00:00,30.97,1,0,1,227.61,14.68,3.175,1.039,0.95,0.7938,1033.32,9506.56,260,950.66,2.491,1.109,0.349,0.02,0.0,0.315,0,0,Normal,4.2,2.64,0.5,0.0,0,None
2026-03-30 18:15:00,31.06,1,0,1,225.66,15.44,3.314,1.078,0.951,0.8285,1034.15,9514.18,260,951.42,2.454,1.109,0.359,0.112,0.0,0.389,0,0,Normal,3.55,2.23,0.51,0.0,0,None
2026-03-30 18:30:00,30.83,1,0,1,226.59,15.71,3.393,1.078,0.953,0.8482,1035.0,9521.98,260,952.2,2.46,1.109,0.349,0.124,0.0,0.46,0,0,Normal,2.55,3.69,0.6,0.0,0,None
2026-03-30 18:45:00,30.56,1,0,1,226.77,14.14,2.865,1.44,0.894,0.7163,1035.71,9528.57,260,952.86,2.165,1.109,0.367,0.02,0.0,0.313,0,0,Normal,4.29,1.77,0.38,0.0,0,None
2026-03-30 19:00:00,28.82,1,0,1,225.58,16.35,3.522,1.098,0.955,0.8805,1036.59,9536.67,260,953.67,1.398,1.109,0.336,0.02,1.547,0.221,0,0,Normal,2.95,3.44,0.56,0.0,0,None
2026-03-30 19:15:00,29.87,1,0,1,226.96,17.97,3.896,1.203,0.955,0.974,1037.57,9545.63,260,954.56,1.936,1.109,0.339,0.02,1.309,0.292,0,0,Normal,2.4,1.87,0.76,0.0,0,None
2026-03-30 19:30:00,29.16,1,0,1,227.36,21.71,4.452,2.131,0.902,1.113,1038.68,9555.87,260,955.59,1.7,1.109,0.351,0.02,1.886,0.495,0,0,Normal,3.53,2.59,0.2,0.0,0,None
2026-03-30 19:45:00,31.08,1,0,1,227.94,23.73,4.888,2.318,0.904,1.222,1039.9,9567.11,260,956.71,2.467,1.109,0.342,0.121,1.584,0.374,0,0,Normal,4.08,1.26,0.59,0.0,0,None
2026-03-30 20:00:00,27.46,1,0,1,226.26,16.45,3.515,1.223,0.944,0.8788,1040.78,9575.2,260,957.52,0.843,1.109,0.338,0.121,1.94,0.273,0,0,Normal,2.51,3.57,0.93,0.0,0,None
2026-03-30 20:15:00,27.37,1,0,1,225.85,15.84,3.369,1.205,0.942,0.8422,1041.62,9582.95,260,958.29,0.854,1.109,0.355,0.02,1.778,0.362,0,0,Normal,2.04,3.31,0.48,0.0,0,None
2026-03-30 20:30:00,28.26,1,0,1,227.82,18.59,3.902,1.649,0.921,0.9755,1042.6,9591.92,260,959.19,1.256,1.109,0.349,0.02,1.953,0.324,0,0,Normal,4.13,1.68,0.31,0.0,0,None
2026-03-30 20:45:00,28.76,1,0,1,229.03,17.95,3.812,1.538,0.927,0.953,1043.55,9600.69,260,960.07,1.4,1.11,0.346,0.02,1.583,0.463,0,0,Normal,2.39,2.23,0.37,0.0,0,None
2026-03-30 21:00:00,26.48,1,0,1,225.87,15.17,3.052,1.556,0.891,0.763,1044.32,9607.71,260,960.77,0.384,1.11,0.357,0.02,1.925,0.366,0,0,Normal,3.39,1.25,0.51,0.0,0,None
2026-03-30 21:15:00,26.73,1,0,1,228.21,12.92,2.811,0.893,0.953,0.7028,1045.02,9614.17,260,961.42,0.527,1.11,0.354,0.12,1.449,0.361,0,0,Normal,2.01,1.81,0.73,0.0,0,None
2026-03-30 21:30:00,25.53,1,0,1,228.44,12.96,2.743,1.115,0.926,0.6858,1045.7,9620.48,260,962.05,0.056,1.11,0.348,0.121,1.852,0.366,0,0,Normal,2.42,1.27,0.84,0.0,0,None
2026-03-30 21:45:00,26.11,1,0,1,226.6,11.36,2.297,1.162,0.892,0.5742,1046.28,9625.77,260,962.58,0.226,1.11,0.34,0.02,1.313,0.398,0,0,Normal,2.87,2.17,0.88,0.0,0,None
2026-03-30 22:00:00,24.46,1,0,1,228.04,3.63,0.737,0.379,0.889,0.1842,1046.46,9627.46,260,962.75,0.0,1.11,0.347,0.02,0.0,0.37,0,0,Normal,4.4,2.98,0.9,0.0,0,None
2026-03-30 22:15:00,24.05,1,0,1,228.0,3.26,0.707,0.231,0.95,0.1768,1046.64,9629.09,260,962.91,0.0,1.11,0.347,0.02,0.0,0.34,0,0,Normal,3.06,3.94,0.37,0.0,0,None
2026-03-30 22:30:00,25.06,1,0,1,229.47,3.62,0.744,0.368,0.896,0.186,1046.83,9630.8,260,963.08,0.0,1.11,0.359,0.02,0.0,0.365,0,0,Normal,4.04,2.17,0.46,0.0,0,None
2026-03-30 22:45:00,23.88,1,0,1,229.69,4.47,0.914,0.467,0.891,0.2285,1047.05,9632.9,260,963.29,0.0,1.11,0.354,0.119,0.0,0.441,0,0,Normal,4.06,1.55,0.28,0.0,0,None
2026-03-30 23:00:00,23.1,1,0,1,228.7,3.64,0.737,0.388,0.885,0.1842,1047.24,9634.6,260,963.46,0.0,1.11,0.361,0.115,0.0,0.261,0,0,Normal,3.49,3.7,0.48,0.0,0,None
2026-03-30 23:15:00,23.49,1,0,1,227.66,4.09,0.848,0.383,0.911,0.212,1047.45,9636.55,260,963.65,0.0,1.11,0.354,0.02,0.0,0.474,0,0,Normal,4.36,3.11,0.38,0.0,0,None
2026-03-30 23:30:00,23.34,1,0,1,228.69,3.94,0.816,0.383,0.905,0.204,1047.65,9638.42,260,963.84,0.0,1.11,0.355,0.02,0.0,0.441,0,0,Normal,4.37,2.18,0.64,0.0,0,None
2026-03-30 23:45:00,23.96,1,0,1,229.23,4.13,0.859,0.396,0.908,0.2148,1047.87,9640.4,260,964.04,0.0,1.11,0.365,0.02,0.0,0.474,0,0,Normal,2.1,2.38,0.88,0.0,0,None
2026-03-31 00:00:00,22.96,1,0,0,227.05,4.16,0.869,0.37,0.92,0.2172,1048.09,9642.4,260,964.24,0.0,1.11,0.368,0.02,0.0,0.481,0,0,Normal,3.21,2.13,0.51,0.0,0,None
2026-03-31 00:15:00,23.25,1,0,0,231.33,4.01,0.831,0.414,0.895,0.2078,1048.29,9644.31,260,964.43,0.0,1.11,0.328,0.113,0.0,0.39,0,0,Normal,3.77,1.29,0.56,0.0,0,None
2026-03-31 00:30:00,23.18,1,0,0,229.95,3.96,0.81,0.417,0.889,0.2025,1048.5,9646.17,260,964.62,0.0,1.11,0.333,0.127,0.0,0.35,0,0,Normal,3.61,2.25,0.48,0.0,0,None
2026-03-31 00:45:00,23.37,1,0,0,232.4,3.39,0.748,0.247,0.95,0.187,1048.68,9647.89,260,964.79,0.0,1.11,0.364,0.02,0.0,0.364,0,0,Normal,2.94,2.34,0.41,0.0,0,None
2026-03-31 01:00:00,22.2,1,0,0,228.92,2.96,0.634,0.238,0.936,0.1585,1048.84,9649.35,260,964.94,0.0,1.11,0.353,0.02,0.0,0.261,0,0,Normal,2.42,3.75,0.85,0.0,0,None
2026-03-31 01:15:00,22.36,1,0,0,230.49,3.07,0.631,0.321,0.891,0.1578,1049.0,9650.8,260,965.08,0.0,1.11,0.369,0.02,0.0,0.242,0,0,Normal,4.2,2.17,0.88,0.0,0,None
2026-03-31 01:30:00,22.46,1,0,0,231.95,3.09,0.685,0.213,0.955,0.1713,1049.17,9652.38,260,965.24,0.0,1.11,0.353,0.02,0.0,0.312,0,0,Normal,2.36,2.59,0.33,0.0,0,None
2026-03-31 01:45:00,22.28,1,0,0,232.27,4.02,0.824,0.441,0.882,0.206,1049.38,9654.27,260,965.43,0.0,1.11,0.357,0.122,0.0,0.345,0,0,Normal,3.57,2.92,0.77,0.0,0,None
2026-03-31 02:00:00,21.8,1,0,0,229.02,4.1,0.891,0.295,0.949,0.2228,1049.6,9656.32,260,965.63,0.0,1.11,0.361,0.113,0.0,0.417,0,0,Normal,2.35,1.42,0.99,0.0,0,None
2026-03-31 02:15:00,21.83,1,0,0,231.14,3.08,0.662,0.263,0.929,0.1655,1049.77,9657.84,260,965.78,0.0,1.11,0.355,0.02,0.0,0.287,0,0,Normal,3.9,3.46,0.28,0.0,0,None
2026-03-31 02:30:00,21.59,1,0,0,232.44,3.84,0.823,0.344,0.923,0.2058,1049.97,9659.74,260,965.97,0.0,1.11,0.361,0.02,0.0,0.442,0,0,Normal,4.5,1.15,0.61,0.0,0,None
2026-03-31 02:45:00,22.21,1,0,0,232.51,3.36,0.717,0.312,0.917,0.1792,1050.15,9661.39,260,966.14,0.0,1.11,0.351,0.02,0.0,0.346,0,0,Normal,4.07,2.16,0.98,0.0,0,None
2026-03-31 03:00:00,22.16,1,0,0,231.53,3.51,0.726,0.366,0.893,0.1815,1050.33,9663.06,260,966.31,0.0,1.11,0.35,0.02,0.0,0.356,0,0,Normal,2.34,3.48,0.65,0.0,0,None
2026-03-31 03:15:00,21.87,1,0,0,234.21,4.38,0.953,0.382,0.928,0.2382,1050.57,9665.25,260,966.52,0.0,1.111,0.357,0.113,0.0,0.483,0,0,Normal,4.25,1.97,0.94,0.0,0,None
2026-03-31 03:30:00,21.87,1,0,0,234.0,4.29,0.917,0.41,0.913,0.2292,1050.8,9667.36,260,966.74,0.0,1.111,0.352,0.125,0.0,0.44,0,0,Normal,2.4,1.36,0.22,0.0,0,None
2026-03-31 03:45:00,21.6,1,0,0,232.95,3.23,0.717,0.232,0.952,0.1792,1050.98,9669.01,260,966.9,0.0,1.111,0.345,0.02,0.0,0.352,0,0,Normal,4.42,1.19,0.89,0.0,0,None
2026-03-31 04:00:00,23.29,1,0,0,230.79,3.45,0.764,0.224,0.96,0.191,1051.17,9670.76,260,967.08,0.0,1.111,0.341,0.02,0.0,0.403,0,0,Normal,2.19,3.56,0.6,0.0,0,None
2026-03-31 04:15:00,22.84,1,0,0,235.1,3.3,0.69,0.354,0.89,0.1725,1051.34,9672.35,260,967.24,0.0,1.111,0.358,0.02,0.0,0.312,0,0,Normal,2.71,2.7,0.42,0.0,0,None
2026-03-31 04:30:00,22.37,1,0,0,233.7,3.78,0.829,0.307,0.938,0.2072,1051.55,9674.26,260,967.43,0.0,1.111,0.371,0.02,0.0,0.438,0,0,Normal,2.02,2.71,0.84,0.0,0,None
2026-03-31 04:45:00,23.21,1,0,0,235.43,4.19,0.926,0.343,0.938,0.2315,1051.78,9676.39,260,967.64,0.0,1.111,0.361,0.116,0.0,0.449,0,0,Normal,3.03,3.37,0.56,0.0,0,None
2026-03-31 05:00:00,23.48,1,0,0,233.0,4.52,0.958,0.436,0.91,0.2395,1052.02,9678.59,260,967.86,0.0,1.111,0.359,0.12,0.0,0.479,0,0,Normal,3.75,1.57,0.22,0.0,0,None
2026-03-31 05:15:00,23.05,1,0,0,234.64,2.79,0.62,0.209,0.948,0.155,1052.18,9680.02,260,968.0,0.0,1.111,0.343,0.02,0.0,0.257,0,0,Normal,3.49,2.36,0.62,0.0,0,None
2026-03-31 05:30:00,24.27,1,0,0,235.2,3.27,0.681,0.357,0.886,0.1703,1052.35,9681.58,260,968.16,0.0,1.111,0.339,0.02,0.0,0.322,0,0,Normal,4.1,3.69,0.58,0.0,0,None
2026-03-31 05:45:00,23.49,1,0,0,230.36,3.14,0.671,0.268,0.929,0.1678,1052.51,9683.13,260,968.31,0.0,1.111,0.356,0.02,0.0,0.295,0,0,Normal,4.39,3.97,0.48,0.0,0,None
2026-03-31 06:00:00,24.8,1,0,0,234.37,10.48,2.272,0.931,0.925,0.568,1053.08,9688.35,260,968.84,0.0,1.111,0.357,0.02,1.562,0.333,0,0,Normal,3.16,2.67,0.56,0.0,0,None
2026-03-31 06:15:00,25.02,1,0,0,231.5,12.82,2.668,1.299,0.899,0.667,1053.75,9694.49,260,969.45,0.0,1.111,0.338,0.115,1.801,0.414,0,0,Normal,2.74,3.63,0.43,0.0,0,None
2026-03-31 06:30:00,25.57,1,0,0,233.26,10.98,2.444,0.769,0.954,0.611,1054.36,9700.11,260,970.01,0.158,1.111,0.342,0.123,1.504,0.317,0,0,Normal,2.88,1.03,0.71,0.0,0,None
2026-03-31 06:45:00,25.01,1,0,0,234.85,10.5,2.327,0.817,0.944,0.5818,1054.94,9705.46,260,970.55,0.0,1.111,0.346,0.02,1.678,0.283,0,0,Normal,3.54,1.68,0.35,0.0,0,None
2026-03-31 07:00:00,25.85,1,0,0,232.29,10.13,2.239,0.725,0.951,0.5598,1055.5,9710.61,260,971.06,0.148,1.111,0.043,0.02,1.715,0.313,0,0,Normal,2.7,1.11,0.77,0.0,0,None
2026-03-31 07:15:00,26.72,1,0,0,232.43,10.46,2.312,0.749,0.951,0.578,1056.08,9715.93,260,971.59,0.514,1.111,0.067,0.02,1.246,0.465,0,0,Normal,2.8,2.06,0.63,0.0,0,None
2026-03-31 07:30:00,26.2,1,0,0,233.23,10.05,2.241,0.685,0.956,0.5602,1056.64,9721.08,260,972.11,0.309,1.111,0.055,0.02,1.526,0.331,0,0,Normal,3.44,2.6,0.85,0.0,0,None
2026-03-31 07:45:00,27.39,1,0,0,233.36,13.55,2.995,1.017,0.947,0.7488,1057.39,9727.97,260,972.8,0.821,1.111,0.051,0.123,1.469,0.531,0,0,Normal,4.11,1.51,0.54,0.0,0,None
2026-03-31 08:00:00,28.0,1,0,0,235.36,15.35,3.417,1.175,0.946,0.8542,1058.24,9735.83,260,973.58,1.175,1.111,0.036,0.128,1.725,0.353,0,0,Normal,2.67,1.69,0.84,0.0,0,None
2026-03-31 08:15:00,26.88,1,0,0,235.62,13.03,2.782,1.298,0.906,0.6955,1058.94,9742.23,260,974.22,0.655,1.111,0.066,0.02,1.566,0.475,0,0,Normal,3.9,3.45,0.22,0.0,0,None
2026-03-31 08:30:00,28.18,1,0,0,232.26,13.92,3.047,1.083,0.942,0.7617,1059.7,9749.24,260,974.92,1.232,1.111,0.047,0.02,1.456,0.292,0,0,Normal,2.43,2.86,0.48,0.0,0,None
2026-03-31 08:45:00,28.97,1,0,0,233.16,16.61,3.429,1.798,0.886,0.8572,1060.56,9757.12,260,975.71,1.594,1.111,0.043,0.02,1.477,0.295,0,0,Normal,2.54,2.59,0.31,0.0,0,None
2026-03-31 09:00:00,30.34,0,0,0,232.45,0.73,0.154,0.072,0.905,0.0385,1060.6,9757.48,260,975.75,0.0,1.111,0.038,0.02,0.0,0.096,0,0,Normal,4.03,2.8,0.94,0.0,0,None
2026-03-31 09:15:00,30.47,0,0,0,232.75,1.54,0.342,0.106,0.955,0.0855,1060.68,9758.27,260,975.83,0.0,1.111,0.06,0.117,0.0,0.165,0,0,Normal,2.41,2.18,0.7,0.0,0,None
2026-03-31 09:30:00,29.04,0,0,0,231.47,1.42,0.297,0.139,0.906,0.0742,1060.76,9758.95,260,975.89,0.0,1.111,0.047,0.12,0.0,0.13,0,0,Normal,4.37,1.33,0.98,0.0,0,None
2026-03-31 09:45:00,30.01,0,0,0,233.58,0.77,0.16,0.084,0.886,0.04,1060.8,9759.32,260,975.93,0.0,1.112,0.051,0.02,0.0,0.089,0,0,Normal,3.9,3.17,0.21,0.0,0,None
2026-03-31 10:00:00,30.64,0,0,0,233.24,0.87,0.185,0.085,0.909,0.0462,1060.84,9759.74,260,975.97,0.0,1.112,0.042,0.02,0.0,0.123,0,0,Normal,3.15,2.0,0.26,0.0,0,None
2026-03-31 10:15:00,31.11,0,0,0,230.61,1.02,0.222,0.078,0.943,0.0555,1060.9,9760.25,260,976.03,0.0,1.112,0.048,0.02,0.0,0.154,0,0,Normal,3.86,3.42,0.94,0.0,0,None
2026-03-31 10:30:00,30.36,0,0,0,231.55,1.34,0.293,0.104,0.942,0.0732,1060.97,9760.93,260,976.09,0.0,1.112,0.054,0.02,0.0,0.219,0,0,Normal,3.0,2.28,0.99,0.0,0,None
2026-03-31 10:45:00,30.68,0,0,0,233.29,1.51,0.335,0.111,0.949,0.0837,1061.05,9761.7,260,976.17,0.0,1.112,0.053,0.118,0.0,0.164,0,0,Normal,2.94,1.11,0.72,0.0,0,None
2026-03-31 11:00:00,31.9,0,0,0,230.47,1.56,0.343,0.111,0.952,0.0857,1061.14,9762.49,260,976.25,0.0,1.112,0.039,0.119,0.0,0.185,0,0,Normal,2.14,1.13,0.72,0.0,0,None
2026-03-31 11:15:00,32.69,0,0,0,230.33,1.16,0.24,0.118,0.898,0.06,1061.2,9763.04,260,976.3,0.0,1.112,0.058,0.02,0.0,0.162,0,0,Normal,2.58,2.71,0.73,0.0,0,None
2026-03-31 11:30:00,32.64,0,0,0,230.21,1.25,0.274,0.086,0.954,0.0685,1061.27,9763.67,260,976.37,0.0,1.112,0.044,0.02,0.0,0.21,0,0,Normal,4.42,2.02,0.73,0.0,0,None
2026-03-31 11:45:00,32.38,0,0,0,229.84,1.43,0.297,0.142,0.902,0.0742,1061.34,9764.35,260,976.44,0.0,1.112,0.039,0.02,0.0,0.238,0,0,Normal,3.75,1.84,0.76,0.0,0,None
2026-03-31 12:00:00,32.52,0,0,0,230.91,0.8,0.164,0.085,0.888,0.041,1061.38,9764.73,260,976.47,0.0,1.112,0.057,0.02,0.0,0.087,0,0,Normal,2.34,3.42,0.48,0.0,0,None
2026-03-31 12:15:00,33.04,0,0,0,230.26,1.75,0.376,0.145,0.933,0.094,1061.48,9765.59,260,976.56,0.0,1.112,0.054,0.124,0.0,0.198,0,0,Normal,3.36,2.26,0.47,0.0,0,None
2026-03-31 12:30:00,32.82,0,0,0,229.01,1.99,0.407,0.205,0.893,0.1018,1061.58,9766.53,260,976.65,0.0,1.112,0.069,0.122,0.0,0.216,0,0,Normal,2.69,1.15,0.63,0.0,0,None
2026-03-31 12:45:00,33.63,0,0,0,228.95,1.54,0.317,0.153,0.901,0.0792,1061.66,9767.26,260,976.73,0.0,1.112,0.056,0.02,0.0,0.241,0,0,Normal,2.6,1.31,0.72,0.0,0,None
2026-03-31 13:00:00,34.38,0,0,0,228.1,1.28,0.271,0.108,0.928,0.0678,1061.73,9767.88,260,976.79,0.0,1.112,0.046,0.02,0.0,0.205,0,0,Normal,2.75,3.42,0.97,0.0,0,None
2026-03-31 13:15:00,34.32,0,0,0,228.48,1.25,0.256,0.127,0.896,0.064,1061.79,9768.47,260,976.85,0.0,1.112,0.058,0.02,0.0,0.178,0,0,Normal,2.52,2.09,0.4,0.0,0,None
2026-03-31 13:30:00,33.42,0,0,0,228.08,1.37,0.292,0.113,0.933,0.073,1061.86,9769.14,260,976.91,0.0,1.112,0.042,0.02,0.0,0.23,0,0,Normal,3.37,1.02,0.53,0.0,0,None
2026-03-31 13:45:00,32.43,0,0,0,227.23,1.77,0.386,0.113,0.96,0.0965,1061.96,9770.03,260,977.0,0.0,1.112,0.049,0.113,0.0,0.224,0,0,Normal,3.28,1.76,0.92,0.0,0,None
2026-03-31 14:00:00,33.12,0,0,0,227.29,1.28,0.269,0.11,0.925,0.0672,1062.03,9770.65,260,977.06,0.0,1.112,0.043,0.114,0.0,0.112,0,0,Normal,4.05,3.72,0.29,0.0,0,None
2026-03-31 14:15:00,34.71,0,0,0,227.54,0.93,0.202,0.06,0.958,0.0505,1062.08,9771.11,260,977.11,0.0,1.112,0.047,0.02,0.0,0.135,0,0,Normal,4.04,2.74,0.33,0.0,0,None
2026-03-31 14:30:00,33.8,0,0,0,226.93,1.15,0.233,0.117,0.893,0.0582,1062.14,9771.65,260,977.16,0.0,1.112,0.06,0.02,0.0,0.153,0,0,Normal,2.7,1.09,0.38,0.0,0,None
2026-03-31 14:45:00,33.62,0,0,0,227.17,1.1,0.226,0.107,0.903,0.0565,1062.19,9772.17,260,977.22,0.0,1.112,0.042,0.02,0.0,0.164,0,0,Normal,3.23,3.63,0.99,0.0,0,None
2026-03-31 15:00:00,34.62,0,0,0,228.97,0.72,0.159,0.047,0.959,0.0398,1062.23,9772.53,260,977.25,0.0,1.112,0.049,0.02,0.0,0.09,0,0,Normal,3.75,2.4,0.26,0.0,0,None
2026-03-31 15:15:00,34.43,0,0,0,225.38,1.31,0.28,0.096,0.946,0.07,1062.3,9773.18,260,977.32,0.0,1.112,0.064,0.125,0.0,0.091,0,0,Normal,3.79,1.68,0.95,0.0,0,None
2026-03-31 15:30:00,33.81,0,0,0,229.45,1.68,0.355,0.153,0.918,0.0888,1062.39,9773.99,260,977.4,0.0,1.112,0.05,0.123,0.0,0.182,0,0,Normal,4.15,3.7,0.53,0.0,0,None
2026-03-31 15:45:00,33.65,0,0,0,227.33,1.19,0.256,0.091,0.942,0.064,1062.45,9774.58,260,977.46,0.0,1.112,0.044,0.02,0.0,0.192,0,0,Normal,2.76,3.87,0.93,0.0,0,None
2026-03-31 16:00:00,33.13,0,0,0,225.47,0.74,0.151,0.069,0.909,0.0378,1062.49,9774.93,260,977.49,0.0,1.112,0.048,0.02,0.0,0.083,0,0,Normal,4.34,1.27,0.5,0.0,0,None
2026-03-31 16:15:00,33.31,0,0,0,226.37,0.79,0.171,0.054,0.954,0.0427,1062.54,9775.32,260,977.53,0.0,1.113,0.04,0.02,0.0,0.111,0,0,Normal,2.95,2.48,1.0,0.0,0,None
2026-03-31 16:30:00,34.0,0,0,0,227.89,1.19,0.257,0.088,0.946,0.0642,1062.6,9775.92,260,977.59,0.0,1.113,0.051,0.02,0.0,0.186,0,0,Normal,3.33,2.61,0.89,0.0,0,None
2026-03-31 16:45:00,33.41,0,0,0,224.7,1.73,0.356,0.159,0.913,0.089,1062.69,9776.73,260,977.67,0.0,1.113,0.034,0.124,0.0,0.198,0,0,Normal,2.15,3.06,1.0,0.0,0,None
2026-03-31 17:00:00,32.61,0,0,0,224.83,1.56,0.322,0.14,0.917,0.0805,1062.77,9777.47,260,977.75,0.0,1.113,0.052,0.118,0.0,0.152,0,0,Normal,3.78,1.43,0.33,0.0,0,None
2026-03-31 17:15:00,32.83,0,0,0,226.62,1.37,0.275,0.145,0.884,0.0688,1062.84,9778.11,260,977.81,0.0,1.113,0.053,0.02,0.0,0.202,0,0,Normal,3.62,2.74,0.43,0.0,0,None
2026-03-31 17:30:00,31.66,0,0,0,225.82,1.02,0.204,0.108,0.884,0.051,1062.89,9778.58,260,977.86,0.0,1.113,0.045,0.02,0.0,0.139,0,0,Normal,2.23,2.72,0.4,0.0,0,None
2026-03-31 17:45:00,32.62,0,0,0,224.9,1.07,0.227,0.081,0.942,0.0568,1062.95,9779.1,260,977.91,0.0,1.113,0.042,0.02,0.0,0.165,0,0,Normal,4.28,2.34,0.74,0.0,0,None
2026-03-31 18:00:00,30.85,1,0,1,225.49,14.81,3.017,1.432,0.903,0.7543,1063.7,9786.04,260,978.6,2.302,1.113,0.345,0.02,0.0,0.35,0,0,Normal,3.55,3.21,0.27,0.0,0,None
2026-03-31 18:15:00,29.74,1,0,1,226.41,13.7,2.855,1.212,0.921,0.7138,1064.41,9792.6,260,979.26,1.998,1.113,0.352,0.123,0.0,0.382,0,0,Normal,3.8,3.12,0.79,0.0,0,None
2026-03-31 18:30:00,29.94,1,0,1,226.58,14.03,2.967,1.14,0.933,0.7418,1065.16,9799.43,260,979.94,2.044,1.113,0.338,0.123,0.0,0.462,0,0,Normal,4.45,1.3,0.69,0.0,0,None
2026-03-31 18:45:00,30.49,1,0,1,226.62,14.1,3.035,1.003,0.95,0.7587,1065.91,9806.41,260,980.64,2.207,1.113,0.356,0.02,0.0,0.452,0,0,Normal,4.11,2.03,0.36,0.0,0,None
2026-03-31 19:00:00,29.82,1,0,1,223.83,19.57,4.001,1.784,0.913,1.0002,1066.91,9815.61,260,981.56,1.911,1.113,0.353,0.02,1.302,0.415,0,0,Normal,3.93,2.45,0.66,0.0,0,None
2026-03-31 19:15:00,29.61,1,0,1,225.13,21.74,4.508,1.906,0.921,1.127,1068.04,9825.98,260,982.6,1.772,1.113,0.356,0.02,1.915,0.445,0,0,Normal,2.02,3.62,0.45,0.0,0,None
2026-03-31 19:30:00,29.65,1,0,1,227.55,18.24,3.757,1.766,0.905,0.9392,1068.98,9834.62,260,983.46,1.803,1.113,0.353,0.02,1.203,0.378,0,0,Normal,3.1,2.04,0.43,0.0,0,None
2026-03-31 19:45:00,30.53,1,0,1,225.44,20.83,4.219,2.059,0.899,1.0548,1070.04,9844.32,260,984.43,2.179,1.113,0.356,0.125,1.22,0.339,0,0,Normal,3.14,1.72,0.31,0.0,0,None
2026-03-31 20:00:00,27.37,1,0,1,225.09,15.87,3.195,1.596,0.895,0.7988,1070.83,9851.67,260,985.17,0.777,1.113,0.354,0.121,1.469,0.474,0,0,Normal,2.03,1.68,0.81,0.0,0,None
2026-03-31 20:15:00,27.99,1,0,1,227.03,15.28,3.291,1.1,0.948,0.8228,1071.66,9859.24,260,985.92,1.003,1.113,0.343,0.02,1.563,0.362,0,0,Normal,2.47,3.96,0.49,0.0,0,None
2026-03-31 20:30:00,28.15,1,0,1,227.26,15.87,3.289,1.48,0.912,0.8222,1072.48,9866.81,260,986.68,1.221,1.113,0.341,0.02,1.291,0.416,0,0,Normal,3.64,2.25,0.24,0.0,0,None
2026-03-31 20:45:00,27.63,1,0,1,227.16,17.79,3.75,1.505,0.928,0.9375,1073.42,9875.43,260,987.54,0.994,1.113,0.336,0.02,1.931,0.469,0,0,Normal,2.11,1.8,0.47,0.0,0,None
2026-03-31 21:00:00,26.46,1,0,1,227.33,12.99,2.705,1.184,0.916,0.6762,1074.09,9881.65,260,988.17,0.51,1.113,0.352,0.02,1.463,0.36,0,0,Normal,3.87,1.51,0.51,0.0,0,None
2026-03-31 21:15:00,25.65,1,0,1,229.12,10.91,2.273,1.04,0.909,0.5682,1074.66,9886.88,260,988.69,0.061,1.113,0.347,0.115,1.402,0.348,0,0,Normal,3.12,2.15,0.38,0.0,0,None
2026-03-31 21:30:00,27.15,1,0,1,227.68,14.91,3.129,1.317,0.922,0.7822,1075.44,9894.08,260,989.41,0.667,1.113,0.348,0.117,1.565,0.432,0,0,Normal,2.51,1.22,0.56,0.0,0,None
2026-03-31 21:45:00,26.11,1,0,1,229.5,11.23,2.439,0.83,0.947,0.6098,1076.05,9899.69,260,989.97,0.328,1.113,0.34,0.02,1.405,0.346,0,0,Normal,3.19,3.71,0.53,0.0,0,None
2026-03-31 22:00:00,26.02,1,0,1,226.54,5.41,1.142,0.448,0.931,0.2855,1076.34,9902.31,260,990.23,0.306,1.113,0.34,0.02,0.0,0.476,0,0,Normal,3.66,3.56,0.74,0.0,0,None
2026-03-31 22:15:00,24.98,1,0,1,227.69,3.58,0.739,0.343,0.907,0.1848,1076.52,9904.01,260,990.4,0.0,1.113,0.361,0.02,0.0,0.358,0,0,Normal,4.34,3.82,0.97,0.0,0,None
2026-03-31 22:30:00,25.51,1,0,1,227.85,4.32,0.873,0.456,0.886,0.2182,1076.74,9906.02,260,990.6,0.0,1.113,0.347,0.02,0.0,0.506,0,0,Normal,3.86,3.57,0.7,0.0,0,None
2026-03-31 22:45:00,24.97,1,0,1,227.58,4.46,0.954,0.346,0.94,0.2385,1076.98,9908.22,260,990.82,0.0,1.113,0.342,0.117,0.0,0.495,0,0,Normal,3.23,3.99,0.24,0.0,0,None
2026-03-31 23:00:00,23.74,1,0,1,228.01,3.71,0.771,0.348,0.912,0.1927,1077.17,9909.99,260,991.0,0.0,1.114,0.359,0.122,0.0,0.29,0,0,Normal,3.43,1.29,0.25,0.0,0,None
2026-03-31 23:15:00,23.47,1,0,1,229.63,3.38,0.717,0.295,0.925,0.1793,1077.35,9911.64,260,991.16,0.0,1.114,0.341,0.02,0.0,0.356,0,0,Normal,2.52,2.44,0.51,0.0,0,None
2026-03-31 23:30:00,23.82,1,0,1,228.07,3.46,0.75,0.243,0.951,0.1875,1077.54,9913.36,260,991.34,0.0,1.114,0.344,0.02,0.0,0.386,0,0,Normal,3.23,2.61,0.24,0.0,0,None
2026-03-31 23:45:00,23.92,1,0,1,227.34,3.21,0.666,0.297,0.913,0.1665,1077.71,9914.9,260,991.49,0.0,1.114,0.34,0.02,0.0,0.306,0,0,Normal,2.74,3.69,0.27,0.0,0,None
2026-04-01 00:00:00,22.41,1,0,0,228.79,3.15,0.657,0.296,0.912,0.1642,0.16,0.53,40,0.05,0.0,1.114,0.332,0.02,0.0,0.305,0,0,Normal,2.64,2.93,0.62,0.0,0,None
2026-04-01 00:15:00,22.74,1,0,0,232.07,3.51,0.741,0.338,0.91,0.1852,0.35,1.14,40,0.11,0.0,1.114,0.366,0.123,0.0,0.252,0,0,Normal,2.36,3.78,0.49,0.0,0,None
2026-04-01 00:30:00,22.5,1,0,0,232.27,3.39,0.754,0.228,0.957,0.1885,0.54,1.75,40,0.17,0.0,1.114,0.365,0.12,0.0,0.269,0,0,Normal,3.97,1.44,0.44,0.0,0,None
2026-04-01 00:45:00,23.95,1,0,0,232.45,3.69,0.757,0.404,0.882,0.1892,0.73,2.36,40,0.24,0.0,1.114,0.348,0.02,0.0,0.389,0,0,Normal,4.36,3.6,0.71,0.0,0,None
2026-04-01 01:00:00,22.16,1,0,0,229.45,3.37,0.741,0.219,0.959,0.1852,0.91,2.97,40,0.3,0.0,1.114,0.347,0.02,0.0,0.374,0,0,Normal,2.97,3.21,0.23,0.0,0,None
2026-04-01 01:15:00,22.98,1,0,0,231.25,3.7,0.761,0.39,0.89,0.1902,1.1,3.58,40,0.36,0.0,1.114,0.35,0.02,0.0,0.391,0,0,Normal,3.81,2.79,0.61,0.0,0,None
2026-04-01 01:30:00,22.11,1,0,0,231.16,3.72,0.82,0.257,0.954,0.205,1.31,4.25,40,0.43,0.0,1.114,0.348,0.02,0.0,0.452,0,0,Normal,4.33,2.65,0.68,0.0,0,None
2026-04-01 01:45:00,22.33,1,0,0,230.45,4.28,0.9,0.401,0.913,0.225,1.53,4.98,40,0.5,0.0,1.114,0.36,0.114,0.0,0.426,0,0,Normal,3.99,2.54,0.25,0.0,0,None
2026-04-01 02:00:00,21.34,1,0,0,231.66,3.78,0.804,0.349,0.917,0.201,1.73,5.63,40,0.56,0.0,1.114,0.324,0.118,0.0,0.362,0,0,Normal,3.33,2.62,0.68,0.0,0,None
2026-04-01 02:15:00,21.78,1,0,0,230.58,3.14,0.67,0.273,0.926,0.1675,1.9,6.18,40,0.62,0.0,1.114,0.353,0.02,0.0,0.297,0,0,Normal,3.84,2.96,0.3,0.0,0,None
2026-04-01 02:30:00,22.11,1,0,0,231.2,2.57,0.56,0.199,0.942,0.14,2.04,6.63,40,0.66,0.0,1.114,0.352,0.02,0.0,0.188,0,0,Normal,2.59,1.92,0.43,0.0,0,None
2026-04-01 02:45:00,22.79,1,0,0,233.3,2.76,0.599,0.236,0.931,0.1498,2.19,7.12,40,0.71,0.0,1.114,0.345,0.02,0.0,0.234,0,0,Normal,2.87,1.01,0.49,0.0,0,None
2026-04-01 03:00:00,22.32,1,0,0,233.71,3.16,0.702,0.233,0.949,0.1755,2.37,7.69,40,0.77,0.0,1.114,0.319,0.02,0.0,0.363,0,0,Normal,4.08,3.27,0.88,0.0,0,None
2026-04-01 03:15:00,22.9,1,0,0,232.32,3.91,0.847,0.329,0.932,0.2118,2.58,8.38,40,0.84,0.0,1.114,0.329,0.124,0.0,0.394,0,0,Normal,4.23,3.5,0.48,0.0,0,None
2026-04-01 03:30:00,22.52,1,0,0,233.48,4.35,0.893,0.481,0.88,0.2232,2.8,9.1,40,0.91,0.0,1.114,0.355,0.124,0.0,0.414,0,0,Normal,2.23,3.61,0.25,0.0,0,None
2026-04-01 03:45:00,23.02,1,0,0,233.66,3.13,0.687,0.252,0.939,0.1718,2.97,9.66,40,0.97,0.0,1.114,0.336,0.02,0.0,0.331,0,0,Normal,3.86,1.82,0.73,0.0,0,None
2026-04-01 04:00:00,22.77,1,0,0,233.38,3.29,0.698,0.321,0.908,0.1745,3.15,10.23,40,1.02,0.0,1.114,0.365,0.02,0.0,0.313,0,0,Normal,4.0,2.99,0.55,0.0,0,None
2026-04-01 04:15:00,24.0,1,0,0,233.44,3.5,0.757,0.308,0.926,0.1892,3.34,10.85,40,1.08,0.0,1.114,0.367,0.02,0.0,0.37,0,0,Normal,2.36,1.76,0.85,0.0,0,None
2026-04-01 04:30:00,22.56,1,0,0,234.44,3.64,0.799,0.299,0.936,0.1998,3.54,11.49,40,1.15,0.0,1.114,0.342,0.02,0.0,0.437,0,0,Normal,4.2,3.11,0.99,0.0,0,None
2026-04-01 04:45:00,22.42,1,0,0,236.2,4.18,0.903,0.397,0.916,0.2258,3.76,12.23,40,1.22,0.0,1.114,0.35,0.128,0.0,0.425,0,0,Normal,3.96,1.07,0.62,0.0,0,None
2026-04-01 05:00:00,23.15,1,0,0,232.72,4.05,0.852,0.404,0.903,0.213,3.98,12.92,40,1.29,0.0,1.114,0.34,0.116,0.0,0.396,0,0,Normal,3.66,2.66,0.25,0.0,0,None
2026-04-01 05:15:00,24.92,1,0,0,236.47,3.11,0.689,0.26,0.936,0.1723,4.15,13.48,40,1.35,0.0,1.114,0.347,0.02,0.0,0.322,0,0,Normal,3.72,1.14,0.52,0.0,0,None
2026-04-01 05:30:00,24.17,1,0,0,234.25,4.02,0.844,0.418,0.896,0.211,4.36,14.17,40,1.42,0.0,1.115,0.336,0.02,0.0,0.488,0,0,Normal,4.46,2.47,0.21,0.0,0,None
2026-04-01 05:45:00,23.59,1,0,0,231.58,3.31,0.735,0.218,0.959,0.1838,4.54,14.76,40,1.48,0.0,1.115,0.351,0.02,0.0,0.364,0,0,Normal,3.34,3.73,0.53,0.0,0,None
2026-04-01 06:00:00,25.62,1,0,0,234.42,10.15,2.257,0.75,0.949,0.5642,5.11,16.6,40,1.66,0.0,1.115,0.341,0.02,1.567,0.329,0,0,Normal,3.45,2.55,0.78,0.0,0,None
2026-04-01 06:15:00,25.34,1,0,0,236.93,11.9,2.501,1.301,0.887,0.6252,5.73,18.63,40,1.86,0.0,1.115,0.331,0.109,1.538,0.523,0,0,Normal,2.04,3.08,0.6,0.0,0,None
2026-04-01 06:30:00,25.98,1,0,0,232.79,14.53,3.138,1.26,0.928,0.7845,6.52,21.18,40,2.12,0.23,1.115,0.347,0.116,1.978,0.467,0,0,Normal,3.93,2.97,0.24,0.0,0,None
2026-04-01 06:45:00,24.23,1,0,0,235.26,12.03,2.502,1.322,0.884,0.6255,7.14,23.21,40,2.32,0.0,1.115,0.364,0.02,1.678,0.44,0,0,Normal,4.06,3.07,0.63,0.0,0,None
2026-04-01 07:00:00,26.31,1,0,0,234.57,12.43,2.643,1.232,0.906,0.6607,7.8,25.36,40,2.54,0.286,1.115,0.058,0.02,1.898,0.381,0,0,Normal,2.52,1.13,0.62,0.0,0,None
2026-04-01 07:15:00,26.22,1,0,0,234.66,12.26,2.623,1.182,0.912,0.6557,8.46,27.49,40,2.75,0.427,1.115,0.043,0.02,1.849,0.284,0,0,Normal,3.92,3.26,0.39,0.0,0,None
2026-04-01 07:30:00,25.46,1,0,0,234.11,8.77,1.878,0.832,0.914,0.4695,8.93,29.02,40,2.9,0.015,1.115,0.049,0.02,1.507,0.287,0,0,Normal,3.37,3.7,0.27,0.0,0,None
2026-04-01 07:45:00,26.98,1,0,0,232.49,12.02,2.509,1.233,0.897,0.6272,9.56,31.05,40,3.11,0.587,1.115,0.058,0.119,1.363,0.382,0,0,Normal,3.18,1.79,0.56,0.0,0,None
2026-04-01 08:00:00,27.86,1,0,0,234.33,12.56,2.705,1.16,0.919,0.6762,10.23,33.25,40,3.33,1.054,1.115,0.053,0.12,1.29,0.188,0,0,Normal,3.01,2.39,0.24,0.0,0,None
2026-04-01 08:15:00,28.37,1,0,0,233.34,14.69,3.175,1.29,0.926,0.7938,11.03,35.83,40,3.58,1.318,1.115,0.05,0.02,1.391,0.396,0,0,Normal,2.07,3.58,0.86,0.0,0,None
2026-04-01 08:30:00,29.18,1,0,0,231.97,16.5,3.567,1.389,0.932,0.8918,11.92,38.73,40,3.87,1.71,1.115,0.049,0.02,1.452,0.336,0,0,Normal,3.24,3.13,0.99,0.0,0,None
2026-04-01 08:45:00,27.82,1,0,0,232.16,16.49,3.391,1.777,0.886,0.8478,12.76,41.49,40,4.15,1.073,1.115,0.056,0.02,1.975,0.267,0,0,Normal,3.63,2.87,0.38,0.0,0,None
2026-04-01 09:00:00,29.34,0,0,0,232.05,1.44,0.298,0.152,0.891,0.0745,12.84,41.73,40,4.17,0.0,1.115,0.052,0.02,0.0,0.226,0,0,Normal,4.31,2.39,0.64,0.0,0,None
2026-04-01 09:15:00,29.61,0,0,0,231.65,1.28,0.27,0.121,0.913,0.0675,12.91,41.95,40,4.19,0.0,1.115,0.045,0.124,0.0,0.101,0,0,Normal,2.89,2.96,0.51,0.0,0,None
2026-04-01 09:30:00,30.05,0,0,0,232.56,1.51,0.33,0.121,0.939,0.0825,12.99,42.22,40,4.22,0.0,1.115,0.063,0.118,0.0,0.149,0,0,Normal,3.3,2.09,0.5,0.0,0,None
2026-04-01 09:45:00,29.27,0,0,0,232.93,0.92,0.201,0.071,0.943,0.0502,13.04,42.38,40,4.24,0.0,1.115,0.039,0.02,0.0,0.142,0,0,Normal,2.78,3.43,0.22,0.0,0,None
2026-04-01 10:00:00,30.68,0,0,0,232.51,0.93,0.206,0.064,0.955,0.0515,13.09,42.55,40,4.25,0.0,1.115,0.051,0.02,0.0,0.135,0,0,Normal,2.9,2.99,0.38,0.0,0,None
2026-04-01 10:15:00,31.53,0,0,0,233.62,0.91,0.194,0.089,0.909,0.0485,13.14,42.7,40,4.27,0.0,1.115,0.047,0.02,0.0,0.127,0,0,Normal,3.02,3.52,0.85,0.0,0,None
2026-04-01 10:30:00,31.19,0,0,0,231.85,1.27,0.27,0.115,0.92,0.0675,13.21,42.92,40,4.29,0.0,1.115,0.061,0.02,0.0,0.189,0,0,Normal,3.61,2.17,0.99,0.0,0,None
2026-04-01 10:45:00,29.98,0,0,0,231.66,1.82,0.381,0.18,0.904,0.0952,13.3,43.23,40,4.32,0.0,1.115,0.062,0.131,0.0,0.188,0,0,Normal,3.79,1.95,0.33,0.0,0,None
2026-04-01 11:00:00,31.63,0,0,0,233.72,1.51,0.334,0.113,0.947,0.0835,13.39,43.5,40,4.35,0.0,1.115,0.069,0.121,0.0,0.144,0,0,Normal,2.41,1.62,0.3,0.0,0,None
2026-04-01 11:15:00,32.99,0,0,0,229.85,1.18,0.249,0.105,0.921,0.0622,13.45,43.71,40,4.37,0.0,1.115,0.056,0.02,0.0,0.173,0,0,Normal,3.19,2.6,0.64,0.0,0,None
2026-04-01 11:30:00,32.44,0,0,0,231.99,0.75,0.153,0.082,0.882,0.0383,13.49,43.83,40,4.38,0.0,1.115,0.048,0.02,0.0,0.085,0,0,Normal,3.15,1.59,0.45,0.0,0,None
2026-04-01 11:45:00,31.86,0,0,0,229.66,1.22,0.268,0.083,0.956,0.067,13.55,44.05,40,4.4,0.0,1.115,0.023,0.02,0.0,0.225,0,0,Normal,3.19,3.32,0.35,0.0,0,None
2026-04-01 12:00:00,33.11,0,0,0,229.05,1.1,0.23,0.105,0.909,0.0575,13.61,44.23,40,4.42,0.0,1.116,0.046,0.02,0.0,0.164,0,0,Normal,2.36,1.12,0.85,0.0,0,None
2026-04-01 12:15:00,33.2,0,0,0,228.39,1.41,0.292,0.136,0.907,0.073,13.68,44.47,40,4.45,0.0,1.116,0.054,0.117,0.0,0.121,0,0,Normal,3.71,3.68,0.25,0.0,0,None
2026-04-01 12:30:00,33.56,0,0,0,227.6,1.98,0.405,0.197,0.899,0.1013,13.78,44.8,40,4.48,0.0,1.116,0.037,0.121,0.0,0.247,0,0,Normal,3.72,1.06,0.5,0.0,0,None
2026-04-01 12:45:00,32.52,0,0,0,231.94,0.64,0.135,0.06,0.915,0.0338,13.82,44.91,40,4.49,0.0,1.116,0.031,0.02,0.0,0.084,0,0,Normal,4.39,1.62,0.64,0.0,0,None
2026-04-01 13:00:00,33.38,0,0,0,228.27,0.92,0.184,0.099,0.88,0.046,13.86,45.06,40,4.51,0.0,1.116,0.056,0.02,0.0,0.108,0,0,Normal,4.46,1.0,0.52,0.0,0,None
2026-04-01 13:15:00,33.93,0,0,0,229.24,0.95,0.204,0.077,0.936,0.051,13.92,45.23,40,4.52,0.0,1.116,0.057,0.02,0.0,0.127,0,0,Normal,2.6,3.5,0.84,0.0,0,None
2026-04-01 13:30:00,33.75,0,0,0,226.1,0.64,0.139,0.043,0.955,0.0348,13.95,45.34,40,4.53,0.0,1.116,0.036,0.02,0.0,0.083,0,0,Normal,2.41,3.32,0.28,0.0,0,None
2026-04-01 13:45:00,34.08,0,0,0,230.65,1.64,0.36,0.113,0.954,0.09,14.04,45.63,40,4.56,0.0,1.116,0.06,0.114,0.0,0.186,0,0,Normal,2.31,1.96,0.7,0.0,0,None
2026-04-01 14:00:00,33.39,0,0,0,226.79,1.77,0.376,0.14,0.937,0.094,14.13,45.94,40,4.59,0.0,1.116,0.038,0.116,0.0,0.222,0,0,Normal,2.98,3.11,0.36,0.0,0,None
2026-04-01 14:15:00,34.18,0,0,0,228.69,1.12,0.246,0.075,0.956,0.0615,14.2,46.14,40,4.61,0.0,1.116,0.05,0.02,0.0,0.176,0,0,Normal,4.48,2.72,0.82,0.0,0,None
2026-04-01 14:30:00,34.55,0,0,0,227.4,0.73,0.157,0.053,0.948,0.0392,14.24,46.26,40,4.63,0.0,1.116,0.047,0.02,0.0,0.09,0,0,Normal,2.68,3.64,0.69,0.0,0,None
2026-04-01 14:45:00,34.24,0,0,0,229.11,1.1,0.241,0.072,0.958,0.0602,14.3,46.46,40,4.65,0.0,1.116,0.054,0.02,0.0,0.167,0,0,Normal,3.63,2.84,0.43,0.0,0,None
2026-04-01 15:00:00,33.87,0,0,0,227.24,1.26,0.274,0.084,0.956,0.0685,14.36,46.68,40,4.67,0.0,1.116,0.056,0.02,0.0,0.198,0,0,Normal,3.53,2.69,0.43,0.0,0,None
2026-04-01 15:15:00,33.75,0,0,0,228.06,1.52,0.33,0.105,0.953,0.0825,14.45,46.95,40,4.7,0.0,1.116,0.052,0.116,0.0,0.162,0,0,Normal,2.22,2.37,0.95,0.0,0,None
2026-04-01 15:30:00,33.38,0,0,0,227.02,1.26,0.253,0.134,0.883,0.0632,14.51,47.16,40,4.72,0.0,1.116,0.038,0.119,0.0,0.096,0,0,Normal,2.04,1.78,0.98,0.0,0,None
2026-04-01 15:45:00,33.76,0,0,0,226.28,0.97,0.204,0.078,0.934,0.051,14.56,47.32,40,4.73,0.0,1.116,0.043,0.02,0.0,0.141,0,0,Normal,3.58,2.42,0.33,0.0,0,None
2026-04-01 16:00:00,33.83,0,0,0,225.78,1.3,0.28,0.088,0.954,0.07,14.63,47.55,40,4.75,0.0,1.116,0.041,0.02,0.0,0.219,0,0,Normal,2.68,3.96,0.69,0.0,0,None
2026-04-01 16:15:00,33.14,0,0,0,225.43,1.09,0.224,0.103,0.909,0.056,14.69,47.73,40,4.77,0.0,1.116,0.056,0.02,0.0,0.148,0,0,Normal,2.02,1.33,0.44,0.0,0,None
2026-04-01 16:30:00,32.75,0,0,0,225.38,1.47,0.303,0.135,0.913,0.0758,14.76,47.98,40,4.8,0.0,1.116,0.062,0.02,0.0,0.221,0,0,Normal,2.27,3.77,0.55,0.0,0,None
2026-04-01 16:45:00,32.95,0,0,0,227.64,1.63,0.339,0.151,0.913,0.0847,14.85,48.25,40,4.83,0.0,1.116,0.064,0.117,0.0,0.158,0,0,Normal,2.88,3.64,0.22,0.0,0,None
2026-04-01 17:00:00,32.34,0,0,0,226.21,1.33,0.275,0.121,0.915,0.0688,14.92,48.48,40,4.85,0.0,1.116,0.056,0.109,0.0,0.11,0,0,Normal,3.54,2.05,0.58,0.0,0,None
2026-04-01 17:15:00,32.06,0,0,0,227.4,0.96,0.196,0.095,0.9,0.049,14.96,48.64,40,4.86,0.0,1.116,0.049,0.02,0.0,0.127,0,0,Normal,2.05,2.27,0.81,0.0,0,None
2026-04-01 17:30:00,32.49,0,0,0,227.44,1.37,0.277,0.145,0.886,0.0693,15.03,48.86,40,4.89,0.0,1.116,0.061,0.02,0.0,0.196,0,0,Normal,3.17,2.39,0.26,0.0,0,None
2026-04-01 17:45:00,32.5,0,0,0,225.39,1.32,0.264,0.137,0.887,0.066,15.1,49.08,40,4.91,0.0,1.116,0.03,0.02,0.0,0.214,0,0,Normal,2.16,1.66,0.56,0.0,0,None
2026-04-01 18:00:00,31.44,1,0,1,227.11,16.47,3.475,1.387,0.929,0.8688,15.97,51.9,40,5.19,2.644,1.116,0.344,0.02,0.0,0.467,0,0,Normal,3.84,3.92,0.59,0.0,0,None
2026-04-01 18:15:00,31.71,1,0,1,226.64,17.42,3.61,1.6,0.914,0.9025,16.87,54.83,40,5.48,2.792,1.116,0.348,0.115,0.0,0.355,0,0,Normal,2.39,1.4,0.77,0.0,0,None
2026-04-01 18:30:00,31.5,1,0,1,224.39,16.35,3.287,1.631,0.896,0.8218,17.69,57.5,40,5.75,2.597,1.117,0.332,0.115,0.0,0.243,0,0,Normal,4.33,2.89,0.34,0.0,0,None
2026-04-01 18:45:00,30.53,1,0,1,224.83,14.0,2.796,1.448,0.888,0.699,18.39,59.77,40,5.98,2.177,1.117,0.35,0.02,0.0,0.249,0,0,Normal,3.83,2.58,0.73,0.0,0,None
2026-04-01 19:00:00,29.1,1,0,1,226.42,19.12,3.949,1.773,0.912,0.9872,19.38,62.98,40,6.3,1.682,1.117,0.345,0.02,1.652,0.25,0,0,Normal,4.38,2.61,0.4,0.0,0,None
2026-04-01 19:15:00,29.52,1,0,1,225.68,21.28,4.515,1.634,0.94,1.1288,20.51,66.65,40,6.67,1.773,1.117,0.355,0.02,1.91,0.457,0,0,Normal,2.9,3.22,0.81,0.0,0,None
2026-04-01 19:30:00,29.33,1,0,1,227.41,20.32,4.329,1.619,0.937,1.0822,21.59,70.17,40,7.02,1.673,1.117,0.35,0.02,1.989,0.297,0,0,Normal,3.85,2.59,0.31,0.0,0,None
2026-04-01 19:45:00,28.98,1,0,1,227.41,19.53,3.969,1.994,0.894,0.9922,22.58,73.39,40,7.34,1.462,1.117,0.334,0.121,1.733,0.319,0,0,Normal,3.83,1.1,0.78,0.0,0,None
2026-04-01 20:00:00,27.78,1,0,1,228.03,19.83,4.013,2.084,0.887,1.0032,23.59,76.65,40,7.67,1.096,1.117,0.353,0.125,1.948,0.491,0,0,Normal,3.28,3.18,0.54,0.0,0,None
2026-04-01 20:15:00,27.76,1,0,1,226.78,17.34,3.488,1.815,0.887,0.872,24.46,79.49,40,7.95,1.037,1.117,0.342,0.02,1.745,0.344,0,0,Normal,2.68,3.28,0.87,0.0,0,None
2026-04-01 20:30:00,27.66,1,0,1,226.1,15.6,3.23,1.417,0.916,0.8075,25.27,82.11,40,8.21,0.957,1.117,0.346,0.02,1.624,0.283,0,0,Normal,2.86,2.85,0.42,0.0,0,None
2026-04-01 20:45:00,27.84,1,0,1,227.34,16.64,3.514,1.398,0.929,0.8785,26.14,84.97,40,8.5,1.054,1.117,0.338,0.02,1.747,0.355,0,0,Normal,3.33,1.77,0.3,0.0,0,None
2026-04-01 21:00:00,27.04,1,0,1,227.57,16.19,3.398,1.423,0.922,0.8495,26.99,87.73,40,8.77,0.82,1.117,0.35,0.02,1.914,0.294,0,0,Normal,3.79,3.52,0.77,0.0,0,None
2026-04-01 21:15:00,26.55,1,0,1,227.89,14.0,3.043,0.959,0.954,0.7608,27.75,90.2,40,9.02,0.484,1.117,0.343,0.123,1.699,0.394,0,0,Normal,3.91,1.18,0.93,0.0,0,None
2026-04-01 21:30:00,27.68,1,0,1,227.64,14.84,3.21,1.053,0.95,0.8025,28.56,92.81,40,9.28,0.895,1.117,0.336,0.124,1.506,0.349,0,0,Normal,3.24,3.59,0.89,0.0,0,None
2026-04-01 21:45:00,26.53,1,0,1,226.8,13.36,2.706,1.361,0.893,0.6765,29.23,95.01,40,9.5,0.441,1.117,0.343,0.02,1.564,0.338,0,0,Normal,2.47,3.96,0.34,0.0,0,None
2026-04-01 22:00:00,24.85,1,0,1,229.16,3.79,0.777,0.387,0.895,0.1942,29.43,95.64,40,9.56,0.0,1.117,0.341,0.02,0.0,0.416,0,0,Normal,3.89,2.43,0.66,0.0,0,None
2026-04-01 22:15:00,25.0,1,0,1,226.14,3.72,0.752,0.379,0.893,0.188,29.62,96.25,40,9.63,0.0,1.117,0.353,0.02,0.0,0.379,0,0,Normal,2.39,2.62,0.88,0.0,0,None
2026-04-01 22:30:00,25.13,1,0,1,227.07,4.1,0.848,0.384,0.911,0.212,29.83,96.94,40,9.69,0.0,1.117,0.352,0.02,0.0,0.476,0,0,Normal,3.56,2.1,0.99,0.0,0,None
2026-04-01 22:45:00,25.22,1,0,1,229.61,3.74,0.81,0.286,0.943,0.2025,30.03,97.6,40,9.76,0.0,1.117,0.36,0.125,0.0,0.325,0,0,Normal,4.45,2.46,0.94,0.0,0,None
2026-04-01 23:00:00,24.8,1,0,1,228.88,3.14,0.684,0.218,0.953,0.171,30.2,98.15,40,9.82,0.0,1.117,0.329,0.126,0.0,0.229,0,0,Normal,3.85,1.21,0.86,0.0,0,None
2026-04-01 23:15:00,23.33,1,0,1,228.72,3.44,0.745,0.255,0.946,0.1863,30.39,98.76,40,9.88,0.0,1.117,0.339,0.02,0.0,0.386,0,0,Normal,3.89,3.82,0.79,0.0,0,None
2026-04-01 23:30:00,24.19,1,0,1,228.76,3.44,0.707,0.345,0.898,0.1768,30.56,99.33,40,9.93,0.0,1.117,0.355,0.02,0.0,0.332,0,0,Normal,4.29,3.36,0.37,0.0,0,None
2026-04-01 23:45:00,23.86,1,0,1,229.58,3.2,0.696,0.232,0.949,0.174,30.74,99.9,40,9.99,0.0,1.117,0.341,0.02,0.0,0.335,0,0,Normal,4.16,1.14,0.77,0.0,0,None
2026-04-02 00:00:00,22.02,1,0,0,229.37,3.57,0.736,0.357,0.9,0.184,30.92,100.5,40,10.05,0.0,1.117,0.35,0.02,0.0,0.366,0,0,Normal,3.46,1.65,0.29,0.0,0,None
2026-04-02 00:15:00,23.19,1,0,0,230.16,3.71,0.753,0.401,0.883,0.1882,31.11,101.11,40,10.11,0.0,1.117,0.351,0.116,0.0,0.286,0,0,Normal,3.77,3.38,0.24,0.0,0,None
2026-04-02 00:30:00,23.44,1,0,0,228.59,4.13,0.837,0.434,0.888,0.2092,31.32,101.79,40,10.18,0.0,1.117,0.351,0.12,0.0,0.366,0,0,Normal,4.01,2.46,0.97,0.0,0,None
2026-04-02 00:45:00,22.38,1,0,0,232.48,3.22,0.684,0.306,0.913,0.171,31.49,102.34,40,10.23,0.0,1.117,0.356,0.02,0.0,0.308,0,0,Normal,2.85,1.79,0.59,0.0,0,None
2026-04-02 01:00:00,22.2,1,0,0,233.08,3.61,0.753,0.375,0.895,0.1882,31.68,102.96,40,10.3,0.0,1.118,0.353,0.02,0.0,0.38,0,0,Normal,4.0,3.92,0.29,0.0,0,None
2026-04-02 01:15:00,21.34,1,0,0,234.28,3.01,0.638,0.302,0.904,0.1595,31.84,103.47,40,10.35,0.0,1.118,0.324,0.02,0.0,0.294,0,0,Normal,2.94,1.32,0.51,0.0,0,None
2026-04-02 01:30:00,21.58,1,0,0,231.62,3.39,0.733,0.284,0.932,0.1832,32.02,104.07,40,10.41,0.0,1.118,0.357,0.02,0.0,0.356,0,0,Normal,3.01,2.99,0.78,0.0,0,None
2026-04-02 01:45:00,22.73,1,0,0,231.44,3.53,0.73,0.365,0.895,0.1825,32.2,104.66,40,10.47,0.0,1.118,0.336,0.119,0.0,0.275,0,0,Normal,2.84,1.55,0.38,0.0,0,None
2026-04-02 02:00:00,21.77,1,0,0,232.23,4.42,0.963,0.356,0.938,0.2408,32.44,105.45,40,10.54,0.0,1.118,0.351,0.122,0.0,0.49,0,0,Normal,2.94,2.39,0.33,0.0,0,None
2026-04-02 02:15:00,21.45,1,0,0,231.16,3.84,0.808,0.366,0.911,0.202,32.65,106.1,40,10.61,0.0,1.118,0.354,0.02,0.0,0.434,0,0,Normal,2.43,1.43,0.32,0.0,0,None
2026-04-02 02:30:00,22.11,1,0,0,232.89,3.61,0.763,0.353,0.908,0.1908,32.84,106.72,40,10.67,0.0,1.118,0.35,0.02,0.0,0.393,0,0,Normal,4.43,2.48,0.91,0.0,0,None
2026-04-02 02:45:00,21.74,1,0,0,232.58,3.9,0.835,0.354,0.921,0.2088,33.05,107.4,40,10.74,0.0,1.118,0.347,0.02,0.0,0.468,0,0,Normal,3.95,1.04,0.91,0.0,0,None
2026-04-02 03:00:00,21.97,1,0,0,232.59,3.98,0.847,0.374,0.915,0.2118,33.26,108.09,40,10.81,0.0,1.118,0.336,0.02,0.0,0.491,0,0,Normal,3.66,3.88,0.46,0.0,0,None
2026-04-02 03:15:00,22.57,1,0,0,232.02,3.28,0.696,0.31,0.913,0.174,33.43,108.65,40,10.87,0.0,1.118,0.367,0.126,0.0,0.203,0,0,Normal,4.18,1.75,0.96,0.0,0,None
2026-04-02 03:30:00,21.62,1,0,0,234.14,3.27,0.72,0.259,0.941,0.18,33.61,109.24,40,10.92,0.0,1.118,0.348,0.122,0.0,0.25,0,0,Normal,3.64,3.05,1.0,0.0,0,None
2026-04-02 03:45:00,21.75,1,0,0,233.12,4.09,0.85,0.433,0.891,0.2125,33.82,109.93,40,10.99,0.0,1.118,0.347,0.02,0.0,0.483,0,0,Normal,4.41,3.18,0.93,0.0,0,None
2026-04-02 04:00:00,22.88,1,0,0,234.06,3.12,0.643,0.344,0.882,0.1608,33.99,110.45,40,11.05,0.0,1.118,0.35,0.02,0.0,0.273,0,0,Normal,4.44,1.81,0.58,0.0,0,None
2026-04-02 04:15:00,23.29,1,0,0,232.92,4.08,0.843,0.438,0.887,0.2108,34.2,111.14,40,11.11,0.0,1.118,0.361,0.02,0.0,0.462,0,0,Normal,2.45,3.44,0.21,0.0,0,None
2026-04-02 04:30:00,23.42,1,0,0,233.75,3.53,0.729,0.387,0.883,0.1822,34.38,111.73,40,11.17,0.0,1.118,0.364,0.02,0.0,0.345,0,0,Normal,2.91,3.6,0.53,0.0,0,None
2026-04-02 04:45:00,22.47,1,0,0,233.11,3.35,0.712,0.319,0.913,0.178,34.56,112.31,40,11.23,0.0,1.118,0.337,0.12,0.0,0.255,0,0,Normal,4.19,3.0,0.48,0.0,0,None
2026-04-02 05:00:00,24.23,1,0,0,232.5,3.53,0.761,0.308,0.927,0.1902,34.75,112.93,40,11.29,0.0,1.118,0.346,0.132,0.0,0.283,0,0,Normal,2.1,1.73,0.2,0.0,0,None
2026-04-02 05:15:00,23.37,1,0,0,232.84,4.13,0.853,0.444,0.887,0.2132,34.96,113.62,40,11.36,0.0,1.118,0.372,0.02,0.0,0.461,0,0,Normal,4.2,3.64,0.66,0.0,0,None
2026-04-02 05:30:00,24.67,1,0,0,233.83,3.49,0.746,0.33,0.915,0.1865,35.15,114.23,40,11.42,0.0,1.118,0.353,0.02,0.0,0.373,0,0,Normal,2.88,1.12,0.64,0.0,0,None
2026-04-02 05:45:00,23.19,1,0,0,234.26,3.36,0.712,0.334,0.905,0.178,35.32,114.8,40,11.48,0.0,1.118,0.345,0.02,0.0,0.347,0,0,Normal,3.47,1.34,0.59,0.0,0,None
2026-04-02 06:00:00,25.66,1,0,0,233.97,9.27,2.021,0.787,0.932,0.5052,35.83,116.45,40,11.64,0.095,1.118,0.344,0.02,1.258,0.304,0,0,Normal,3.4,3.0,0.85,0.0,0,None
2026-04-02 06:15:00,24.67,1,0,0,232.78,13.16,2.792,1.258,0.912,0.698,36.53,118.71,40,11.87,0.0,1.118,0.358,0.113,1.971,0.35,0,0,Normal,3.86,2.06,0.87,0.0,0,None
2026-04-02 06:30:00,26.01,1,0,0,234.58,14.07,2.931,1.515,0.888,0.7328,37.26,121.1,40,12.11,0.176,1.118,0.353,0.123,1.954,0.325,0,0,Normal,2.09,1.22,0.28,0.0,0,None
2026-04-02 06:45:00,25.3,1,0,0,230.91,10.24,2.215,0.825,0.937,0.5538,37.81,122.9,40,12.29,0.0,1.118,0.347,0.02,1.437,0.411,0,0,Normal,2.81,3.05,0.57,0.0,0,None
2026-04-02 07:00:00,25.94,1,0,0,236.37,10.71,2.378,0.87,0.939,0.5945,38.41,124.83,40,12.48,0.114,1.118,0.042,0.02,1.847,0.355,0,0,Normal,4.17,1.67,0.84,0.0,0,None
2026-04-02 07:15:00,26.19,1,0,0,233.7,12.06,2.673,0.893,0.949,0.6682,39.08,127.0,40,12.7,0.263,1.118,0.044,0.02,1.997,0.349,0,0,Normal,2.5,3.32,0.46,0.0,0,None
2026-04-02 07:30:00,26.84,1,0,0,232.87,11.72,2.467,1.166,0.904,0.6168,39.69,129.0,40,12.9,0.546,1.118,0.058,0.02,1.389,0.454,0,0,Normal,3.73,3.15,0.32,0.0,0,None
2026-04-02 07:45:00,26.97,1,0,0,234.55,14.58,3.034,1.576,0.887,0.7585,40.45,131.47,40,13.15,0.632,1.119,0.057,0.125,1.758,0.462,0,0,Normal,4.03,3.09,0.91,0.0,0,None
2026-04-02 08:00:00,27.96,1,0,0,233.4,13.17,2.891,1.046,0.94,0.7228,41.17,133.82,40,13.38,1.086,1.119,0.053,0.119,1.318,0.315,0,0,Normal,2.73,3.33,0.98,0.0,0,None
2026-04-02 08:15:00,28.02,1,0,0,233.5,13.41,2.863,1.267,0.914,0.7158,41.89,136.14,40,13.61,1.15,1.119,0.038,0.02,1.447,0.208,0,0,Normal,4.41,1.25,0.83,0.0,0,None
2026-04-02 08:30:00,28.38,1,0,0,234.91,17.14,3.677,1.64,0.913,0.9192,42.81,139.13,40,13.91,1.295,1.119,0.062,0.02,1.856,0.444,0,0,Normal,2.25,2.15,0.51,0.0,0,None
2026-04-02 08:45:00,28.07,1,0,0,232.42,15.26,3.221,1.487,0.908,0.8053,43.62,141.75,40,14.17,1.084,1.119,0.048,0.02,1.764,0.305,0,0,Normal,2.77,2.99,0.52,0.0,0,None
2026-04-02 09:00:00,28.91,0,0,0,233.33,0.9,0.2,0.063,0.954,0.05,43.66,141.91,40,14.19,0.0,1.119,0.049,0.02,0.0,0.131,0,0,Normal,3.66,2.03,0.52,0.0,0,None
2026-04-02 09:15:00,29.15,0,0,0,232.07,1.88,0.404,0.168,0.924,0.101,43.77,142.24,40,14.22,0.0,1.119,0.059,0.123,0.0,0.222,0,0,Normal,3.49,1.99,0.92,0.0,0,None
2026-04-02 09:30:00,29.67,0,0,0,233.14,1.23,0.269,0.098,0.94,0.0672,43.83,142.46,40,14.25,0.0,1.119,0.052,0.12,0.0,0.097,0,0,Normal,2.38,2.9,0.89,0.0,0,None
2026-04-02 09:45:00,30.16,0,0,0,231.58,1.29,0.284,0.092,0.951,0.071,43.9,142.69,40,14.27,0.0,1.119,0.071,0.02,0.0,0.193,0,0,Normal,4.07,2.68,0.37,0.0,0,None
2026-04-02 10:00:00,31.81,0,0,0,235.08,0.82,0.183,0.06,0.95,0.0458,43.95,142.84,40,14.28,0.0,1.119,0.055,0.02,0.0,0.108,0,0,Normal,3.98,3.04,0.77,0.0,0,None
2026-04-02 10:15:00,31.39,0,0,0,232.66,0.84,0.187,0.058,0.956,0.0468,44.0,142.99,40,14.3,0.0,1.119,0.05,0.02,0.0,0.117,0,0,Normal,3.45,3.51,0.87,0.0,0,None
2026-04-02 10:30:00,31.14,0,0,0,231.18,0.96,0.21,0.074,0.943,0.0525,44.05,143.16,40,14.32,0.0,1.119,0.047,0.02,0.0,0.143,0,0,Normal,3.32,3.0,0.94,0.0,0,None
2026-04-02 10:45:00,31.37,0,0,0,230.13,1.65,0.338,0.175,0.888,0.0845,44.13,143.43,40,14.34,0.0,1.119,0.057,0.127,0.0,0.154,0,0,Normal,3.61,2.05,0.52,0.0,0,None
2026-04-02 11:00:00,31.91,0,0,0,231.71,2.02,0.417,0.212,0.892,0.1042,44.24,143.77,40,14.38,0.0,1.119,0.054,0.118,0.0,0.245,0,0,Normal,2.34,2.95,0.76,0.0,0,None
2026-04-02 11:15:00,32.17,0,0,0,230.92,1.28,0.269,0.122,0.911,0.0672,44.31,143.99,40,14.4,0.0,1.119,0.047,0.02,0.0,0.202,0,0,Normal,3.21,2.68,0.32,0.0,0,None
2026-04-02 11:30:00,31.83,0,0,0,231.94,0.81,0.172,0.074,0.919,0.043,44.35,144.13,40,14.41,0.0,1.119,0.055,0.02,0.0,0.097,0,0,Normal,4.3,3.11,0.36,0.0,0,None
2026-04-02 11:45:00,31.62,0,0,0,231.69,1.32,0.286,0.11,0.933,0.0715,44.42,144.36,40,14.44,0.0,1.119,0.029,0.02,0.0,0.237,0,0,Normal,3.2,2.51,0.84,0.0,0,None
2026-04-02 12:00:00,33.36,0,0,0,230.71,1.17,0.253,0.093,0.939,0.0632,44.48,144.57,40,14.46,0.0,1.119,0.06,0.02,0.0,0.173,0,0,Normal,3.81,3.84,0.26,0.0,0,None
2026-04-02 12:15:00,33.29,0,0,0,229.47,1.76,0.359,0.186,0.888,0.0898,44.57,144.86,40,14.49,0.0,1.119,0.066,0.114,0.0,0.179,0,0,Normal,3.09,2.24,0.71,0.0,0,None
2026-04-02 12:30:00,33.54,0,0,0,227.79,2.07,0.417,0.22,0.884,0.1042,44.68,145.2,40,14.52,0.0,1.119,0.073,0.122,0.0,0.222,0,0,Normal,2.07,1.66,0.36,0.0,0,None
2026-04-02 12:45:00,33.47,0,0,0,229.95,1.42,0.307,0.109,0.943,0.0768,44.75,145.45,40,14.54,0.0,1.119,0.065,0.02,0.0,0.222,0,0,Normal,3.13,1.77,0.58,0.0,0,None
2026-04-02 13:00:00,33.92,0,0,0,229.04,1.35,0.294,0.094,0.953,0.0735,44.83,145.69,40,14.57,0.0,1.119,0.044,0.02,0.0,0.23,0,0,Normal,3.8,2.45,0.62,0.0,0,None
2026-04-02 13:15:00,34.07,0,0,0,230.25,1.18,0.246,0.117,0.903,0.0615,44.89,145.89,40,14.59,0.0,1.119,0.06,0.02,0.0,0.166,0,0,Normal,2.86,3.62,0.69,0.0,0,None
2026-04-02 13:30:00,33.77,0,0,0,229.87,0.96,0.203,0.088,0.918,0.0508,44.94,146.05,40,14.61,0.0,1.119,0.05,0.02,0.0,0.133,0,0,Normal,3.03,2.68,0.4,0.0,0,None
2026-04-02 13:45:00,34.0,0,0,0,226.24,1.89,0.407,0.13,0.952,0.1017,45.04,146.38,40,14.64,0.0,1.119,0.05,0.12,0.0,0.237,0,0,Normal,3.81,3.38,0.47,0.0,0,None
2026-04-02 14:00:00,33.64,0,0,0,227.85,1.46,0.304,0.134,0.915,0.076,45.12,146.63,40,14.66,0.0,1.119,0.049,0.112,0.0,0.143,0,0,Normal,2.32,2.48,0.97,0.0,0,None
2026-04-02 14:15:00,34.18,0,0,0,226.37,0.87,0.173,0.092,0.883,0.0432,45.16,146.77,40,14.68,0.0,1.12,0.05,0.02,0.0,0.103,0,0,Normal,3.97,2.46,0.96,0.0,0,None
2026-04-02 14:30:00,34.33,0,0,0,227.02,1.3,0.273,0.113,0.924,0.0682,45.23,146.99,40,14.7,0.0,1.12,0.047,0.02,0.0,0.206,0,0,Normal,3.77,3.81,0.48,0.0,0,None
2026-04-02 14:45:00,33.67,0,0,0,228.09,0.71,0.154,0.051,0.95,0.0385,45.27,147.12,40,14.71,0.0,1.12,0.04,0.02,0.0,0.094,0,0,Normal,4.03,1.45,0.9,0.0,0,None
2026-04-02 15:00:00,33.82,0,0,0,228.38,1.25,0.255,0.126,0.897,0.0638,45.33,147.33,40,14.73,0.0,1.12,0.041,0.02,0.0,0.194,0,0,Normal,2.23,1.04,0.72,0.0,0,None
2026-04-02 15:15:00,33.48,0,0,0,225.41,1.17,0.246,0.095,0.933,0.0615,45.39,147.53,40,14.75,0.0,1.12,0.043,0.122,0.0,0.081,0,0,Normal,2.76,2.69,0.99,0.0,0,None
2026-04-02 15:30:00,33.53,0,0,0,223.3,1.41,0.297,0.103,0.945,0.0743,45.47,147.77,40,14.78,0.0,1.12,0.048,0.115,0.0,0.134,0,0,Normal,3.78,2.12,0.8,0.0,0,None
2026-04-02 15:45:00,33.23,0,0,0,227.72,0.8,0.167,0.072,0.918,0.0418,45.51,147.9,40,14.79,0.0,1.12,0.05,0.02,0.0,0.097,0,0,Normal,2.74,2.72,0.95,0.0,0,None
2026-04-02 16:00:00,33.83,0,0,0,226.16,1.53,0.316,0.139,0.915,0.079,45.59,148.16,40,14.82,0.0,1.12,0.062,0.02,0.0,0.234,0,0,Normal,2.05,3.51,0.69,0.0,0,None
2026-04-02 16:15:00,33.73,0,0,0,226.28,0.88,0.179,0.087,0.899,0.0448,45.63,148.3,40,14.83,0.0,1.12,0.049,0.02,0.0,0.11,0,0,Normal,2.8,2.06,0.71,0.0,0,None
2026-04-02 16:30:00,33.46,0,0,0,225.91,0.9,0.187,0.078,0.922,0.0468,45.68,148.46,40,14.85,0.0,1.12,0.038,0.02,0.0,0.129,0,0,Normal,3.47,2.26,0.36,0.0,0,None
2026-04-02 16:45:00,34.18,0,0,0,226.82,1.24,0.267,0.09,0.948,0.0668,45.75,148.67,40,14.87,0.0,1.12,0.043,0.127,0.0,0.097,0,0,Normal,3.44,2.27,0.82,0.0,0,None
2026-04-02 17:00:00,32.15,0,0,0,226.72,1.82,0.364,0.194,0.883,0.091,45.84,148.97,40,14.9,0.0,1.12,0.047,0.118,0.0,0.199,0,0,Normal,4.44,1.13,0.41,0.0,0,None
2026-04-02 17:15:00,33.76,0,0,0,226.35,0.9,0.192,0.07,0.94,0.048,45.88,149.13,40,14.91,0.0,1.12,0.049,0.02,0.0,0.123,0,0,Normal,3.26,2.39,0.23,0.0,0,None
2026-04-02 17:30:00,32.13,0,0,0,226.18,1.22,0.254,0.109,0.919,0.0635,45.95,149.33,40,14.93,0.0,1.12,0.066,0.02,0.0,0.168,0,0,Normal,3.81,3.61,0.81,0.0,0,None
2026-04-02 17:45:00,32.37,0,0,0,225.89,0.8,0.161,0.08,0.895,0.0402,45.99,149.46,40,14.95,0.0,1.12,0.04,0.02,0.0,0.101,0,0,Normal,4.11,3.32,0.71,0.0,0,None
2026-04-02 18:00:00,30.8,1,0,1,227.53,15.34,3.28,1.192,0.94,0.82,46.81,152.13,40,15.21,2.449,1.12,0.357,0.02,0.0,0.454,0,0,Normal,2.81,2.32,0.67,0.0,0,None
2026-04-02 18:15:00,31.19,1,0,1,224.26,16.96,3.437,1.631,0.903,0.8592,47.67,154.92,40,15.49,2.545,1.12,0.357,0.117,0.0,0.418,0,0,Normal,3.29,1.43,0.79,0.0,0,None
2026-04-02 18:30:00,31.42,1,0,1,227.13,16.87,3.514,1.53,0.917,0.8785,48.55,157.78,40,15.78,2.716,1.12,0.346,0.121,0.0,0.331,0,0,Normal,2.15,1.54,0.28,0.0,0,None
2026-04-02 18:45:00,30.94,1,0,1,227.8,16.33,3.328,1.665,0.894,0.832,49.38,160.48,40,16.05,2.535,1.12,0.334,0.02,0.0,0.439,0,0,Normal,3.8,1.01,0.9,0.0,0,None
2026-04-02 19:00:00,30.44,1,0,1,228.38,21.45,4.64,1.572,0.947,1.16,50.54,164.68,65,16.47,2.194,1.12,0.355,0.02,1.659,0.412,0,0,Normal,3.85,1.88,0.77,0.0,0,None
2026-04-02 19:15:00,29.67,1,0,1,227.98,21.23,4.494,1.794,0.929,1.1235,51.66,169.23,65,16.92,1.846,1.12,0.357,0.02,1.95,0.321,0,0,Normal,3.37,1.13,0.65,0.0,0,None
2026-04-02 19:30:00,29.69,1,0,1,226.92,18.46,3.847,1.657,0.918,0.9618,52.62,173.13,65,17.31,1.887,1.12,0.341,0.02,1.201,0.398,0,0,Normal,3.51,2.43,0.87,0.0,0,None
2026-04-02 19:45:00,29.1,1,0,1,227.1,18.7,3.987,1.462,0.939,0.9968,53.62,177.16,65,17.72,1.531,1.12,0.346,0.114,1.638,0.358,0,0,Normal,3.8,1.8,0.96,0.0,0,None
2026-04-02 20:00:00,28.21,1,0,1,228.43,18.61,3.847,1.811,0.905,0.9617,54.58,181.06,65,18.11,1.126,1.12,0.342,0.121,1.95,0.308,0,0,Normal,4.33,1.18,0.81,0.0,0,None
2026-04-02 20:15:00,27.93,1,0,1,228.03,17.04,3.44,1.808,0.885,0.86,55.44,184.54,65,18.45,1.153,1.12,0.365,0.02,1.486,0.416,0,0,Normal,3.07,1.92,0.41,0.0,0,None
2026-04-02 20:30:00,27.7,1,0,1,224.89,14.9,3.187,1.036,0.951,0.7968,56.24,187.77,65,18.78,0.984,1.12,0.345,0.02,1.416,0.422,0,0,Normal,4.41,1.32,0.71,0.0,0,None
2026-04-02 20:45:00,27.61,1,0,1,227.17,18.34,3.696,1.925,0.887,0.924,57.16,191.51,65,19.15,1.017,1.121,0.344,0.02,1.98,0.335,0,0,Normal,3.33,3.11,0.61,0.0,0,None
2026-04-02 21:00:00,27.78,1,0,1,229.33,16.68,3.598,1.296,0.941,0.8995,58.06,195.15,65,19.52,0.967,1.121,0.362,0.02,1.79,0.459,0,0,Normal,3.09,3.0,0.42,0.0,0,None
2026-04-02 21:15:00,26.32,1,0,1,228.76,13.02,2.706,1.244,0.909,0.6765,58.74,197.89,65,19.79,0.285,1.121,0.341,0.121,1.597,0.362,0,0,Normal,3.06,1.41,0.26,0.0,0,None
2026-04-02 21:30:00,25.72,1,0,1,228.4,13.58,2.744,1.448,0.884,0.686,59.42,200.67,65,20.07,0.151,1.121,0.327,0.112,1.762,0.392,0,0,Normal,3.61,2.51,0.66,0.0,0,None
2026-04-02 21:45:00,26.1,1,0,1,228.13,13.57,2.747,1.429,0.887,0.6868,60.11,203.45,65,20.35,0.317,1.121,0.353,0.02,1.695,0.362,0,0,Normal,4.31,1.49,0.75,0.0,0,None
2026-04-02 22:00:00,24.97,1,0,1,228.99,3.28,0.7,0.272,0.932,0.175,60.29,204.16,65,20.42,0.0,1.121,0.348,0.02,0.0,0.332,0,0,Normal,4.27,3.0,0.81,0.0,0,None
2026-04-02 22:15:00,25.27,1,0,1,229.18,3.55,0.737,0.343,0.906,0.1842,60.47,204.91,65,20.49,0.0,1.121,0.362,0.02,0.0,0.355,0,0,Normal,3.73,3.4,0.86,0.0,0,None
2026-04-02 22:30:00,25.28,1,0,1,231.85,3.34,0.7,0.329,0.905,0.175,60.65,205.62,65,20.56,0.0,1.121,0.36,0.02,0.0,0.32,0,0,Normal,2.31,2.51,0.4,0.0,0,None
2026-04-02 22:45:00,25.34,1,0,1,228.91,4.15,0.904,0.289,0.952,0.226,60.87,206.53,65,20.65,0.0,1.121,0.364,0.111,0.0,0.429,0,0,Normal,3.96,2.78,0.93,0.0,0,None
2026-04-02 23:00:00,23.43,1,0,1,228.02,3.54,0.751,0.298,0.929,0.1878,61.06,207.29,65,20.73,0.0,1.121,0.342,0.122,0.0,0.287,0,0,Normal,3.85,2.58,0.43,0.0,0,None
2026-04-02 23:15:00,23.93,1,0,1,231.45,3.27,0.677,0.34,0.894,0.1693,61.23,207.98,65,20.8,0.0,1.121,0.352,0.02,0.0,0.305,0,0,Normal,4.0,2.35,0.36,0.0,0,None
2026-04-02 23:30:00,23.32,1,0,1,229.13,3.43,0.716,0.326,0.91,0.179,61.41,208.7,65,20.87,0.0,1.121,0.347,0.02,0.0,0.349,0,0,Normal,3.28,1.21,0.55,0.0,0,None
2026-04-02 23:45:00,23.45,1,0,1,225.3,4.05,0.859,0.308,0.941,0.2148,61.62,209.57,65,20.96,0.0,1.121,0.362,0.02,0.0,0.477,0,0,Normal,3.42,1.24,0.92,0.0,0,None
2026-04-03 00:00:00,22.34,1,0,0,229.27,3.34,0.712,0.279,0.931,0.178,61.8,210.29,65,21.03,0.0,1.121,0.351,0.02,0.0,0.341,0,0,Normal,3.94,3.51,0.29,0.0,0,None
2026-04-03 00:15:00,22.21,1,0,0,231.27,3.71,0.782,0.355,0.911,0.1955,62.0,211.08,65,21.11,0.0,1.121,0.354,0.116,0.0,0.312,0,0,Normal,3.6,3.09,0.89,0.0,0,None
2026-04-03 00:30:00,23.34,1,0,0,229.91,4.17,0.873,0.399,0.91,0.2182,62.21,211.97,65,21.2,0.0,1.121,0.358,0.117,0.0,0.398,0,0,Normal,3.97,2.2,0.29,0.0,0,None
2026-04-03 00:45:00,23.15,1,0,0,231.46,3.66,0.775,0.34,0.916,0.1938,62.41,212.75,65,21.28,0.0,1.121,0.362,0.02,0.0,0.393,0,0,Normal,2.07,1.34,0.57,0.0,0,None
2026-04-03 01:00:00,22.69,1,0,0,231.82,10.68,2.294,0.934,0.926,0.5735,62.98,215.08,65,21.51,1.6,1.121,0.371,0.02,0.0,0.303,1,1,Unnecessary Night HVAC,3.18,1.48,0.48,0.0,0,None
2026-04-03 01:15:00,22.22,1,0,0,232.69,10.7,2.227,1.112,0.895,0.5568,63.54,217.33,65,21.73,1.6,1.121,0.357,0.02,0.0,0.25,1,1,Unnecessary Night HVAC,3.69,1.62,0.32,0.0,0,None
2026-04-03 01:30:00,22.59,1,0,0,231.18,10.97,2.435,0.711,0.96,0.6088,64.15,219.8,65,21.98,1.6,1.121,0.346,0.02,0.0,0.469,1,1,Unnecessary Night HVAC,3.7,3.53,0.37,0.0,0,None
2026-04-03 01:45:00,21.32,1,0,0,232.21,10.85,2.315,0.992,0.919,0.5788,64.73,222.14,65,22.21,1.6,1.121,0.353,0.11,0.0,0.252,1,1,Unnecessary Night HVAC,3.7,1.81,0.93,0.0,0,None
2026-04-03 02:00:00,22.43,1,0,0,231.64,11.34,2.449,0.949,0.932,0.6122,65.34,224.62,65,22.46,1.6,1.121,0.352,0.122,0.0,0.375,1,1,Unnecessary Night HVAC,4.19,3.77,0.39,0.0,0,None
2026-04-03 02:15:00,22.09,1,0,0,232.73,10.62,2.266,0.988,0.917,0.5665,65.9,226.91,65,22.69,1.6,1.121,0.341,0.02,0.0,0.305,1,1,Unnecessary Night HVAC,2.94,3.94,0.59,0.0,0,None
2026-04-03 02:30:00,22.31,1,0,0,233.14,10.79,2.298,1.023,0.914,0.5745,66.48,229.24,65,22.92,1.6,1.121,0.357,0.02,0.0,0.321,1,1,Unnecessary Night HVAC,4.39,3.69,0.21,0.0,0,None
2026-04-03 02:45:00,22.19,1,0,0,232.25,11.35,2.321,1.251,0.88,0.5802,67.06,231.59,65,23.16,1.6,1.121,0.34,0.02,0.0,0.361,1,1,Unnecessary Night HVAC,4.1,2.47,0.66,0.0,0,None
2026-04-03 03:00:00,21.71,1,0,0,234.75,10.38,2.315,0.762,0.95,0.5788,67.64,233.93,65,23.39,1.6,1.121,0.333,0.02,0.0,0.362,1,1,Unnecessary Night HVAC,3.51,2.16,0.97,0.0,0,None
2026-04-03 03:15:00,21.46,1,0,0,234.65,10.79,2.329,0.995,0.92,0.5822,68.22,236.29,65,23.63,1.6,1.122,0.348,0.115,0.0,0.266,1,1,Unnecessary Night HVAC,3.4,3.31,0.54,0.0,0,None
2026-04-03 03:30:00,21.85,1,0,0,233.54,11.37,2.439,1.053,0.918,0.6098,68.83,238.76,65,23.88,1.6,1.122,0.327,0.116,0.0,0.396,1,1,Unnecessary Night HVAC,3.58,2.04,0.37,0.0,0,None
2026-04-03 03:45:00,22.49,1,0,0,234.08,10.94,2.445,0.76,0.955,0.6113,69.44,241.24,65,24.12,1.6,1.122,0.366,0.02,0.0,0.459,1,1,Unnecessary Night HVAC,4.19,2.68,0.87,0.0,0,None
2026-04-03 04:00:00,23.15,1,0,0,231.66,11.61,2.465,1.077,0.916,0.6163,70.06,243.73,65,24.37,1.6,1.122,0.358,0.02,0.0,0.487,1,1,Unnecessary Night HVAC,3.17,2.08,0.76,0.0,0,None
2026-04-03 04:15:00,22.12,1,0,0,234.08,10.95,2.367,0.983,0.924,0.5918,70.65,246.13,65,24.61,1.6,1.122,0.358,0.02,0.0,0.389,1,1,Unnecessary Night HVAC,2.76,3.46,0.95,0.0,0,None
2026-04-03 04:30:00,22.31,1,0,0,232.44,11.38,2.33,1.251,0.881,0.5825,71.23,248.49,65,24.85,1.6,1.122,0.345,0.02,0.0,0.365,1,1,Unnecessary Night HVAC,3.65,1.82,0.44,0.0,0,None
2026-04-03 04:45:00,22.44,1,0,0,233.56,10.99,2.338,1.058,0.911,0.5845,71.82,250.86,65,25.09,1.6,1.122,0.35,0.12,0.0,0.268,1,1,Unnecessary Night HVAC,4.46,2.26,0.77,0.0,0,None
2026-04-03 05:00:00,23.58,1,0,0,233.73,3.34,0.698,0.35,0.894,0.1745,71.99,251.56,65,25.16,0.0,1.122,0.337,0.124,0.0,0.237,0,0,Normal,3.12,1.06,0.34,0.0,0,None
2026-04-03 05:15:00,23.08,1,0,0,234.0,3.24,0.724,0.226,0.954,0.181,72.17,252.3,65,25.23,0.0,1.122,0.348,0.02,0.0,0.356,0,0,Normal,3.23,1.98,0.53,0.0,0,None
2026-04-03 05:30:00,23.05,1,0,0,234.6,2.88,0.629,0.25,0.929,0.1572,72.33,252.93,65,25.29,0.0,1.122,0.342,0.02,0.0,0.267,0,0,Normal,4.02,1.61,0.85,0.0,0,None
2026-04-03 05:45:00,23.35,1,0,0,233.5,3.66,0.794,0.317,0.929,0.1985,72.53,253.74,65,25.37,0.0,1.122,0.343,0.02,0.0,0.431,0,0,Normal,2.81,2.36,0.62,0.0,0,None
2026-04-03 06:00:00,25.04,1,0,0,235.0,10.04,2.225,0.785,0.943,0.5562,73.08,255.99,65,25.6,0.0,1.122,0.363,0.02,1.563,0.279,0,0,Normal,2.9,3.48,0.79,0.0,0,None
2026-04-03 06:15:00,24.41,1,0,0,234.33,11.75,2.631,0.813,0.955,0.6578,73.74,258.65,65,25.87,0.0,1.122,0.357,0.121,1.943,0.21,0,0,Normal,3.01,3.29,0.6,0.0,0,None
2026-04-03 06:30:00,24.94,1,0,0,231.59,10.11,2.128,0.977,0.909,0.532,74.27,260.81,65,26.08,0.0,1.122,0.344,0.117,1.376,0.291,0,0,Normal,3.04,3.07,0.47,0.0,0,None
2026-04-03 06:45:00,25.53,1,0,0,233.07,11.02,2.451,0.771,0.954,0.6128,74.89,263.29,65,26.33,0.022,1.122,0.373,0.02,1.625,0.411,0,0,Normal,2.61,1.36,0.98,0.0,0,None
2026-04-03 07:00:00,25.8,1,0,0,234.7,9.29,2.011,0.845,0.922,0.5028,75.39,265.33,65,26.53,0.09,1.122,0.031,0.02,1.575,0.295,0,0,Normal,3.05,1.25,0.71,0.0,0,None
2026-04-03 07:15:00,26.34,1,0,0,236.0,11.34,2.504,0.945,0.936,0.626,76.02,267.86,65,26.79,0.305,1.122,0.067,0.02,1.818,0.294,0,0,Normal,4.19,1.24,0.26,0.0,0,None
2026-04-03 07:30:00,26.96,1,0,0,232.56,13.62,2.899,1.277,0.915,0.7248,76.74,270.8,65,27.08,0.581,1.122,0.046,0.02,1.782,0.47,0,0,Normal,3.45,3.13,0.47,0.0,0,None
2026-04-03 07:45:00,26.24,1,0,0,234.65,11.22,2.368,1.15,0.9,0.592,77.33,273.19,65,27.32,0.341,1.122,0.034,0.111,1.592,0.29,0,0,Normal,3.31,3.88,0.5,0.0,0,None
2026-04-03 08:00:00,27.71,1,0,0,231.43,13.33,2.857,1.166,0.926,0.7142,78.05,276.09,65,27.61,0.959,1.122,0.045,0.125,1.45,0.278,0,0,Normal,2.63,2.81,0.45,0.0,0,None
2026-04-03 08:15:00,28.58,1,0,0,235.13,17.5,3.821,1.528,0.929,0.9552,79.0,279.96,65,28.0,1.39,1.122,0.056,0.02,1.948,0.407,0,0,Normal,3.26,3.64,0.5,0.0,0,None
2026-04-03 08:30:00,27.85,1,0,0,233.72,13.58,2.935,1.205,0.925,0.7338,79.74,282.93,65,28.29,1.022,1.122,0.062,0.02,1.52,0.311,0,0,Normal,2.14,1.37,0.9,0.0,0,None
2026-04-03 08:45:00,28.55,1,0,0,233.6,17.81,3.765,1.773,0.905,0.9412,80.68,286.74,65,28.67,1.382,1.122,0.051,0.02,1.803,0.509,0,0,Normal,3.09,1.16,0.45,0.0,0,None
2026-04-03 09:00:00,29.77,0,0,0,232.78,0.75,0.157,0.076,0.901,0.0392,80.72,286.9,65,28.69,0.0,1.122,0.045,0.02,0.0,0.092,0,0,Normal,2.85,3.88,0.67,0.0,0,None
2026-04-03 09:15:00,29.38,0,0,0,231.71,1.67,0.362,0.137,0.935,0.0905,80.81,287.26,65,28.73,0.0,1.122,0.068,0.123,0.0,0.171,0,0,Normal,4.39,2.09,0.44,0.0,0,None
2026-04-03 09:30:00,29.79,0,0,0,232.19,1.7,0.36,0.162,0.911,0.09,80.9,287.63,65,28.76,0.0,1.122,0.042,0.116,0.0,0.202,0,0,Normal,3.89,1.65,0.43,0.0,0,None
2026-04-03 09:45:00,29.71,0,0,0,234.87,0.81,0.17,0.087,0.891,0.0425,80.94,287.8,65,28.78,0.0,1.123,0.046,0.02,0.0,0.104,0,0,Normal,2.05,1.8,0.55,0.0,0,None
2026-04-03 10:00:00,31.51,0,0,0,231.43,0.9,0.185,0.094,0.891,0.0462,80.98,287.99,65,28.8,0.0,1.123,0.052,0.02,0.0,0.113,0,0,Normal,3.9,2.02,0.66,0.0,0,None
2026-04-03 10:15:00,30.73,0,0,0,233.29,1.38,0.295,0.131,0.914,0.0738,81.06,288.29,65,28.83,0.0,1.123,0.053,0.02,0.0,0.222,0,0,Normal,3.99,2.79,0.76,0.0,0,None
2026-04-03 10:30:00,31.02,0,0,0,231.08,0.99,0.202,0.106,0.886,0.0505,81.11,288.49,65,28.85,0.0,1.123,0.04,0.02,0.0,0.142,0,0,Normal,4.39,3.4,0.67,0.0,0,None
2026-04-03 10:45:00,30.97,0,0,0,231.23,1.41,0.302,0.123,0.926,0.0755,81.18,288.8,65,28.88,0.0,1.123,0.065,0.121,0.0,0.116,0,0,Normal,3.25,3.93,0.76,0.0,0,None
2026-04-03 11:00:00,32.59,0,0,0,229.6,2.04,0.415,0.218,0.885,0.1038,81.29,289.22,65,28.92,0.0,1.123,0.055,0.114,0.0,0.246,0,0,Normal,4.0,2.25,0.66,0.0,0,None
2026-04-03 11:15:00,31.73,0,0,0,229.35,0.72,0.156,0.053,0.947,0.039,81.33,289.38,65,28.94,0.0,1.123,0.05,0.02,0.0,0.086,0,0,Normal,2.5,2.14,0.79,0.0,0,None
2026-04-03 11:30:00,32.75,0,0,0,231.86,0.83,0.179,0.07,0.932,0.0448,81.37,289.56,65,28.96,0.0,1.123,0.042,0.02,0.0,0.117,0,0,Normal,3.44,3.56,0.59,0.0,0,None
2026-04-03 11:45:00,32.48,0,0,0,229.43,1.34,0.29,0.1,0.946,0.0725,81.44,289.85,65,28.99,0.0,1.123,0.039,0.02,0.0,0.231,0,0,Normal,2.42,3.98,0.87,0.0,0,None
2026-04-03 12:00:00,32.54,0,0,0,229.83,1.23,0.258,0.116,0.912,0.0645,81.51,290.11,65,29.01,0.0,1.123,0.051,0.02,0.0,0.187,0,0,Normal,2.95,3.45,0.68,0.0,0,None
2026-04-03 12:15:00,33.8,0,0,0,230.89,1.35,0.275,0.148,0.881,0.0688,81.58,290.39,65,29.04,0.0,1.123,0.068,0.126,0.0,0.081,0,0,Normal,2.66,1.26,0.51,0.0,0,None
2026-04-03 12:30:00,34.31,0,0,0,228.01,1.62,0.329,0.17,0.889,0.0822,81.66,290.72,65,29.07,0.0,1.123,0.047,0.117,0.0,0.165,0,0,Normal,4.12,2.58,0.26,0.0,0,None
2026-04-03 12:45:00,33.7,0,0,0,229.65,1.57,0.337,0.13,0.933,0.0842,81.74,291.06,65,29.11,0.0,1.123,0.067,0.02,0.0,0.25,0,0,Normal,2.55,2.82,0.99,0.0,0,None
2026-04-03 13:00:00,34.51,0,0,0,228.09,1.3,0.263,0.138,0.886,0.0658,81.81,291.33,65,29.13,0.0,1.123,0.059,0.02,0.0,0.184,0,0,Normal,4.24,1.27,0.45,0.0,0,None
2026-04-03 13:15:00,33.84,0,0,0,226.46,1.39,0.279,0.144,0.889,0.0698,81.88,291.61,65,29.16,0.0,1.123,0.043,0.02,0.0,0.216,0,0,Normal,3.76,3.82,0.67,0.0,0,None
2026-04-03 13:30:00,32.96,0,0,0,228.96,0.72,0.156,0.052,0.949,0.039,81.92,291.77,65,29.18,0.0,1.123,0.052,0.02,0.0,0.084,0,0,Normal,2.65,2.6,0.59,0.0,0,None
2026-04-03 13:45:00,32.87,0,0,0,226.89,1.39,0.283,0.138,0.899,0.0708,81.99,292.06,65,29.21,0.0,1.123,0.06,0.128,0.0,0.095,0,0,Normal,2.95,3.34,0.92,0.0,0,None
2026-04-03 14:00:00,34.13,0,0,0,229.34,1.62,0.347,0.136,0.931,0.0867,82.08,292.41,65,29.24,0.0,1.123,0.048,0.119,0.0,0.18,0,0,Normal,3.61,3.81,0.71,0.0,0,None
2026-04-03 14:15:00,33.7,0,0,0,228.36,1.11,0.239,0.085,0.942,0.0598,82.14,292.65,65,29.27,0.0,1.123,0.045,0.02,0.0,0.174,0,0,Normal,3.22,3.85,0.38,0.0,0,None
2026-04-03 14:30:00,33.54,0,0,0,229.39,1.26,0.264,0.119,0.911,0.066,82.2,292.92,65,29.29,0.0,1.123,0.059,0.02,0.0,0.185,0,0,Normal,2.91,2.26,0.56,0.0,0,None
2026-04-03 14:45:00,33.97,0,0,0,230.46,0.72,0.151,0.067,0.913,0.0378,82.24,293.07,65,29.31,0.0,1.123,0.045,0.02,0.0,0.086,0,0,Normal,2.02,2.92,0.69,0.0,0,None
2026-04-03 15:00:00,34.1,0,0,0,227.38,1.17,0.247,0.096,0.932,0.0618,82.3,293.32,65,29.33,0.0,1.123,0.038,0.02,0.0,0.189,0,0,Normal,3.95,2.95,0.5,0.0,0,None
2026-04-03 15:15:00,33.07,0,0,0,229.31,1.09,0.238,0.079,0.949,0.0595,82.36,293.56,65,29.36,0.0,1.123,0.037,0.119,0.0,0.082,0,0,Normal,3.64,2.88,0.63,0.0,0,None
2026-04-03 15:30:00,33.57,0,0,0,224.52,1.95,0.41,0.152,0.938,0.1025,82.46,293.98,65,29.4,0.0,1.123,0.069,0.118,0.0,0.223,0,0,Normal,2.9,2.48,0.59,0.0,0,None
2026-04-03 15:45:00,34.55,0,0,0,226.02,0.85,0.175,0.078,0.914,0.0438,82.51,294.15,65,29.42,0.0,1.123,0.065,0.02,0.0,0.09,0,0,Normal,4.19,3.37,0.71,0.0,0,None
2026-04-03 16:00:00,32.66,0,0,0,228.22,1.45,0.294,0.15,0.891,0.0735,82.58,294.45,65,29.45,0.0,1.123,0.051,0.02,0.0,0.223,0,0,Normal,3.78,1.71,0.46,0.0,0,None
2026-04-03 16:15:00,33.63,0,0,0,225.8,0.79,0.164,0.072,0.915,0.041,82.62,294.62,65,29.46,0.0,1.124,0.05,0.02,0.0,0.094,0,0,Normal,3.12,3.82,0.31,0.0,0,None
2026-04-03 16:30:00,32.95,0,0,0,224.93,0.72,0.155,0.05,0.951,0.0388,82.66,294.78,65,29.48,0.0,1.124,0.045,0.02,0.0,0.09,0,0,Normal,3.03,3.25,0.52,0.0,0,None
2026-04-03 16:45:00,33.47,0,0,0,226.56,1.27,0.269,0.102,0.935,0.0672,82.73,295.05,65,29.5,0.0,1.124,0.028,0.124,0.0,0.117,0,0,Normal,2.23,3.65,0.77,0.0,0,None
2026-04-03 17:00:00,32.79,0,0,0,225.3,1.7,0.344,0.168,0.899,0.086,82.81,295.4,65,29.54,0.0,1.124,0.02,0.118,0.0,0.206,0,0,Normal,3.9,3.09,0.62,0.0,0,None
2026-04-03 17:15:00,32.61,0,0,0,227.86,0.84,0.181,0.062,0.947,0.0452,82.86,295.58,65,29.56,0.0,1.124,0.049,0.02,0.0,0.112,0,0,Normal,2.29,2.93,0.27,0.0,0,None
2026-04-03 17:30:00,32.7,0,0,0,226.48,1.33,0.289,0.087,0.958,0.0722,82.93,295.87,65,29.59,0.0,1.124,0.052,0.02,0.0,0.217,0,0,Normal,2.34,1.52,0.28,0.0,0,None
2026-04-03 17:45:00,31.67,0,0,0,227.62,1.14,0.248,0.076,0.956,0.062,82.99,296.12,65,29.61,0.0,1.124,0.043,0.02,0.0,0.185,0,0,Normal,2.96,3.78,0.75,0.0,0,None
2026-04-03 18:00:00,31.56,1,0,1,226.03,16.62,3.438,1.512,0.915,0.8595,83.85,299.6,65,29.96,2.664,1.124,0.334,0.02,0.0,0.42,0,0,Normal,3.98,3.99,0.22,0.0,0,None
2026-04-03 18:15:00,30.57,1,0,1,224.76,16.46,3.296,1.679,0.891,0.824,84.68,302.94,65,30.29,2.323,1.124,0.351,0.111,0.0,0.511,0,0,Normal,4.48,1.69,0.64,0.0,0,None
2026-04-03 18:30:00,31.13,1,0,1,228.03,15.38,3.313,1.149,0.945,0.8282,85.5,306.3,65,30.63,2.545,1.124,0.34,0.118,0.0,0.31,0,0,Normal,4.25,1.82,0.4,0.0,0,None
2026-04-03 18:45:00,31.13,1,0,1,227.28,15.62,3.258,1.408,0.918,0.8145,86.32,309.59,65,30.96,2.592,1.124,0.351,0.02,0.0,0.295,0,0,Normal,3.65,1.26,0.5,0.0,0,None
2026-04-03 19:00:00,29.8,1,0,1,226.71,22.02,4.606,1.924,0.923,1.1515,87.47,314.26,65,31.43,1.92,1.124,0.337,0.02,1.82,0.509,0,0,Normal,4.36,2.66,0.34,0.0,0,None
2026-04-03 19:15:00,29.72,1,0,1,225.14,19.09,4.011,1.543,0.933,1.0028,88.47,318.32,65,31.83,1.924,1.124,0.339,0.02,1.36,0.368,0,0,Normal,4.07,2.44,1.0,0.0,0,None
2026-04-03 19:30:00,29.13,1,0,1,226.71,17.94,3.622,1.849,0.891,0.9055,89.38,321.99,65,32.2,1.635,1.124,0.351,0.02,1.235,0.381,0,0,Normal,3.15,3.74,0.9,0.0,0,None
2026-04-03 19:45:00,28.88,1,0,1,227.39,17.22,3.692,1.305,0.943,0.923,90.3,325.72,65,32.57,1.484,1.124,0.351,0.13,1.286,0.441,0,0,Normal,2.71,2.25,0.93,0.0,0,None
2026-04-03 20:00:00,28.44,1,0,1,226.84,16.25,3.307,1.628,0.897,0.8267,91.13,329.07,65,32.91,1.27,1.124,0.352,0.117,1.244,0.324,0,0,Normal,3.43,2.76,0.81,0.0,0,None
2026-04-03 20:15:00,28.09,1,0,1,227.66,18.26,3.683,1.93,0.886,0.9208,92.05,332.8,65,33.28,1.172,1.124,0.35,0.02,1.732,0.409,0,0,Normal,3.32,3.38,0.48,0.0,0,None
2026-04-03 20:30:00,28.57,1,0,1,226.5,17.84,3.74,1.528,0.926,0.935,92.98,336.59,65,33.66,1.354,1.124,0.344,0.02,1.68,0.342,0,0,Normal,2.11,2.42,0.56,0.0,0,None
2026-04-03 20:45:00,27.98,1,0,1,228.02,15.51,3.212,1.479,0.908,0.803,93.79,339.84,65,33.98,1.085,1.124,0.347,0.02,1.425,0.335,0,0,Normal,2.29,2.84,0.79,0.0,0,None
2026-04-03 21:00:00,25.74,1,0,1,225.19,10.64,2.252,0.815,0.94,0.563,94.35,342.12,65,34.21,0.138,1.124,0.339,0.02,1.433,0.322,0,0,Normal,2.3,3.12,0.61,0.0,0,None
2026-04-03 21:15:00,26.93,1,0,1,226.81,16.67,3.473,1.494,0.919,0.8682,95.22,345.64,65,34.56,0.562,1.124,0.352,0.114,1.94,0.505,0,0,Normal,3.36,2.32,0.96,0.0,0,None
2026-04-03 21:30:00,26.26,1,0,1,227.64,11.95,2.558,0.927,0.94,0.6395,95.86,348.23,65,34.82,0.374,1.124,0.365,0.112,1.241,0.466,0,0,Normal,4.06,3.43,0.26,0.0,0,None
2026-04-03 21:45:00,26.62,1,0,1,227.21,14.64,2.986,1.465,0.898,0.7465,96.6,351.25,65,35.13,0.475,1.124,0.353,0.02,1.781,0.357,0,0,Normal,2.51,3.75,0.44,0.0,0,None
2026-04-03 22:00:00,24.68,1,0,1,228.87,3.05,0.655,0.242,0.938,0.1638,96.77,351.91,65,35.19,0.0,1.124,0.343,0.02,0.0,0.292,0,0,Normal,4.37,1.85,0.41,0.0,0,None
2026-04-03 22:15:00,25.82,1,0,1,227.52,3.93,0.85,0.278,0.95,0.2125,96.98,352.77,65,35.28,0.206,1.124,0.337,0.02,0.0,0.287,0,0,Normal,3.8,3.36,0.95,0.0,0,None
2026-04-03 22:30:00,24.56,1,0,1,229.59,3.56,0.781,0.244,0.955,0.1952,97.18,353.56,65,35.36,0.0,1.124,0.355,0.02,0.0,0.406,0,0,Normal,2.22,2.46,0.48,0.0,0,None
2026-04-03 22:45:00,24.83,1,0,1,227.19,3.65,0.782,0.276,0.943,0.1955,97.37,354.36,65,35.44,0.0,1.124,0.366,0.122,0.0,0.294,0,0,Normal,3.17,2.76,0.99,0.0,0,None
2026-04-03 23:00:00,23.81,1,0,1,228.28,3.91,0.845,0.286,0.947,0.2112,97.58,355.21,65,35.52,0.0,1.125,0.35,0.119,0.0,0.376,0,0,Normal,3.33,2.98,0.68,0.0,0,None
2026-04-03 23:15:00,23.21,1,0,1,228.62,3.38,0.682,0.361,0.884,0.1705,97.75,355.9,65,35.59,0.0,1.125,0.351,0.02,0.0,0.311,0,0,Normal,2.75,1.46,0.42,0.0,0,None
2026-04-03 23:30:00,23.92,1,0,1,229.71,3.32,0.687,0.329,0.902,0.1718,97.93,356.6,65,35.66,0.0,1.125,0.349,0.02,0.0,0.318,0,0,Normal,4.14,1.25,0.86,0.0,0,None
2026-04-03 23:45:00,24.56,1,0,1,228.34,3.43,0.737,0.265,0.941,0.1843,98.11,357.34,65,35.73,0.0,1.125,0.339,0.02,0.0,0.378,0,0,Normal,2.05,1.91,0.5,0.0,0,None
2026-04-04 00:00:00,22.56,1,1,0,229.6,3.57,0.773,0.272,0.943,0.1932,98.3,358.13,65,35.81,0.0,1.125,0.355,0.02,0.0,0.398,0,0,Normal,3.01,1.04,0.44,0.0,0,None
2026-04-04 00:15:00,23.0,1,1,0,229.27,3.82,0.782,0.395,0.892,0.1955,98.5,358.92,65,35.89,0.0,1.125,0.324,0.117,0.0,0.341,0,0,Normal,3.9,3.6,0.26,0.0,0,None
2026-04-04 00:30:00,21.43,1,1,0,231.76,4.37,0.914,0.437,0.902,0.2285,98.73,359.84,65,35.98,0.0,1.125,0.346,0.121,0.0,0.447,0,0,Normal,2.63,1.71,0.23,0.0,0,None
2026-04-04 00:45:00,22.78,1,1,0,230.93,3.38,0.71,0.325,0.909,0.1775,98.9,360.56,65,36.06,0.0,1.125,0.35,0.02,0.0,0.34,0,0,Normal,2.3,3.52,0.23,0.0,0,None
2026-04-04 01:00:00,22.05,1,1,0,230.47,3.2,0.7,0.234,0.948,0.175,99.08,361.27,65,36.13,0.0,1.125,0.335,0.02,0.0,0.345,0,0,Normal,3.31,3.7,0.65,0.0,0,None
2026-04-04 01:15:00,21.8,1,1,0,230.89,3.4,0.725,0.298,0.925,0.1813,99.26,362.01,65,36.2,0.0,1.125,0.333,0.02,0.0,0.372,0,0,Normal,2.16,2.8,0.28,0.0,0,None
2026-04-04 01:30:00,22.75,1,1,0,233.46,4.08,0.865,0.396,0.909,0.2162,99.48,362.88,65,36.29,0.0,1.125,0.346,0.02,0.0,0.499,0,0,Normal,4.07,1.48,0.35,0.0,0,None
2026-04-04 01:45:00,22.04,1,1,0,231.72,4.09,0.852,0.417,0.898,0.213,99.69,363.74,65,36.37,0.0,1.125,0.361,0.119,0.0,0.372,0,0,Normal,3.33,1.81,0.96,0.0,0,None
2026-04-04 02:00:00,21.91,1,1,0,233.09,4.4,0.922,0.448,0.9,0.2305,99.92,364.68,65,36.47,0.0,1.125,0.352,0.127,0.0,0.443,0,0,Normal,4.08,2.47,0.4,0.0,0,None
2026-04-04 02:15:00,21.81,1,1,0,229.31,3.26,0.685,0.298,0.917,0.1713,100.09,365.47,85,36.55,0.0,1.125,0.351,0.02,0.0,0.314,0,0,Normal,2.92,2.13,0.25,0.0,0,None
2026-04-04 02:30:00,21.04,1,1,0,232.21,3.48,0.72,0.366,0.891,0.18,100.27,366.39,85,36.64,0.0,1.125,0.376,0.02,0.0,0.324,0,0,Normal,2.69,3.85,0.38,0.0,0,None
2026-04-04 02:45:00,21.43,1,1,0,231.83,3.19,0.671,0.31,0.908,0.1678,100.44,367.24,85,36.72,0.0,1.125,0.346,0.02,0.0,0.305,0,0,Normal,4.49,1.19,0.28,0.0,0,None
2026-04-04 03:00:00,22.68,1,1,0,231.14,3.75,0.794,0.35,0.915,0.1985,100.64,368.25,85,36.83,0.0,1.125,0.357,0.02,0.0,0.417,0,0,Normal,4.19,3.74,0.83,0.0,0,None
2026-04-04 03:15:00,21.15,1,1,0,233.2,3.95,0.846,0.364,0.919,0.2115,100.85,369.33,85,36.93,0.0,1.125,0.352,0.124,0.0,0.37,0,0,Normal,3.33,1.74,0.76,0.0,0,None
2026-04-04 03:30:00,21.82,1,1,0,231.84,4.79,1.032,0.408,0.93,0.258,101.11,370.65,85,37.06,0.0,1.125,0.362,0.128,0.0,0.542,0,0,Normal,3.92,2.79,0.78,0.0,0,None
2026-04-04 03:45:00,22.0,1,1,0,234.27,2.81,0.604,0.263,0.917,0.151,101.26,371.42,85,37.14,0.0,1.125,0.34,0.02,0.0,0.244,0,0,Normal,4.21,3.08,0.23,0.0,0,None
2026-04-04 04:00:00,23.68,1,1,0,234.65,3.64,0.763,0.386,0.892,0.1908,101.45,372.39,85,37.24,0.0,1.125,0.338,0.02,0.0,0.405,0,0,Normal,3.54,1.14,0.41,0.0,0,None
2026-04-04 04:15:00,23.19,1,1,0,232.95,3.07,0.667,0.26,0.932,0.1668,101.62,373.24,85,37.32,0.0,1.125,0.354,0.02,0.0,0.293,0,0,Normal,2.44,2.66,0.72,0.0,0,None
2026-04-04 04:30:00,22.53,1,1,0,235.63,3.33,0.75,0.227,0.957,0.1875,101.8,374.2,85,37.42,0.0,1.125,0.342,0.02,0.0,0.388,0,0,Normal,2.24,1.17,0.34,0.0,0,None
2026-04-04 04:45:00,23.46,1,1,0,233.83,3.72,0.794,0.355,0.913,0.1985,102.0,375.21,85,37.52,0.0,1.125,0.354,0.129,0.0,0.311,0,0,Normal,3.86,1.87,0.45,0.0,0,None
2026-04-04 05:00:00,23.39,1,1,0,235.66,4.0,0.865,0.377,0.917,0.2162,102.22,376.31,85,37.63,0.0,1.125,0.349,0.119,0.0,0.397,0,0,Normal,2.56,1.52,0.45,0.0,0,None
2026-04-04 05:15:00,24.26,1,1,0,235.32,3.54,0.765,0.33,0.918,0.1912,102.41,377.29,85,37.73,0.0,1.125,0.361,0.02,0.0,0.384,0,0,Normal,4.21,3.87,0.3,0.0,0,None
2026-04-04 05:30:00,23.08,1,1,0,236.74,2.83,0.629,0.233,0.938,0.1572,102.57,378.09,85,37.81,0.0,1.126,0.347,0.02,0.0,0.262,0,0,Normal,2.62,3.01,0.23,0.0,0,None
2026-04-04 05:45:00,24.29,1,1,0,236.2,3.52,0.792,0.254,0.952,0.198,102.76,379.1,85,37.91,0.0,1.126,0.339,0.02,0.0,0.433,0,0,Normal,3.43,2.31,0.58,0.0,0,None
2026-04-04 06:00:00,24.8,1,1,0,234.07,12.42,2.685,1.113,0.924,0.6712,103.44,382.52,85,38.25,0.0,1.126,0.333,0.02,1.877,0.455,0,0,Normal,3.82,3.94,0.47,0.0,0,None
2026-04-04 06:15:00,24.49,1,1,0,235.15,10.13,2.196,0.926,0.921,0.549,103.98,385.32,85,38.53,0.0,1.126,0.352,0.131,1.348,0.365,0,0,Normal,3.16,3.36,0.99,0.0,0,None
2026-04-04 06:30:00,24.89,1,1,0,234.19,10.89,2.333,1.033,0.914,0.5833,104.57,388.3,85,38.83,0.0,1.126,0.329,0.12,1.524,0.36,0,0,Normal,3.08,3.8,0.28,0.0,0,None
2026-04-04 06:45:00,25.14,1,1,0,234.08,10.16,2.268,0.715,0.954,0.567,105.14,391.19,85,39.12,0.0,1.126,0.359,0.02,1.495,0.394,0,0,Normal,3.88,1.75,0.85,0.0,0,None
2026-04-04 07:00:00,26.2,1,1,0,235.33,10.98,2.462,0.786,0.953,0.6155,105.75,394.33,85,39.43,0.253,1.126,0.036,0.02,1.852,0.301,0,0,Normal,4.33,3.21,0.63,0.0,0,None
2026-04-04 07:15:00,26.72,1,1,0,234.38,12.05,2.586,1.134,0.916,0.6465,106.4,397.63,85,39.76,0.496,1.126,0.044,0.02,1.684,0.342,0,0,Normal,2.82,3.05,0.67,0.0,0,None
2026-04-04 07:30:00,26.16,1,1,0,233.34,11.34,2.433,1.042,0.919,0.6082,107.01,400.73,85,40.07,0.356,1.126,0.049,0.02,1.559,0.449,0,0,Normal,4.08,1.22,0.68,0.0,0,None
2026-04-04 07:45:00,26.76,1,1,0,232.36,14.54,3.041,1.469,0.9,0.7603,107.77,404.61,85,40.46,0.532,1.126,0.047,0.121,1.915,0.426,0,0,Normal,2.25,3.21,0.21,0.0,0,None
2026-04-04 08:00:00,28.22,1,1,0,233.37,17.48,3.731,1.649,0.915,0.9328,108.7,409.36,85,40.94,1.325,1.126,0.061,0.122,1.87,0.353,0,0,Normal,2.63,2.52,0.31,0.0,0,None
2026-04-04 08:15:00,27.97,1,1,0,234.57,13.42,3.009,0.923,0.956,0.7523,109.45,413.2,85,41.32,1.119,1.126,0.043,0.02,1.47,0.357,0,0,Normal,2.03,3.53,0.98,0.0,0,None
2026-04-04 08:30:00,27.78,1,1,0,233.39,15.69,3.301,1.588,0.901,0.8252,110.28,417.41,85,41.74,1.06,1.126,0.06,0.02,1.654,0.507,0,0,Normal,3.84,3.15,0.34,0.0,0,None
2026-04-04 08:45:00,28.08,1,1,0,232.43,15.32,3.416,1.005,0.959,0.854,111.13,421.76,85,42.18,1.116,1.126,0.046,0.02,1.918,0.316,0,0,Normal,2.73,3.54,0.59,0.0,0,None
2026-04-04 09:00:00,29.83,1,1,0,233.62,11.48,2.423,1.152,0.903,0.6058,111.74,424.85,85,42.49,1.895,1.126,0.054,0.02,0.0,0.454,0,0,Normal,3.5,1.48,0.35,0.0,0,None
2026-04-04 09:15:00,30.58,1,1,0,232.36,13.13,2.8,1.21,0.918,0.7,112.44,428.42,85,42.84,2.227,1.126,0.058,0.116,0.0,0.399,0,0,Normal,2.26,1.09,0.64,0.0,0,None
2026-04-04 09:30:00,30.02,1,1,0,232.57,12.14,2.576,1.154,0.913,0.644,113.08,431.71,85,43.17,2.009,1.126,0.045,0.104,0.0,0.418,0,0,Normal,3.45,3.99,0.98,0.0,0,None
2026-04-04 09:45:00,30.04,1,1,0,232.8,11.75,2.556,0.972,0.935,0.639,113.72,434.97,85,43.5,2.113,1.126,0.045,0.02,0.0,0.378,0,0,Normal,2.36,3.9,0.97,0.0,0,None
2026-04-04 10:00:00,32.54,1,1,0,232.91,16.04,3.584,1.053,0.959,0.896,114.61,439.54,85,43.95,3.2,1.126,0.044,0.02,0.0,0.32,0,0,Normal,3.33,3.86,0.72,0.0,0,None
2026-04-04 10:15:00,31.26,1,1,0,230.5,13.62,2.992,0.95,0.953,0.748,115.36,443.35,85,44.34,2.668,1.126,0.067,0.02,0.0,0.237,0,0,Normal,4.43,1.7,0.85,0.0,0,None
2026-04-04 10:30:00,31.24,1,1,0,232.15,14.26,3.084,1.205,0.931,0.771,116.13,447.28,85,44.73,2.593,1.126,0.064,0.02,0.0,0.407,0,0,Normal,3.74,1.19,0.9,0.0,0,None
2026-04-04 10:45:00,31.35,1,1,0,231.41,14.57,3.16,1.177,0.937,0.79,116.92,451.31,85,45.13,2.592,1.126,0.048,0.119,0.0,0.401,0,0,Normal,2.61,1.12,0.44,0.0,0,None
2026-04-04 11:00:00,31.74,0,1,0,232.21,1.77,0.383,0.151,0.93,0.0958,117.02,451.8,85,45.18,0.0,1.126,0.055,0.113,0.0,0.215,0,0,Normal,3.65,3.31,0.28,0.0,0,None
2026-04-04 11:15:00,32.02,0,1,0,230.22,1.41,0.309,0.097,0.954,0.0772,117.1,452.19,85,45.22,0.0,1.126,0.047,0.02,0.0,0.242,0,0,Normal,3.12,1.49,0.24,0.0,0,None
2026-04-04 11:30:00,31.99,0,1,0,228.8,1.36,0.283,0.127,0.912,0.0708,117.17,452.55,85,45.26,0.0,1.126,0.072,0.02,0.0,0.191,0,0,Normal,2.67,3.88,0.84,0.0,0,None
2026-04-04 11:45:00,32.57,0,1,0,231.39,1.06,0.233,0.076,0.951,0.0582,117.23,452.85,85,45.29,0.0,1.126,0.038,0.02,0.0,0.175,0,0,Normal,3.44,3.41,0.99,0.0,0,None
2026-04-04 12:00:00,33.11,0,1,0,231.04,4.7,0.977,0.472,0.901,0.2442,117.47,454.1,85,45.41,0.3,1.127,0.04,0.02,0.0,0.617,1,0,Weekend Guest Spike (context-explained),3.24,2.83,0.92,0.0,0,None
2026-04-04 12:15:00,33.27,0,1,0,228.08,4.43,0.947,0.35,0.938,0.2368,117.71,455.3,85,45.53,0.3,1.127,0.04,0.121,0.0,0.486,1,0,Weekend Guest Spike (context-explained),2.36,2.75,0.97,0.0,0,None
2026-04-04 12:30:00,33.74,0,1,0,229.88,5.04,1.069,0.445,0.923,0.2672,117.97,456.67,85,45.67,0.3,1.127,0.059,0.118,0.0,0.592,1,0,Weekend Guest Spike (context-explained),3.15,2.68,0.45,0.0,0,None
2026-04-04 12:45:00,33.63,0,1,0,227.29,4.68,0.983,0.406,0.924,0.2458,118.22,457.92,85,45.79,0.3,1.127,0.045,0.02,0.0,0.618,1,0,Weekend Guest Spike (context-explained),3.79,3.19,0.6,0.0,0,None
2026-04-04 13:00:00,33.71,0,1,0,230.13,4.53,0.92,0.488,0.883,0.23,118.45,459.09,85,45.91,0.3,1.127,0.065,0.02,0.0,0.535,1,0,Weekend Guest Spike (context-explained),3.88,2.69,0.66,0.0,0,None
2026-04-04 13:15:00,33.46,0,1,0,228.54,4.34,0.95,0.281,0.959,0.2375,118.69,460.3,85,46.03,0.3,1.127,0.058,0.02,0.0,0.572,1,0,Weekend Guest Spike (context-explained),4.07,3.0,0.81,0.0,0,None
2026-04-04 13:30:00,34.36,0,1,0,227.14,4.67,0.942,0.486,0.889,0.2355,118.92,461.51,85,46.15,0.3,1.127,0.058,0.02,0.0,0.564,1,0,Weekend Guest Spike (context-explained),4.28,2.71,0.99,0.0,0,None
2026-04-04 13:45:00,34.18,0,1,0,229.11,4.39,0.952,0.325,0.946,0.238,119.16,462.72,85,46.27,0.3,1.127,0.031,0.122,0.0,0.499,1,0,Weekend Guest Spike (context-explained),2.71,1.68,0.49,0.0,0,None
2026-04-04 14:00:00,33.2,0,1,0,228.29,5.14,1.068,0.485,0.91,0.267,119.43,464.08,85,46.41,0.3,1.127,0.04,0.121,0.0,0.607,1,0,Weekend Guest Spike (context-explained),3.7,3.04,0.21,0.0,0,None
2026-04-04 14:15:00,33.84,0,1,0,227.07,4.64,1.003,0.326,0.951,0.2508,119.68,465.36,85,46.54,0.3,1.127,0.062,0.02,0.0,0.621,1,0,Weekend Guest Spike (context-explained),3.79,3.24,0.58,0.0,0,None
2026-04-04 14:30:00,34.08,0,1,0,228.04,4.99,1.012,0.52,0.889,0.253,119.93,466.65,85,46.67,0.3,1.127,0.067,0.02,0.0,0.625,1,0,Weekend Guest Spike (context-explained),2.97,3.55,0.28,0.0,0,None
2026-04-04 14:45:00,34.39,0,1,0,227.39,4.07,0.884,0.276,0.955,0.221,120.15,467.78,85,46.78,0.3,1.127,0.049,0.02,0.0,0.515,1,0,Weekend Guest Spike (context-explained),4.17,2.93,0.88,0.0,0,None
2026-04-04 15:00:00,34.25,1,1,0,227.77,24.6,4.999,2.529,0.892,1.2498,121.4,474.15,85,47.42,4.21,1.127,0.059,0.02,0.0,0.71,1,0,Weekend Guest Spike (context-explained),4.15,3.16,0.62,0.0,0,None
2026-04-04 15:15:00,33.94,1,1,0,226.37,23.11,4.984,1.589,0.953,1.246,122.65,480.51,85,48.05,4.082,1.127,0.044,0.125,0.0,0.733,1,0,Weekend Guest Spike (context-explained),3.15,3.62,0.63,0.0,0,None
2026-04-04 15:30:00,34.09,1,1,0,226.03,25.34,5.069,2.666,0.885,1.2672,123.92,486.97,85,48.7,4.092,1.127,0.058,0.115,0.0,0.804,1,0,Weekend Guest Spike (context-explained),2.21,1.0,0.85,0.0,0,None
2026-04-04 15:45:00,33.83,1,1,0,227.63,22.9,4.973,1.563,0.954,1.2432,125.16,493.31,85,49.33,4.083,1.127,0.04,0.02,0.0,0.83,1,0,Weekend Guest Spike (context-explained),2.17,2.69,0.34,0.0,0,None
2026-04-04 16:00:00,32.86,1,1,0,225.39,21.57,4.519,1.792,0.93,1.1298,126.29,499.07,85,49.91,3.621,1.127,0.045,0.02,0.0,0.833,1,0,Weekend Guest Spike (context-explained),4.28,1.15,0.32,0.0,0,None
2026-04-04 16:15:00,33.07,1,1,0,226.57,21.59,4.563,1.765,0.933,1.1408,127.43,504.89,85,50.49,3.759,1.127,0.04,0.02,0.0,0.744,1,0,Weekend Guest Spike (context-explained),2.21,2.36,0.88,0.0,0,None
2026-04-04 16:30:00,33.21,1,1,0,225.7,22.91,4.607,2.348,0.891,1.1518,128.58,510.76,85,51.08,3.851,1.127,0.065,0.02,0.0,0.671,1,0,Weekend Guest Spike (context-explained),3.45,2.58,0.39,0.0,0,None
2026-04-04 16:45:00,33.18,1,1,0,225.84,23.61,4.757,2.406,0.892,1.1892,129.77,516.83,85,51.68,3.8,1.127,0.048,0.137,0.0,0.772,1,0,Weekend Guest Spike (context-explained),2.75,3.27,0.5,0.0,0,None
2026-04-04 17:00:00,31.3,1,1,0,225.79,17.26,3.721,1.157,0.955,0.9302,130.7,521.57,85,52.16,2.837,1.127,0.033,0.124,0.0,0.727,1,0,Weekend Guest Spike (context-explained),3.28,2.92,0.45,0.0,0,None
2026-04-04 17:15:00,32.04,1,1,0,224.84,19.87,4.029,1.932,0.902,1.0072,131.71,526.71,85,52.67,3.278,1.127,0.029,0.02,0.0,0.702,1,0,Weekend Guest Spike (context-explained),2.01,3.75,0.48,0.0,0,None
2026-04-04 17:30:00,32.27,1,1,0,225.27,20.09,4.327,1.327,0.956,1.0818,132.79,532.23,85,53.22,3.425,1.127,0.06,0.02,0.0,0.822,1,0,Weekend Guest Spike (context-explained),2.13,3.78,0.82,0.0,0,None
2026-04-04 17:45:00,32.1,1,1,0,226.98,19.04,4.12,1.305,0.953,1.03,133.82,537.48,85,53.75,3.377,1.127,0.046,0.02,0.0,0.677,1,0,Weekend Guest Spike (context-explained),4.18,3.59,0.39,0.0,0,None
2026-04-04 18:00:00,30.88,1,1,1,226.97,18.2,3.798,1.623,0.92,0.9495,134.77,542.32,85,54.23,2.765,1.127,0.34,0.02,0.0,0.673,1,0,Weekend Guest Spike (context-explained),2.55,3.05,0.97,0.0,0,None
2026-04-04 18:15:00,31.24,1,1,1,227.83,20.73,4.206,2.147,0.891,1.0515,135.82,547.68,85,54.77,2.892,1.127,0.35,0.116,0.0,0.848,1,0,Weekend Guest Spike (context-explained),2.1,3.62,0.85,0.0,0,None
2026-04-04 18:30:00,30.46,1,1,1,226.65,16.79,3.54,1.394,0.93,0.885,136.71,552.2,85,55.22,2.438,1.128,0.352,0.129,0.0,0.621,1,0,Weekend Guest Spike (context-explained),2.29,2.47,0.6,0.0,0,None
2026-04-04 18:45:00,30.19,1,1,1,227.54,16.97,3.563,1.489,0.923,0.8908,137.6,556.74,85,55.67,2.478,1.128,0.35,0.02,0.0,0.715,1,0,Weekend Guest Spike (context-explained),4.5,2.92,0.54,0.0,0,None
2026-04-04 19:00:00,29.38,1,1,1,224.02,21.05,4.465,1.516,0.947,1.1162,138.71,562.43,85,56.24,2.068,1.128,0.354,0.02,1.372,0.651,1,0,Weekend Guest Spike (context-explained),4.42,3.74,0.74,0.0,0,None
2026-04-04 19:15:00,29.93,1,1,1,226.96,21.62,4.629,1.631,0.943,1.1573,139.87,568.34,85,56.83,2.204,1.128,0.366,0.02,1.306,0.733,1,0,Weekend Guest Spike (context-explained),3.5,3.44,0.25,0.0,0,None
2026-04-04 19:30:00,30.4,1,1,1,227.34,24.72,5.036,2.495,0.896,1.259,141.13,574.76,85,57.48,2.443,1.128,0.345,0.02,1.389,0.839,1,0,Weekend Guest Spike (context-explained),2.46,3.08,0.36,0.0,0,None
2026-04-04 19:45:00,29.94,1,1,1,226.73,22.92,4.726,2.162,0.909,1.1815,142.31,580.78,85,58.08,2.246,1.128,0.357,0.123,1.202,0.798,1,0,Weekend Guest Spike (context-explained),2.61,3.56,0.49,0.0,0,None
2026-04-04 20:00:00,27.27,1,1,1,227.61,16.79,3.457,1.631,0.904,0.8642,143.17,585.19,85,58.52,1.126,1.128,0.341,0.121,1.214,0.655,1,0,Weekend Guest Spike (context-explained),2.65,2.88,0.53,0.0,0,None
2026-04-04 20:15:00,27.88,1,1,1,227.31,20.99,4.437,1.757,0.93,1.1092,144.28,590.85,85,59.08,1.314,1.128,0.359,0.02,1.991,0.753,1,0,Weekend Guest Spike (context-explained),2.29,1.68,0.99,0.0,0,None
2026-04-04 20:30:00,28.13,1,1,1,226.67,21.78,4.475,2.083,0.907,1.1188,145.4,596.55,85,59.66,1.493,1.128,0.339,0.02,1.832,0.791,1,0,Weekend Guest Spike (context-explained),2.46,3.15,0.75,0.0,0,None
2026-04-04 20:45:00,28.09,1,1,1,227.61,20.37,4.201,1.962,0.906,1.0503,146.45,601.91,85,60.19,1.485,1.128,0.335,0.02,1.584,0.777,1,0,Weekend Guest Spike (context-explained),3.1,1.58,0.99,0.0,0,None
2026-04-04 21:00:00,26.72,1,1,1,226.28,19.15,3.9,1.888,0.9,0.975,147.43,606.88,85,60.69,0.87,1.128,0.349,0.02,1.97,0.691,1,0,Weekend Guest Spike (context-explained),2.86,2.04,0.78,0.0,0,None
2026-04-04 21:15:00,25.99,1,1,1,230.23,17.21,3.502,1.855,0.884,0.8755,148.3,611.35,85,61.13,0.528,1.128,0.346,0.121,1.763,0.744,1,0,Weekend Guest Spike (context-explained),4.28,3.2,0.68,0.0,0,None
2026-04-04 21:30:00,26.48,1,1,1,225.59,14.98,3.223,1.014,0.954,0.8058,149.11,615.46,85,61.55,0.712,1.128,0.347,0.117,1.229,0.818,1,0,Weekend Guest Spike (context-explained),2.25,2.37,0.85,0.0,0,None
2026-04-04 21:45:00,26.66,1,1,1,228.74,19.83,4.114,1.91,0.907,1.0285,150.14,620.96,120,62.1,0.869,1.128,0.344,0.02,1.995,0.886,1,0,Weekend Guest Spike (context-explained),3.57,2.2,0.96,0.0,0,None
2026-04-04 22:00:00,25.41,1,1,1,226.64,3.43,0.693,0.353,0.891,0.1733,150.31,622.16,120,62.22,0.0,1.128,0.352,0.02,0.0,0.321,0,0,Normal,4.28,1.66,0.97,0.0,0,None
2026-04-04 22:15:00,24.6,1,1,1,229.02,3.17,0.666,0.289,0.917,0.1665,150.48,623.32,120,62.33,0.0,1.128,0.336,0.02,0.0,0.31,0,0,Normal,3.78,2.4,0.79,0.0,0,None
2026-04-04 22:30:00,24.83,1,1,1,228.46,3.84,0.782,0.396,0.892,0.1955,150.67,624.68,120,62.47,0.0,1.128,0.361,0.02,0.0,0.401,0,0,Normal,3.24,3.14,0.8,0.0,0,None
2026-04-04 22:45:00,23.65,1,1,1,228.66,3.98,0.804,0.426,0.884,0.201,150.87,626.07,120,62.61,0.0,1.128,0.353,0.119,0.0,0.332,0,0,Normal,4.1,2.19,0.64,0.0,0,None
2026-04-04 23:00:00,23.45,1,1,1,230.02,4.46,0.97,0.332,0.946,0.2425,151.12,627.76,120,62.78,0.0,1.128,0.365,0.126,0.0,0.479,0,0,Normal,3.6,3.41,0.66,0.0,0,None
2026-04-04 23:15:00,23.5,1,1,1,230.01,3.84,0.838,0.282,0.948,0.2095,151.33,629.21,120,62.92,0.0,1.128,0.343,0.02,0.0,0.475,0,0,Normal,2.12,1.66,0.4,0.0,0,None
2026-04-04 23:30:00,23.25,1,1,1,229.81,3.29,0.699,0.285,0.926,0.1748,151.5,630.43,120,63.04,0.0,1.128,0.353,0.02,0.0,0.326,0,0,Normal,3.58,2.48,0.85,0.0,0,None
2026-04-04 23:45:00,23.84,1,1,1,230.76,4.36,0.892,0.465,0.887,0.223,151.72,631.98,120,63.2,0.0,1.128,0.361,0.02,0.0,0.511,0,0,Normal,4.06,1.48,0.53,0.0,0,None
2026-04-05 00:00:00,22.78,1,1,0,231.18,3.43,0.713,0.347,0.899,0.1782,151.9,633.22,120,63.32,0.0,1.128,0.347,0.02,0.0,0.346,0,0,Normal,4.29,1.2,0.44,0.0,0,None
2026-04-05 00:15:00,21.67,1,1,0,230.31,4.1,0.89,0.317,0.942,0.2225,152.12,634.76,120,63.48,0.0,1.128,0.362,0.121,0.0,0.407,0,0,Normal,3.21,2.17,0.71,0.0,0,None
2026-04-05 00:30:00,22.91,1,1,0,232.02,4.2,0.877,0.427,0.899,0.2192,152.34,636.29,120,63.63,0.0,1.128,0.365,0.113,0.0,0.399,0,0,Normal,2.22,2.72,0.33,0.0,0,None
2026-04-05 00:45:00,22.34,1,1,0,228.89,3.74,0.794,0.32,0.927,0.1985,152.54,637.67,120,63.77,0.0,1.128,0.368,0.02,0.0,0.406,0,0,Normal,4.37,1.5,0.35,0.0,0,None
2026-04-05 01:00:00,22.45,1,1,0,230.69,3.69,0.766,0.371,0.9,0.1915,152.73,639.0,120,63.9,0.0,1.129,0.335,0.02,0.0,0.411,0,0,Normal,4.07,2.29,0.88,0.0,0,None
2026-04-05 01:15:00,21.56,1,1,0,232.4,3.22,0.681,0.312,0.909,0.1703,152.9,640.18,120,64.02,0.0,1.129,0.349,0.02,0.0,0.312,0,0,Normal,2.46,1.92,0.59,0.0,0,None
2026-04-05 01:30:00,22.22,1,1,0,228.71,3.13,0.641,0.32,0.895,0.1602,153.06,641.29,120,64.13,0.0,1.129,0.343,0.02,0.0,0.278,0,0,Normal,2.91,2.44,0.96,0.0,0,None
2026-04-05 01:45:00,22.06,1,1,0,230.6,4.05,0.893,0.273,0.956,0.2232,153.29,642.85,120,64.28,0.0,1.129,0.365,0.117,0.0,0.411,0,0,Normal,2.87,3.77,0.77,0.0,0,None
2026-04-05 02:00:00,22.15,1,1,0,230.93,3.76,0.769,0.404,0.885,0.1922,153.48,644.18,120,64.42,0.0,1.129,0.344,0.126,0.0,0.299,0,0,Normal,2.38,2.61,0.9,0.0,0,None
2026-04-05 02:15:00,22.06,1,1,0,234.02,3.47,0.744,0.326,0.916,0.186,153.67,645.48,120,64.55,0.0,1.129,0.359,0.02,0.0,0.365,0,0,Normal,4.23,2.07,0.85,0.0,0,None
2026-04-05 02:30:00,21.87,1,1,0,231.38,3.15,0.657,0.316,0.901,0.1642,153.83,646.62,120,64.66,0.0,1.129,0.359,0.02,0.0,0.278,0,0,Normal,3.51,3.81,0.66,0.0,0,None
2026-04-05 02:45:00,21.23,1,1,0,233.69,2.88,0.645,0.193,0.958,0.1612,153.99,647.74,120,64.77,0.0,1.129,0.36,0.02,0.0,0.265,0,0,Normal,4.2,1.31,0.97,0.0,0,None
2026-04-05 03:00:00,21.47,1,1,0,232.52,3.34,0.729,0.269,0.938,0.1822,154.17,649.0,120,64.9,0.0,1.129,0.357,0.02,0.0,0.352,0,0,Normal,3.2,2.93,0.21,0.0,0,None
2026-04-05 03:15:00,21.91,1,1,0,233.43,4.04,0.892,0.307,0.946,0.223,154.4,650.55,120,65.06,0.0,1.129,0.346,0.119,0.0,0.427,0,0,Normal,2.35,3.2,0.97,0.0,0,None
2026-04-05 03:30:00,22.2,1,1,0,234.54,4.12,0.863,0.433,0.894,0.2158,154.61,652.05,120,65.21,0.0,1.129,0.357,0.117,0.0,0.389,0,0,Normal,2.05,2.25,0.48,0.0,0,None
2026-04-05 03:45:00,21.9,1,1,0,233.07,4.19,0.913,0.347,0.935,0.2282,154.84,653.64,120,65.36,0.0,1.129,0.35,0.02,0.0,0.543,0,0,Normal,4.23,1.92,0.38,0.0,0,None
2026-04-05 04:00:00,23.12,1,1,0,233.44,3.36,0.739,0.264,0.942,0.1848,155.02,654.92,120,65.49,0.0,1.129,0.342,0.02,0.0,0.377,0,0,Normal,3.59,1.43,0.6,0.0,0,None
2026-04-05 04:15:00,22.66,1,1,0,235.72,3.39,0.764,0.238,0.955,0.191,155.22,656.25,120,65.63,0.0,1.129,0.367,0.02,0.0,0.377,0,0,Normal,2.35,2.68,0.34,0.0,0,None
2026-04-05 04:30:00,22.32,1,1,0,233.55,3.42,0.764,0.232,0.957,0.191,155.41,657.58,120,65.76,0.0,1.129,0.362,0.02,0.0,0.382,0,0,Normal,3.37,1.76,0.93,0.0,0,None
2026-04-05 04:45:00,22.66,1,1,0,233.3,3.64,0.773,0.35,0.911,0.1932,155.6,658.92,120,65.89,0.0,1.129,0.351,0.117,0.0,0.305,0,0,Normal,2.81,3.16,0.78,0.0,0,None
2026-04-05 05:00:00,23.87,1,1,0,233.33,3.42,0.733,0.316,0.918,0.1832,155.78,660.2,120,66.02,0.0,1.129,0.352,0.123,0.0,0.258,0,0,Normal,3.27,2.63,0.81,0.0,0,None
2026-04-05 05:15:00,23.92,1,1,0,234.46,4.07,0.909,0.29,0.953,0.2272,156.01,661.77,120,66.18,0.0,1.129,0.36,0.02,0.0,0.529,0,0,Normal,3.7,1.77,0.32,0.0,0,None
2026-04-05 05:30:00,24.7,1,1,0,233.32,3.42,0.734,0.314,0.919,0.1835,156.19,663.05,120,66.31,0.0,1.129,0.33,0.02,0.0,0.384,0,0,Normal,3.4,2.65,0.69,0.0,0,None
2026-04-05 05:45:00,23.42,1,1,0,234.97,3.18,0.661,0.351,0.883,0.1652,156.36,664.2,120,66.42,0.0,1.129,0.352,0.02,0.0,0.289,0,0,Normal,4.21,1.06,0.5,0.0,0,None
2026-04-05 06:00:00,24.96,1,1,0,234.28,10.93,2.339,1.043,0.913,0.5848,156.94,668.26,120,66.83,0.0,1.129,0.348,0.02,1.635,0.336,0,0,Normal,3.88,3.83,0.43,0.0,0,None
2026-04-05 06:15:00,25.21,1,1,0,233.64,10.07,2.13,1.001,0.905,0.5325,157.48,671.96,120,67.2,0.0,1.129,0.362,0.124,1.253,0.391,0,0,Normal,2.91,3.93,0.5,0.0,0,None
2026-04-05 06:30:00,24.99,1,1,0,235.17,9.28,2.038,0.778,0.934,0.5095,157.99,675.5,120,67.55,0.0,1.129,0.353,0.12,1.293,0.272,0,0,Normal,2.38,1.31,0.53,0.0,0,None
2026-04-05 06:45:00,24.75,1,1,0,235.25,8.92,1.944,0.789,0.927,0.486,158.47,678.88,120,67.89,0.0,1.129,0.37,0.02,1.213,0.341,0,0,Normal,3.46,1.94,0.3,0.0,0,None
2026-04-05 07:00:00,25.67,1,1,0,232.89,8.0,1.713,0.733,0.919,0.4282,158.9,681.86,120,68.19,0.16,1.129,0.043,0.02,1.256,0.234,0,0,Normal,2.44,2.8,0.65,0.0,0,None
2026-04-05 07:15:00,26.19,1,1,0,232.89,12.13,2.602,1.102,0.921,0.6505,159.55,686.38,120,68.64,0.495,1.129,0.048,0.02,1.719,0.32,0,0,Normal,2.89,3.86,0.57,0.0,0,None
2026-04-05 07:30:00,25.91,1,1,0,232.35,12.65,2.599,1.371,0.884,0.6498,160.2,690.9,120,69.09,0.271,1.13,0.06,0.02,1.855,0.393,0,0,Normal,3.37,3.4,0.31,0.0,0,None
2026-04-05 07:45:00,25.58,1,1,0,234.13,10.47,2.266,0.937,0.924,0.5665,160.77,694.83,120,69.48,0.034,1.13,0.069,0.113,1.706,0.344,0,0,Normal,4.42,1.42,0.86,0.0,0,None
2026-04-05 08:00:00,27.6,1,1,0,234.45,14.3,3.048,1.397,0.909,0.762,161.53,700.13,120,70.01,1.027,1.13,0.041,0.126,1.564,0.29,0,0,Normal,2.68,2.62,0.56,0.0,0,None
2026-04-05 08:15:00,27.48,1,1,0,234.9,14.91,3.161,1.506,0.903,0.7903,162.32,705.62,120,70.56,0.988,1.13,0.048,0.02,1.841,0.264,0,0,Normal,3.58,3.77,0.94,0.0,0,None
2026-04-05 08:30:00,28.29,1,1,0,234.63,14.2,3.107,1.2,0.933,0.7767,163.1,711.02,120,71.1,1.301,1.13,0.035,0.02,1.403,0.348,0,0,Normal,2.45,3.21,0.64,0.0,0,None
2026-04-05 08:45:00,28.3,1,1,0,236.39,13.67,3.041,1.095,0.941,0.7603,163.86,716.3,120,71.63,1.22,1.13,0.04,0.02,1.476,0.285,0,0,Normal,4.46,3.8,0.52,0.0,0,None
2026-04-05 09:00:00,29.1,1,1,0,234.36,9.8,2.158,0.785,0.94,0.5395,164.4,720.05,120,72.01,1.679,1.13,0.058,0.02,0.0,0.401,0,0,Normal,4.03,1.21,1.0,0.0,0,None
2026-04-05 09:15:00,29.42,1,1,0,231.35,10.41,2.229,0.913,0.925,0.5572,164.95,723.93,120,72.39,1.777,1.13,0.062,0.128,0.0,0.262,0,0,Normal,4.45,2.78,0.77,0.0,0,None
2026-04-05 09:30:00,28.62,1,1,0,231.14,9.62,1.971,1.027,0.887,0.4928,165.45,727.35,120,72.73,1.262,1.13,0.048,0.128,0.0,0.533,0,0,Normal,2.53,2.17,0.64,0.0,0,None
2026-04-05 09:45:00,29.31,1,1,0,232.52,10.22,2.149,1.014,0.904,0.5372,165.98,731.08,120,73.11,1.746,1.13,0.037,0.02,0.0,0.346,0,0,Normal,3.47,2.46,0.24,0.0,0,None
2026-04-05 10:00:00,31.2,1,1,0,231.29,13.64,2.882,1.285,0.913,0.7205,166.7,736.09,120,73.61,2.606,1.13,0.052,0.02,0.0,0.204,0,0,Normal,3.75,3.41,0.56,0.0,0,None
2026-04-05 10:15:00,31.41,1,1,0,230.19,14.84,3.086,1.465,0.903,0.7715,167.48,741.45,120,74.15,2.681,1.13,0.039,0.02,0.0,0.346,0,0,Normal,2.38,2.08,0.72,0.0,0,None
2026-04-05 10:30:00,30.64,1,1,0,230.46,12.82,2.722,1.149,0.921,0.6805,168.16,746.18,120,74.62,2.335,1.13,0.054,0.02,0.0,0.313,0,0,Normal,3.26,3.1,0.5,0.0,0,None
2026-04-05 10:45:00,31.53,1,1,0,230.19,15.58,3.245,1.526,0.905,0.8112,168.97,751.82,120,75.18,2.731,1.13,0.054,0.119,0.0,0.341,0,0,Normal,3.25,2.28,0.29,0.0,0,None
2026-04-05 11:00:00,31.48,0,1,0,231.43,2.02,0.413,0.22,0.883,0.1032,169.07,752.54,120,75.25,0.0,1.13,0.058,0.127,0.0,0.228,0,0,Normal,4.24,1.79,0.48,0.0,0,None
2026-04-05 11:15:00,31.62,0,1,0,232.91,1.01,0.216,0.095,0.916,0.054,169.12,752.91,120,75.29,0.0,1.13,0.062,0.02,0.0,0.134,0,0,Normal,4.25,2.05,0.35,0.0,0,None
2026-04-05 11:30:00,32.6,0,1,0,231.58,0.92,0.205,0.062,0.958,0.0512,169.18,753.27,120,75.33,0.0,1.13,0.066,0.02,0.0,0.119,0,0,Normal,4.49,2.07,0.48,0.0,0,None
2026-04-05 11:45:00,33.08,0,1,0,229.93,0.96,0.206,0.08,0.932,0.0515,169.23,753.63,120,75.36,0.0,1.13,0.038,0.02,0.0,0.148,0,0,Normal,2.63,3.46,0.88,0.0,0,None
2026-04-05 12:00:00,33.44,0,1,0,229.16,0.85,0.186,0.058,0.955,0.0465,169.27,753.95,120,75.4,0.0,1.13,0.044,0.02,0.0,0.122,0,0,Normal,3.16,1.59,0.95,0.0,0,None
2026-04-05 12:15:00,33.18,0,1,0,228.07,2.08,0.422,0.217,0.889,0.1055,169.38,754.68,120,75.47,0.0,1.13,0.046,0.127,0.0,0.249,0,0,Normal,3.11,1.62,0.77,0.0,0,None
2026-04-05 12:30:00,32.1,0,1,0,229.59,1.6,0.346,0.125,0.94,0.0865,169.47,755.29,120,75.53,0.0,1.13,0.045,0.133,0.0,0.168,0,0,Normal,3.18,1.27,0.96,0.0,0,None
2026-04-05 12:45:00,32.18,0,1,0,227.98,1.11,0.237,0.087,0.938,0.0592,169.52,755.7,120,75.57,0.0,1.13,0.031,0.02,0.0,0.186,0,0,Normal,4.34,2.05,0.9,0.0,0,None
2026-04-05 13:00:00,33.86,0,1,0,228.56,0.91,0.192,0.083,0.918,0.048,169.57,756.03,120,75.6,0.0,1.13,0.05,0.02,0.0,0.122,0,0,Normal,3.96,1.27,0.63,0.0,0,None
2026-04-05 13:15:00,33.62,0,1,0,229.86,1.18,0.259,0.084,0.951,0.0648,169.64,756.48,120,75.65,0.0,1.13,0.063,0.02,0.0,0.176,0,0,Normal,2.1,3.6,0.64,0.0,0,None
2026-04-05 13:30:00,33.24,0,1,0,228.53,1.41,0.299,0.122,0.926,0.0748,169.71,757.0,120,75.7,0.0,1.13,0.05,0.02,0.0,0.229,0,0,Normal,2.07,2.16,0.51,0.0,0,None
2026-04-05 13:45:00,33.83,0,1,0,227.28,1.55,0.327,0.133,0.926,0.0818,169.79,757.57,120,75.76,0.0,1.13,0.052,0.117,0.0,0.158,0,0,Normal,4.5,2.45,0.8,0.0,0,None
2026-04-05 14:00:00,34.06,0,1,0,228.05,1.98,0.413,0.185,0.913,0.1032,169.9,758.29,120,75.83,0.0,1.13,0.052,0.124,0.0,0.237,0,0,Normal,4.0,3.81,0.81,0.0,0,None
2026-04-05 14:15:00,34.47,0,1,0,230.95,1.14,0.236,0.115,0.898,0.059,169.96,758.7,120,75.87,0.0,1.131,0.059,0.02,0.0,0.157,0,0,Normal,2.88,3.21,0.9,0.0,0,None
2026-04-05 14:30:00,34.07,0,1,0,228.42,1.21,0.264,0.08,0.957,0.066,170.02,759.15,120,75.92,0.0,1.131,0.044,0.02,0.0,0.2,0,0,Normal,2.38,3.62,0.27,0.0,0,None
2026-04-05 14:45:00,34.61,0,1,0,227.63,1.33,0.29,0.087,0.958,0.0725,170.09,759.66,120,75.97,0.0,1.131,0.047,0.02,0.0,0.223,0,0,Normal,4.13,1.52,0.82,0.0,0,None
2026-04-05 15:00:00,33.8,1,1,0,226.46,19.17,4.151,1.269,0.956,1.0378,171.13,766.87,120,76.69,3.754,1.131,0.05,0.02,0.0,0.327,0,0,Normal,3.02,1.59,0.34,0.0,0,None
2026-04-05 15:15:00,33.74,1,1,0,228.86,20.43,4.195,2.066,0.897,1.0488,172.18,774.16,120,77.42,3.765,1.131,0.043,0.129,0.0,0.258,0,0,Normal,4.47,2.22,0.46,0.0,0,None
2026-04-05 15:30:00,34.33,1,1,0,227.62,22.41,4.526,2.351,0.887,1.1315,173.31,782.02,120,78.2,3.913,1.131,0.046,0.124,0.0,0.443,0,0,Normal,2.95,1.19,0.36,0.0,0,None
2026-04-05 15:45:00,33.31,1,1,0,224.68,19.47,3.924,1.933,0.897,0.981,174.29,788.84,120,78.88,3.517,1.131,0.051,0.02,0.0,0.336,0,0,Normal,2.8,1.4,0.25,0.0,0,None
2026-04-05 16:00:00,34.6,1,1,0,226.63,22.41,4.485,2.383,0.883,1.1212,175.42,796.63,120,79.66,4.049,1.131,0.051,0.02,0.0,0.365,0,0,Normal,3.31,1.05,0.66,0.0,0,None
2026-04-05 16:15:00,33.38,1,1,0,227.13,18.76,4.088,1.201,0.959,1.022,176.44,803.74,120,80.37,3.618,1.131,0.065,0.02,0.0,0.385,0,0,Normal,3.76,1.38,0.99,0.0,0,None
2026-04-05 16:30:00,33.39,1,1,0,225.61,19.17,4.064,1.479,0.94,1.016,177.45,810.8,120,81.08,3.523,1.131,0.057,0.02,0.0,0.464,0,0,Normal,2.87,1.33,0.89,0.0,0,None
2026-04-05 16:45:00,33.46,1,1,0,225.2,20.0,4.316,1.284,0.958,1.079,178.53,818.3,120,81.83,3.646,1.131,0.052,0.119,0.0,0.499,0,0,Normal,3.15,2.07,0.21,0.0,0,None
2026-04-05 17:00:00,33.18,1,1,0,224.85,19.24,3.993,1.662,0.923,0.9982,179.53,825.24,120,82.52,3.471,1.131,0.044,0.12,0.0,0.358,0,0,Normal,3.13,3.02,0.49,0.0,0,None
2026-04-05 17:15:00,32.64,1,1,0,226.86,17.47,3.747,1.295,0.945,0.9368,180.47,831.75,120,83.17,3.28,1.131,0.063,0.02,0.0,0.384,0,0,Normal,2.35,3.58,0.47,0.0,0,None
2026-04-05 17:30:00,31.44,1,1,0,225.34,15.9,3.172,1.664,0.886,0.793,181.26,837.26,120,83.73,2.686,1.131,0.059,0.02,0.0,0.407,0,0,Normal,3.15,3.45,0.55,0.0,0,None
2026-04-05 17:45:00,32.94,1,1,0,227.8,19.61,4.003,1.981,0.896,1.0008,182.26,844.21,120,84.42,3.412,1.131,0.057,0.02,0.0,0.514,0,0,Normal,2.85,3.5,0.82,0.0,0,None
2026-04-05 18:00:00,30.83,1,1,1,224.69,14.73,3.038,1.311,0.918,0.7595,183.02,849.49,120,84.95,2.45,1.131,0.329,0.02,0.0,0.239,0,0,Normal,4.49,1.46,0.34,0.0,0,None
2026-04-05 18:15:00,31.05,1,1,1,225.76,15.72,3.266,1.388,0.92,0.8165,183.84,855.17,120,85.52,2.491,1.131,0.347,0.121,0.0,0.307,0,0,Normal,4.03,1.38,0.39,0.0,0,None
2026-04-05 18:30:00,30.36,1,1,1,224.32,14.58,2.982,1.343,0.912,0.7455,184.58,860.35,120,86.03,2.195,1.131,0.342,0.125,0.0,0.32,0,0,Normal,2.49,1.04,0.26,0.0,0,None
2026-04-05 18:45:00,31.26,1,1,1,225.36,15.89,3.401,1.123,0.95,0.8502,185.43,866.26,120,86.63,2.602,1.131,0.36,0.02,0.0,0.419,0,0,Normal,2.12,1.81,0.83,0.0,0,None
2026-04-05 19:00:00,29.23,1,1,1,226.61,20.59,4.403,1.547,0.943,1.1007,186.53,873.91,120,87.39,1.765,1.131,0.345,0.02,1.835,0.438,0,0,Normal,2.31,2.26,0.66,0.0,0,None
2026-04-05 19:15:00,29.6,1,1,1,225.63,20.26,4.177,1.857,0.914,1.0442,187.58,881.16,120,88.12,1.956,1.131,0.344,0.02,1.586,0.271,0,0,Normal,4.37,3.41,0.6,0.0,0,None
2026-04-05 19:30:00,29.41,1,1,1,225.67,20.51,4.333,1.629,0.936,1.0832,188.66,888.69,120,88.87,1.804,1.131,0.345,0.02,1.659,0.505,0,0,Normal,2.54,3.13,0.41,0.0,0,None
2026-04-05 19:45:00,30.52,1,1,1,227.05,21.42,4.635,1.473,0.953,1.1588,189.82,896.75,120,89.67,2.285,1.131,0.377,0.127,1.54,0.306,0,0,Normal,3.41,3.32,0.53,0.0,0,None
2026-04-05 20:00:00,28.99,1,1,1,226.09,20.04,4.124,1.875,0.91,1.031,190.85,903.91,120,90.39,1.539,1.131,0.355,0.123,1.806,0.301,0,0,Normal,4.38,3.22,1.0,0.0,0,None
2026-04-05 20:15:00,28.02,1,1,1,225.11,17.34,3.597,1.516,0.922,0.8993,191.75,910.16,120,91.02,1.091,1.131,0.344,0.02,1.825,0.317,0,0,Normal,2.52,3.49,0.23,0.0,0,None
2026-04-05 20:30:00,28.03,1,1,1,226.49,17.83,3.837,1.262,0.95,0.9592,192.71,916.83,120,91.68,1.149,1.131,0.341,0.02,1.965,0.362,0,0,Normal,3.5,1.93,0.5,0.0,0,None
2026-04-05 20:45:00,27.81,1,1,1,225.88,17.93,3.87,1.197,0.955,0.9675,193.68,923.55,120,92.36,1.118,1.132,0.366,0.02,1.951,0.415,0,0,Normal,2.42,1.81,0.57,0.0,0,None
2026-04-05 21:00:00,27.0,1,1,1,226.07,15.23,3.186,1.302,0.926,0.7965,194.47,929.09,120,92.91,0.578,1.132,0.346,0.02,1.97,0.272,0,0,Normal,2.1,3.75,0.26,0.0,0,None
2026-04-05 21:15:00,26.28,1,1,1,227.44,15.3,3.113,1.553,0.895,0.7782,195.25,934.5,120,93.45,0.407,1.132,0.35,0.118,1.945,0.293,0,0,Normal,2.49,3.58,0.38,0.0,0,None
2026-04-05 21:30:00,26.24,1,1,1,226.44,13.08,2.695,1.227,0.91,0.6738,195.92,939.18,120,93.92,0.381,1.132,0.345,0.121,1.493,0.355,0,0,Normal,3.66,2.01,0.38,0.0,0,None
2026-04-05 21:45:00,26.94,1,1,1,228.03,15.25,3.124,1.528,0.898,0.781,196.71,944.61,120,94.46,0.68,1.132,0.375,0.02,1.72,0.329,0,0,Normal,3.79,3.59,0.97,0.0,0,None
2026-04-05 22:00:00,24.73,1,1,1,225.9,2.87,0.614,0.207,0.948,0.1535,196.86,945.67,120,94.57,0.0,1.132,0.354,0.02,0.0,0.24,0,0,Normal,3.87,1.91,0.43,0.0,0,None
2026-04-05 22:15:00,24.98,1,1,1,228.61,2.9,0.608,0.264,0.917,0.152,197.01,946.73,120,94.67,0.0,1.132,0.356,0.02,0.0,0.232,0,0,Normal,4.05,3.58,0.87,0.0,0,None
2026-04-05 22:30:00,24.21,1,1,1,226.99,3.59,0.779,0.24,0.956,0.1947,197.21,948.08,120,94.81,0.0,1.132,0.349,0.02,0.0,0.41,0,0,Normal,3.05,2.45,0.72,0.0,0,None
2026-04-05 22:45:00,25.35,1,1,1,230.81,3.81,0.798,0.371,0.907,0.1995,197.41,949.47,120,94.95,0.0,1.132,0.338,0.119,0.0,0.341,0,0,Normal,2.35,2.81,0.84,0.0,0,None
2026-04-05 23:00:00,24.73,1,1,1,228.21,4.1,0.886,0.303,0.946,0.2215,197.63,951.01,120,95.1,0.0,1.132,0.352,0.113,0.0,0.421,0,0,Normal,4.12,1.62,0.95,0.0,0,None
2026-04-05 23:15:00,24.12,1,1,1,230.44,3.85,0.79,0.405,0.89,0.1975,197.82,952.38,120,95.24,0.0,1.132,0.353,0.02,0.0,0.417,0,0,Normal,4.06,1.23,0.71,0.0,0,None
2026-04-05 23:30:00,24.49,1,1,1,228.92,2.76,0.569,0.276,0.9,0.1422,197.97,953.37,120,95.34,0.0,1.132,0.349,0.02,0.0,0.2,0,0,Normal,2.32,3.82,0.81,0.0,0,None
2026-04-05 23:45:00,23.33,1,1,1,228.9,3.21,0.686,0.265,0.933,0.1715,198.14,954.56,120,95.46,0.0,1.132,0.352,0.02,0.0,0.314,0,0,Normal,4.19,3.75,0.93,0.0,0,None
2026-04-06 00:00:00,22.92,1,0,0,231.0,2.99,0.627,0.288,0.909,0.1568,198.3,955.65,120,95.57,0.0,1.132,0.349,0.02,0.0,0.258,0,0,Normal,2.83,1.94,0.63,0.0,0,None
2026-04-06 00:15:00,22.33,1,0,0,230.58,3.94,0.819,0.393,0.902,0.2047,198.5,957.08,120,95.71,0.0,1.132,0.334,0.118,0.0,0.367,0,0,Normal,4.16,2.19,0.97,0.0,0,None
2026-04-06 00:30:00,22.69,1,0,0,227.74,3.86,0.837,0.267,0.953,0.2092,198.71,958.53,120,95.85,0.0,1.132,0.334,0.12,0.0,0.383,0,0,Normal,3.96,3.45,0.53,0.0,0,None
2026-04-06 00:45:00,23.19,1,0,0,230.38,3.62,0.769,0.325,0.921,0.1922,198.9,959.87,120,95.99,0.0,1.132,0.35,0.02,0.0,0.399,0,0,Normal,2.54,3.25,0.36,0.0,0,None
2026-04-06 01:00:00,22.26,1,0,0,229.61,3.13,0.687,0.215,0.954,0.1718,199.07,961.06,120,96.11,0.0,1.132,0.344,0.02,0.0,0.323,0,0,Normal,3.41,1.16,0.84,0.0,0,None
2026-04-06 01:15:00,21.5,1,0,0,232.78,3.22,0.713,0.228,0.952,0.1782,199.25,962.3,120,96.23,0.0,1.132,0.346,0.02,0.0,0.347,0,0,Normal,4.28,1.11,0.41,0.0,0,None
2026-04-06 01:30:00,21.55,1,0,0,229.23,2.72,0.563,0.269,0.903,0.1407,199.39,963.28,120,96.33,0.0,1.132,0.345,0.02,0.0,0.198,0,0,Normal,3.79,3.24,0.28,0.0,0,None
2026-04-06 01:45:00,21.51,1,0,0,230.76,4.8,0.989,0.498,0.893,0.2472,199.64,964.99,120,96.5,0.0,1.132,0.347,0.114,0.0,0.528,0,0,Normal,3.37,1.29,0.93,0.0,0,None
2026-04-06 02:00:00,22.25,1,0,0,231.8,4.37,0.904,0.455,0.893,0.226,199.87,966.57,120,96.66,0.0,1.132,0.369,0.111,0.0,0.424,0,0,Normal,3.95,2.55,0.63,0.0,0,None
2026-04-06 02:15:00,23.03,1,0,0,233.55,4.14,0.863,0.437,0.892,0.2158,200.08,968.17,130,96.82,0.0,1.132,0.338,0.02,0.0,0.505,0,0,Normal,3.1,1.13,0.61,0.0,0,None
2026-04-06 02:30:00,22.68,1,0,0,231.77,2.99,0.656,0.226,0.945,0.164,200.25,969.51,130,96.95,0.0,1.132,0.347,0.02,0.0,0.289,0,0,Normal,3.62,3.65,0.63,0.0,0,None
2026-04-06 02:45:00,21.05,1,0,0,232.73,3.07,0.637,0.324,0.892,0.1592,200.4,970.82,130,97.08,0.0,1.132,0.361,0.02,0.0,0.256,0,0,Normal,2.82,3.0,0.38,0.0,0,None
2026-04-06 03:00:00,22.91,1,0,0,230.67,3.64,0.75,0.378,0.893,0.1875,200.59,972.35,130,97.24,0.0,1.132,0.377,0.02,0.0,0.353,0,0,Normal,2.51,3.46,0.98,0.0,0,None
2026-04-06 03:15:00,22.67,1,0,0,233.09,4.01,0.874,0.332,0.935,0.2185,200.81,974.15,130,97.41,0.0,1.133,0.349,0.117,0.0,0.408,0,0,Normal,2.26,1.23,0.23,0.0,0,None
2026-04-06 03:30:00,21.43,1,0,0,231.0,4.38,0.944,0.361,0.934,0.236,201.05,976.08,130,97.61,0.0,1.133,0.356,0.12,0.0,0.468,0,0,Normal,4.01,1.36,0.4,0.0,0,None
2026-04-06 03:45:00,22.05,1,0,0,231.07,3.67,0.8,0.282,0.943,0.2,201.25,977.72,130,97.77,0.0,1.133,0.344,0.02,0.0,0.436,0,0,Normal,2.17,1.58,0.93,0.0,0,None
2026-04-06 04:00:00,23.35,1,0,0,232.65,3.56,0.783,0.269,0.946,0.1957,201.44,979.33,130,97.93,0.0,1.133,0.344,0.02,0.0,0.419,0,0,Normal,2.04,1.06,0.83,0.0,0,None
2026-04-06 04:15:00,23.08,1,0,0,232.79,3.79,0.803,0.364,0.911,0.2007,201.64,980.97,130,98.1,0.0,1.133,0.354,0.02,0.0,0.429,0,0,Normal,4.06,1.92,0.48,0.0,0,None
2026-04-06 04:30:00,22.15,1,0,0,233.45,3.16,0.669,0.31,0.907,0.1672,201.81,982.34,130,98.23,0.0,1.133,0.342,0.02,0.0,0.307,0,0,Normal,3.78,1.24,0.28,0.0,0,None
2026-04-06 04:45:00,23.11,1,0,0,232.73,3.71,0.769,0.392,0.891,0.1922,202.0,983.92,130,98.39,0.0,1.133,0.359,0.112,0.0,0.298,0,0,Normal,3.39,2.88,0.22,0.0,0,None
2026-04-06 05:00:00,22.69,1,0,0,233.78,3.98,0.877,0.312,0.942,0.2192,202.22,985.72,130,98.57,0.0,1.133,0.348,0.123,0.0,0.406,0,0,Normal,4.24,1.47,0.62,0.0,0,None
2026-04-06 05:15:00,23.65,1,0,0,235.06,2.94,0.628,0.291,0.907,0.157,202.38,987.01,130,98.7,0.0,1.133,0.34,0.02,0.0,0.268,0,0,Normal,3.81,3.81,0.63,0.0,0,None
2026-04-06 05:30:00,24.33,1,0,0,233.85,3.48,0.745,0.325,0.917,0.1862,202.56,988.53,130,98.85,0.0,1.133,0.351,0.02,0.0,0.374,0,0,Normal,3.66,2.24,0.58,0.0,0,None
2026-04-06 05:45:00,23.77,1,0,0,234.77,3.85,0.798,0.425,0.883,0.1995,202.76,990.17,130,99.02,0.0,1.133,0.359,0.02,0.0,0.419,0,0,Normal,3.68,2.28,0.48,0.0,0,None
2026-04-06 06:00:00,24.75,1,0,0,234.56,9.95,2.185,0.822,0.936,0.5462,203.31,994.65,130,99.46,0.0,1.133,0.347,0.02,1.326,0.492,0,0,Normal,3.09,1.93,0.83,0.0,0,None
2026-04-06 06:15:00,25.44,1,0,0,234.01,10.17,2.251,0.774,0.946,0.5628,203.87,999.26,130,99.93,0.028,1.133,0.348,0.12,1.424,0.331,0,0,Normal,2.39,2.87,0.29,0.0,0,None
2026-04-06 06:30:00,25.49,1,0,0,232.96,10.46,2.201,1.045,0.903,0.5502,204.42,1003.77,130,100.38,0.019,1.133,0.345,0.121,1.427,0.289,0,0,Normal,3.85,2.12,0.69,0.0,0,None
2026-04-06 06:45:00,25.66,1,0,0,234.37,9.03,1.98,0.75,0.935,0.495,204.92,1007.83,130,100.78,0.0,1.133,0.354,0.02,1.293,0.313,0,0,Normal,3.23,1.05,0.83,0.0,0,None
2026-04-06 07:00:00,26.88,1,0,0,234.76,13.47,2.882,1.299,0.912,0.7205,205.64,1013.74,130,101.37,0.626,1.133,0.052,0.02,1.862,0.322,0,0,Normal,3.4,3.97,0.3,0.0,0,None
2026-04-06 07:15:00,26.99,1,0,0,234.34,13.18,2.878,1.123,0.932,0.7195,206.36,1019.64,130,101.96,0.692,1.133,0.058,0.02,1.777,0.331,0,0,Normal,3.5,1.12,0.63,0.0,0,None
2026-04-06 07:30:00,26.81,1,0,0,233.24,10.79,2.41,0.728,0.957,0.6025,206.96,1024.58,130,102.46,0.543,1.133,0.033,0.02,1.373,0.441,0,0,Normal,3.52,1.67,0.23,0.0,0,None
2026-04-06 07:45:00,26.58,1,0,0,233.36,12.29,2.58,1.254,0.899,0.645,207.61,1029.87,130,102.99,0.543,1.133,0.034,0.121,1.554,0.328,0,0,Normal,3.71,3.88,0.97,0.0,0,None
2026-04-06 08:00:00,28.04,1,0,0,231.59,13.49,2.958,1.008,0.947,0.7395,208.35,1035.94,130,103.59,1.139,1.133,0.047,0.111,1.387,0.274,0,0,Normal,3.08,1.54,0.35,0.0,0,None
2026-04-06 08:15:00,27.88,1,0,0,233.39,13.64,2.983,1.109,0.937,0.7458,209.09,1042.05,130,104.21,1.059,1.133,0.054,0.02,1.538,0.312,0,0,Normal,2.41,2.78,0.34,0.0,0,None
2026-04-06 08:30:00,27.39,1,0,0,233.57,13.79,3.073,0.968,0.954,0.7683,209.86,1048.35,130,104.83,0.98,1.133,0.052,0.02,1.773,0.248,0,0,Normal,2.14,1.49,0.33,0.0,0,None
2026-04-06 08:45:00,27.52,1,0,0,233.48,13.44,3.004,0.905,0.957,0.751,210.61,1054.51,130,105.45,0.899,1.133,0.034,0.02,1.722,0.329,0,0,Normal,4.09,2.08,0.53,0.0,0,None
2026-04-06 09:00:00,29.41,0,0,0,233.71,1.12,0.244,0.093,0.935,0.061,210.67,1055.01,130,105.5,0.0,1.133,0.055,0.02,0.0,0.169,0,0,Normal,2.87,2.29,0.56,0.0,0,None
2026-04-06 09:15:00,29.67,0,0,0,233.13,1.52,0.337,0.106,0.954,0.0842,210.76,1055.7,130,105.57,0.0,1.133,0.048,0.124,0.0,0.165,0,0,Normal,4.4,2.2,0.82,0.0,0,None
2026-04-06 09:30:00,30.27,0,0,0,231.63,1.69,0.37,0.127,0.946,0.0925,210.85,1056.46,130,105.65,0.0,1.133,0.06,0.118,0.0,0.192,0,0,Normal,3.04,1.35,1.0,0.0,0,None
2026-04-06 09:45:00,29.53,0,0,0,233.1,0.69,0.153,0.053,0.945,0.0382,210.89,1056.77,130,105.68,0.0,1.134,0.045,0.02,0.0,0.088,0,0,Normal,3.87,1.36,0.86,0.0,0,None
2026-04-06 10:00:00,31.5,0,0,0,234.22,1.27,0.279,0.103,0.938,0.0697,210.96,1057.34,130,105.73,0.0,1.134,0.054,0.02,0.0,0.205,0,0,Normal,2.72,3.59,0.83,0.0,0,None
2026-04-06 10:15:00,31.54,0,0,0,231.16,1.14,0.243,0.101,0.923,0.0608,211.02,1057.84,130,105.78,0.0,1.134,0.048,0.02,0.0,0.175,0,0,Normal,3.28,1.63,0.84,0.0,0,None
2026-04-06 10:30:00,30.88,0,0,0,231.07,0.66,0.141,0.057,0.927,0.0353,211.05,1058.13,130,105.81,0.0,1.134,0.037,0.02,0.0,0.084,0,0,Normal,2.15,3.22,0.28,0.0,0,None
2026-04-06 10:45:00,31.3,0,0,0,231.07,1.97,0.408,0.204,0.895,0.102,211.15,1058.97,130,105.9,0.0,1.134,0.055,0.111,0.0,0.242,0,0,Normal,4.23,3.07,0.52,0.0,0,None
2026-04-06 11:00:00,32.12,0,0,0,231.08,1.38,0.288,0.139,0.9,0.072,211.23,1059.56,130,105.96,0.0,1.134,0.047,0.122,0.0,0.119,0,0,Normal,2.66,1.27,0.8,0.0,0,None
2026-04-06 11:15:00,32.9,0,0,0,231.03,0.76,0.164,0.063,0.933,0.041,211.27,1059.89,130,105.99,0.0,1.134,0.038,0.02,0.0,0.106,0,0,Normal,3.75,2.81,0.59,0.0,0,None
2026-04-06 11:30:00,32.56,0,0,0,230.02,1.14,0.24,0.105,0.916,0.06,211.33,1060.39,130,106.04,0.0,1.134,0.071,0.02,0.0,0.149,0,0,Normal,3.74,2.49,0.21,0.0,0,None
2026-04-06 11:45:00,31.65,0,0,0,230.49,0.99,0.205,0.101,0.896,0.0512,211.38,1060.81,130,106.08,0.0,1.134,0.06,0.02,0.0,0.125,0,0,Normal,4.03,2.1,0.82,0.0,0,None
2026-04-06 12:00:00,33.28,0,0,0,229.01,1.33,0.291,0.093,0.952,0.0728,211.45,1061.4,130,106.14,0.0,1.134,0.053,0.02,0.0,0.218,0,0,Normal,3.15,2.49,0.59,0.0,0,None
2026-04-06 12:15:00,34.02,0,0,0,228.28,1.5,0.318,0.127,0.929,0.0795,211.53,1062.05,130,106.21,0.0,1.134,0.058,0.117,0.0,0.143,0,0,Normal,4.31,2.85,0.83,0.0,0,None
2026-04-06 12:30:00,33.11,0,0,0,228.36,1.9,0.386,0.199,0.889,0.0965,211.63,1062.85,130,106.28,0.0,1.134,0.053,0.119,0.0,0.214,0,0,Normal,3.79,2.52,0.69,0.0,0,None
2026-04-06 12:45:00,33.42,0,0,0,229.62,1.51,0.32,0.134,0.922,0.08,211.71,1063.5,130,106.35,0.0,1.134,0.055,0.02,0.0,0.245,0,0,Normal,2.66,1.74,0.28,0.0,0,None
2026-04-06 13:00:00,34.07,0,0,0,229.5,1.21,0.253,0.113,0.913,0.0632,211.77,1064.02,130,106.4,0.0,1.134,0.043,0.02,0.0,0.19,0,0,Normal,2.46,3.9,0.66,0.0,0,None
2026-04-06 13:15:00,33.28,0,0,0,228.21,1.1,0.226,0.109,0.9,0.0565,211.83,1064.48,130,106.45,0.0,1.134,0.062,0.02,0.0,0.144,0,0,Normal,3.06,1.5,0.8,0.0,0,None
2026-04-06 13:30:00,34.05,0,0,0,228.14,1.01,0.208,0.098,0.905,0.052,211.88,1064.91,130,106.49,0.0,1.134,0.037,0.02,0.0,0.151,0,0,Normal,2.74,3.07,0.77,0.0,0,None
2026-04-06 13:45:00,33.1,0,0,0,228.28,1.92,0.404,0.17,0.922,0.101,211.98,1065.74,130,106.57,0.0,1.134,0.039,0.122,0.0,0.243,0,0,Normal,4.37,3.41,0.45,0.0,0,None
2026-04-06 14:00:00,33.69,0,0,0,227.92,1.75,0.36,0.171,0.903,0.09,212.07,1066.48,130,106.65,0.0,1.134,0.057,0.124,0.0,0.179,0,0,Normal,12.57,2.88,0.35,-23.51,1,Possible Loose Connection / Voltage Sag
2026-04-06 14:15:00,34.54,0,0,0,228.84,0.88,0.183,0.082,0.912,0.0458,212.12,1066.85,130,106.69,0.0,1.134,0.049,0.02,0.0,0.114,0,0,Normal,15.24,1.58,0.56,-18.53,1,Possible Loose Connection / Voltage Sag
2026-04-06 14:30:00,34.18,0,0,0,229.35,0.89,0.18,0.094,0.886,0.045,212.16,1067.22,130,106.72,0.0,1.134,0.055,0.02,0.0,0.105,0,0,Normal,12.61,1.42,0.38,-23.06,1,Possible Loose Connection / Voltage Sag
2026-04-06 14:45:00,33.85,0,0,0,228.96,1.09,0.237,0.075,0.953,0.0592,212.22,1067.71,130,106.77,0.0,1.134,0.05,0.02,0.0,0.167,0,0,Normal,11.82,1.25,0.84,-19.94,1,Possible Loose Connection / Voltage Sag
2026-04-06 15:00:00,34.02,0,0,0,227.81,1.52,0.308,0.16,0.887,0.077,212.3,1068.34,130,106.83,0.0,1.134,0.048,0.02,0.0,0.24,0,0,Normal,2.5,1.87,0.49,0.0,0,None
2026-04-06 15:15:00,33.77,0,0,0,224.97,1.94,0.405,0.161,0.929,0.1013,212.4,1069.17,130,106.92,0.0,1.134,0.06,0.131,0.0,0.214,0,0,Normal,3.07,2.56,0.55,0.0,0,None
2026-04-06 15:30:00,33.8,0,0,0,226.69,1.41,0.306,0.095,0.955,0.0765,212.48,1069.79,130,106.98,0.0,1.134,0.037,0.112,0.0,0.157,0,0,Normal,3.37,2.12,0.29,0.0,0,None
2026-04-06 15:45:00,34.12,0,0,0,227.72,1.26,0.27,0.097,0.941,0.0675,212.54,1070.35,130,107.03,0.0,1.134,0.053,0.02,0.0,0.197,0,0,Normal,4.09,2.66,0.73,0.0,0,None
2026-04-06 16:00:00,32.83,0,0,0,225.12,1.14,0.246,0.075,0.957,0.0615,212.6,1070.85,130,107.09,0.0,1.134,0.047,0.02,0.0,0.179,0,0,Normal,2.66,3.2,0.49,0.0,0,None
2026-04-06 16:15:00,33.22,0,0,0,226.35,1.28,0.265,0.12,0.911,0.0662,212.67,1071.4,130,107.14,0.0,1.135,0.064,0.02,0.0,0.181,0,0,Normal,3.01,1.23,0.99,0.0,0,None
2026-04-06 16:30:00,33.04,0,0,0,226.69,0.96,0.208,0.066,0.953,0.052,212.72,1071.82,130,107.18,0.0,1.135,0.051,0.02,0.0,0.137,0,0,Normal,2.26,3.32,0.7,0.0,0,None
2026-04-06 16:45:00,32.4,0,0,0,226.72,1.68,0.358,0.132,0.938,0.0895,212.81,1072.56,130,107.26,0.0,1.135,0.056,0.123,0.0,0.179,0,0,Normal,2.06,1.57,0.25,0.0,0,None
2026-04-06 17:00:00,31.78,0,0,0,224.58,1.65,0.351,0.115,0.95,0.0878,212.9,1073.28,130,107.33,0.0,1.135,0.047,0.128,0.0,0.176,0,0,Normal,2.01,2.25,0.42,0.0,0,None
2026-04-06 17:15:00,33.03,0,0,0,227.81,0.84,0.17,0.088,0.888,0.0425,212.94,1073.62,130,107.36,0.0,1.135,0.057,0.02,0.0,0.093,0,0,Normal,2.15,1.1,0.53,0.0,0,None
2026-04-06 17:30:00,32.44,0,0,0,225.62,1.37,0.281,0.128,0.911,0.0702,213.01,1074.2,130,107.42,0.0,1.135,0.053,0.02,0.0,0.208,0,0,Normal,2.0,2.91,0.58,0.0,0,None
2026-04-06 17:45:00,31.58,0,0,0,225.92,1.31,0.278,0.104,0.936,0.0695,213.08,1074.77,130,107.48,0.0,1.135,0.031,0.02,0.0,0.227,0,0,Normal,2.05,3.39,0.26,0.0,0,None
2026-04-06 18:00:00,30.23,1,0,1,226.29,13.57,2.836,1.179,0.923,0.709,213.79,1080.58,130,108.06,2.081,1.135,0.357,0.02,0.0,0.378,0,0,Normal,4.39,3.05,0.72,0.0,0,None
2026-04-06 18:15:00,30.94,1,0,1,226.1,16.4,3.442,1.382,0.928,0.8605,214.65,1087.64,130,108.76,2.648,1.135,0.345,0.118,0.0,0.331,0,0,Normal,4.03,2.35,0.34,0.0,0,None
2026-04-06 18:30:00,31.78,1,0,1,226.2,18.19,3.794,1.595,0.922,0.9485,215.6,1095.42,130,109.54,2.914,1.135,0.339,0.112,0.0,0.429,0,0,Normal,2.1,1.66,0.5,0.0,0,None
2026-04-06 18:45:00,30.91,1,0,1,224.63,14.84,3.108,1.207,0.932,0.777,216.38,1101.79,130,110.18,2.438,1.135,0.366,0.02,0.0,0.284,0,0,Normal,2.25,3.6,0.99,0.0,0,None
2026-04-06 19:00:00,30.21,1,0,1,225.88,22.18,4.547,2.101,0.908,1.1368,217.51,1111.11,130,111.11,2.179,1.135,0.365,0.02,1.483,0.5,0,0,Normal,3.66,3.53,0.68,0.0,0,None
2026-04-06 19:15:00,29.73,1,0,1,226.12,23.01,4.63,2.372,0.89,1.1575,218.67,1120.6,130,112.06,1.935,1.135,0.354,0.02,1.822,0.499,0,0,Normal,3.96,2.72,0.91,0.0,0,None
2026-04-06 19:30:00,29.79,1,0,1,226.72,20.54,4.234,1.939,0.909,1.0585,219.73,1129.28,130,112.93,2.052,1.135,0.36,0.02,1.458,0.344,0,0,Normal,4.38,1.44,0.33,0.0,0,None
2026-04-06 19:45:00,28.89,1,0,1,228.74,21.85,4.459,2.258,0.892,1.1147,220.84,1138.42,130,113.84,1.552,1.135,0.347,0.119,1.965,0.476,0,0,Normal,3.12,1.02,0.48,0.0,0,None
2026-04-06 20:00:00,28.47,1,0,1,227.24,20.13,4.261,1.665,0.931,1.0652,221.91,1147.16,130,114.72,1.369,1.135,0.363,0.129,1.905,0.495,0,0,Normal,2.44,2.33,0.51,0.0,0,None
2026-04-06 20:15:00,27.83,1,0,1,226.84,14.6,3.111,1.135,0.939,0.7778,222.69,1153.54,130,115.35,1.167,1.135,0.352,0.02,1.334,0.238,0,0,Normal,2.7,1.62,0.58,0.0,0,None
2026-04-06 20:30:00,28.43,1,0,1,228.91,16.29,3.438,1.443,0.922,0.8595,223.55,1160.58,130,116.06,1.253,1.135,0.333,0.02,1.368,0.464,0,0,Normal,2.89,3.48,0.95,0.0,0,None
2026-04-06 20:45:00,27.59,1,0,1,226.19,17.69,3.626,1.693,0.906,0.9065,224.45,1168.02,130,116.8,1.022,1.135,0.333,0.02,1.975,0.276,0,0,Normal,2.82,3.45,0.34,0.0,0,None
2026-04-06 21:00:00,26.54,1,0,1,227.54,14.81,3.065,1.399,0.91,0.7663,225.22,1174.3,130,117.43,0.384,1.135,0.348,0.02,1.98,0.333,0,0,Normal,3.0,3.63,0.2,0.0,0,None
2026-04-06 21:15:00,26.62,1,0,1,228.16,12.14,2.659,0.776,0.96,0.6647,225.88,1179.75,130,117.98,0.571,1.135,0.335,0.119,1.328,0.306,0,0,Normal,2.55,1.95,0.76,0.0,0,None
2026-04-06 21:30:00,26.37,1,0,1,227.32,12.12,2.429,1.302,0.881,0.6073,226.49,1184.73,130,118.47,0.291,1.135,0.339,0.113,1.437,0.249,0,0,Normal,3.2,1.95,0.66,0.0,0,None
2026-04-06 21:45:00,26.65,1,0,1,225.46,15.26,3.205,1.254,0.931,0.8012,227.29,1191.3,130,119.13,0.503,1.135,0.365,0.02,1.879,0.438,0,0,Normal,2.41,1.46,0.8,0.0,0,None
2026-04-06 22:00:00,24.87,1,0,1,227.06,3.04,0.66,0.205,0.955,0.165,227.46,1192.65,130,119.27,0.0,1.135,0.347,0.02,0.0,0.293,0,0,Normal,4.21,1.25,0.89,0.0,0,None
2026-04-06 22:15:00,24.68,1,0,1,225.54,4.12,0.826,0.425,0.889,0.2065,227.66,1194.35,130,119.43,0.0,1.135,0.356,0.02,0.0,0.45,0,0,Normal,2.22,3.67,0.51,0.0,0,None
2026-04-06 22:30:00,25.8,1,0,1,228.03,4.69,0.997,0.385,0.933,0.2492,227.91,1196.39,130,119.64,0.143,1.135,0.351,0.02,0.0,0.483,0,0,Normal,4.28,2.32,0.57,0.0,0,None
2026-04-06 22:45:00,25.52,1,0,1,230.45,3.81,0.835,0.273,0.95,0.2088,228.12,1198.1,130,119.81,0.0,1.135,0.356,0.122,0.0,0.357,0,0,Normal,2.57,2.09,0.25,0.0,0,None
2026-04-06 23:00:00,23.38,1,0,1,227.84,3.29,0.683,0.308,0.911,0.1707,228.29,1199.5,130,119.95,0.0,1.136,0.35,0.123,0.0,0.21,0,0,Normal,3.29,1.72,0.63,0.0,0,None
2026-04-06 23:15:00,24.04,1,0,1,229.04,3.12,0.675,0.234,0.945,0.1688,228.46,1200.89,130,120.09,0.0,1.136,0.325,0.02,0.0,0.33,0,0,Normal,2.89,1.77,0.86,0.0,0,None
2026-04-06 23:30:00,23.39,1,0,1,230.57,3.73,0.785,0.351,0.913,0.1962,228.66,1202.5,130,120.25,0.0,1.136,0.362,0.02,0.0,0.403,0,0,Normal,2.4,1.23,0.79,0.0,0,None
2026-04-06 23:45:00,23.17,1,0,1,229.13,2.88,0.593,0.288,0.899,0.1483,228.81,1203.71,130,120.37,0.0,1.136,0.339,0.02,0.0,0.234,0,0,Normal,2.28,2.0,0.57,0.0,0,None
2026-04-07 00:00:00,23.32,1,0,0,227.43,3.01,0.651,0.215,0.949,0.1628,228.97,1205.05,130,120.5,0.0,1.136,0.346,0.02,0.0,0.285,0,0,Normal,3.14,1.15,0.89,0.0,0,None
2026-04-07 00:15:00,21.95,1,0,0,229.04,4.59,0.931,0.49,0.885,0.2328,229.2,1206.95,130,120.7,0.0,1.136,0.338,0.12,0.0,0.473,0,0,Normal,2.26,3.74,0.38,0.0,0,None
2026-04-07 00:30:00,23.27,1,0,0,229.69,3.81,0.783,0.391,0.895,0.1957,229.4,1208.56,130,120.86,0.0,1.136,0.369,0.124,0.0,0.29,0,0,Normal,3.37,1.89,0.63,0.0,0,None
2026-04-07 00:45:00,22.68,1,0,0,229.03,3.21,0.661,0.322,0.899,0.1652,229.56,1209.91,130,120.99,0.0,1.136,0.32,0.02,0.0,0.321,0,0,Normal,3.18,2.6,0.35,0.0,0,None
2026-04-07 01:00:00,22.1,1,0,0,227.66,3.89,0.79,0.4,0.892,0.1975,229.76,1211.53,130,121.15,0.0,1.136,0.364,0.02,0.0,0.406,0,0,Normal,3.51,2.06,0.96,0.0,0,None
2026-04-07 01:15:00,22.41,1,0,0,232.77,3.27,0.679,0.342,0.893,0.1698,229.93,1212.93,130,121.29,0.0,1.136,0.357,0.02,0.0,0.302,0,0,Normal,3.17,1.35,0.47,0.0,0,None
2026-04-07 01:30:00,22.5,1,0,0,232.27,4.11,0.86,0.416,0.9,0.215,230.14,1214.69,130,121.47,0.0,1.136,0.346,0.02,0.0,0.494,0,0,Normal,2.7,2.67,0.6,0.0,0,None
2026-04-07 01:45:00,21.79,1,0,0,231.49,3.57,0.753,0.343,0.91,0.1882,230.33,1216.23,130,121.62,0.0,1.136,0.346,0.116,0.0,0.291,0,0,Normal,3.12,3.52,0.38,0.0,0,None
2026-04-07 02:00:00,22.36,1,0,0,231.58,3.86,0.829,0.337,0.926,0.2072,230.54,1217.93,130,121.79,0.0,1.136,0.364,0.122,0.0,0.343,0,0,Normal,4.38,3.06,0.53,0.0,0,None
2026-04-07 02:15:00,22.06,1,0,0,231.1,3.74,0.801,0.323,0.927,0.2002,230.74,1219.57,130,121.96,0.0,1.136,0.373,0.02,0.0,0.408,0,0,Normal,3.17,3.83,0.25,0.0,0,None
2026-04-07 02:30:00,21.37,1,0,0,231.12,3.14,0.64,0.34,0.883,0.16,230.9,1220.89,130,122.09,0.0,1.136,0.344,0.02,0.0,0.276,0,0,Normal,4.09,3.55,0.66,0.0,0,None
2026-04-07 02:45:00,21.92,1,0,0,233.99,3.92,0.819,0.411,0.894,0.2047,231.11,1222.57,130,122.26,0.0,1.136,0.374,0.02,0.0,0.425,0,0,Normal,3.94,1.27,0.57,0.0,0,None
2026-04-07 03:00:00,22.9,1,0,0,232.1,3.96,0.815,0.425,0.887,0.2037,231.31,1224.24,130,122.42,0.0,1.136,0.349,0.02,0.0,0.446,0,0,Normal,2.94,1.7,0.46,0.0,0,None
2026-04-07 03:15:00,23.04,1,0,0,233.64,3.75,0.811,0.333,0.925,0.2027,231.51,1225.9,130,122.59,0.0,1.136,0.344,0.121,0.0,0.346,0,0,Normal,3.44,1.16,0.99,0.0,0,None
2026-04-07 03:30:00,22.56,1,0,0,233.34,3.36,0.746,0.241,0.951,0.1865,231.7,1227.43,130,122.74,0.0,1.136,0.37,0.121,0.0,0.255,0,0,Normal,2.46,1.56,0.86,0.0,0,None
2026-04-07 03:45:00,21.61,1,0,0,236.81,4.02,0.905,0.293,0.952,0.2262,231.92,1229.28,130,122.93,0.0,1.136,0.355,0.02,0.0,0.53,0,0,Normal,4.06,3.4,0.33,0.0,0,None
2026-04-07 04:00:00,23.05,1,0,0,234.14,3.17,0.704,0.235,0.948,0.176,232.1,1230.73,130,123.07,0.0,1.136,0.346,0.02,0.0,0.338,0,0,Normal,3.33,2.17,0.41,0.0,0,None
2026-04-07 04:15:00,23.23,1,0,0,233.46,4.04,0.888,0.321,0.941,0.222,232.32,1232.55,130,123.25,0.0,1.136,0.357,0.02,0.0,0.511,0,0,Normal,4.09,1.76,0.4,0.0,0,None
2026-04-07 04:30:00,23.17,1,0,0,231.27,3.38,0.729,0.284,0.932,0.1822,232.5,1234.04,130,123.4,0.0,1.136,0.344,0.02,0.0,0.365,0,0,Normal,4.29,3.84,0.85,0.0,0,None
2026-04-07 04:45:00,23.2,1,0,0,233.9,4.18,0.909,0.36,0.93,0.2272,232.73,1235.9,130,123.59,0.0,1.136,0.364,0.121,0.0,0.424,0,0,Normal,2.93,3.2,0.6,0.0,0,None
2026-04-07 05:00:00,23.94,1,0,0,233.5,4.29,0.914,0.411,0.912,0.2285,232.96,1237.78,130,123.78,0.0,1.136,0.352,0.124,0.0,0.438,0,0,Normal,4.21,3.32,0.32,0.0,0,None
2026-04-07 05:15:00,23.72,1,0,0,232.29,4.09,0.874,0.372,0.92,0.2185,233.18,1239.57,130,123.96,0.0,1.136,0.346,0.02,0.0,0.508,0,0,Normal,2.34,2.81,0.77,0.0,0,None
2026-04-07 05:30:00,23.45,1,0,0,233.98,3.84,0.809,0.392,0.9,0.2022,233.38,1241.23,130,124.12,0.0,1.137,0.365,0.02,0.0,0.424,0,0,Normal,3.75,3.48,0.7,0.0,0,None
2026-04-07 05:45:00,22.81,1,0,0,233.85,3.39,0.756,0.237,0.954,0.189,233.57,1242.78,130,124.28,0.0,1.137,0.357,0.02,0.0,0.379,0,0,Normal,3.74,1.79,0.62,0.0,0,None
2026-04-07 06:00:00,25.17,1,0,0,233.09,11.63,2.478,1.099,0.914,0.6195,234.19,1247.86,130,124.79,0.0,1.137,0.34,0.02,1.757,0.361,0,0,Normal,2.12,1.98,0.31,0.0,0,None
2026-04-07 06:15:00,25.09,1,0,0,232.75,10.51,2.162,1.146,0.884,0.5405,234.73,1252.29,130,125.23,0.0,1.137,0.339,0.117,1.349,0.357,0,0,Normal,3.32,3.55,0.45,0.0,0,None
2026-04-07 06:30:00,25.28,1,0,0,234.12,10.8,2.306,1.037,0.912,0.5765,235.31,1257.02,130,125.7,0.004,1.137,0.346,0.124,1.342,0.49,0,0,Normal,3.8,3.76,0.67,0.0,0,None
2026-04-07 06:45:00,24.33,1,0,0,231.9,12.64,2.773,0.949,0.946,0.6932,236.0,1262.7,130,126.27,0.0,1.137,0.354,0.02,1.97,0.429,0,0,Normal,4.06,3.99,0.27,0.0,0,None
2026-04-07 07:00:00,26.77,1,0,0,233.34,13.21,2.809,1.268,0.911,0.7022,236.7,1268.46,130,126.85,0.605,1.137,0.061,0.02,1.828,0.295,0,0,Normal,2.61,2.79,0.47,0.0,0,None
2026-04-07 07:15:00,27.47,1,0,0,231.58,14.43,2.944,1.581,0.881,0.736,237.44,1274.5,130,127.45,0.911,1.137,0.04,0.02,1.72,0.253,0,0,Normal,3.77,1.04,0.21,0.0,0,None
2026-04-07 07:30:00,26.49,1,0,0,236.65,10.07,2.275,0.707,0.955,0.5688,238.01,1279.16,130,127.92,0.439,1.137,0.059,0.02,1.398,0.359,0,0,Normal,3.37,3.35,0.27,0.0,0,None
2026-04-07 07:45:00,26.42,1,0,0,233.66,12.81,2.689,1.317,0.898,0.6722,238.68,1284.67,130,128.47,0.399,1.137,0.041,0.112,1.655,0.482,0,0,Normal,2.16,1.49,0.27,0.0,0,None
2026-04-07 08:00:00,28.15,1,0,0,232.77,14.83,3.224,1.234,0.934,0.806,239.49,1291.28,130,129.13,1.206,1.137,0.066,0.121,1.563,0.268,0,0,Normal,3.6,3.16,0.7,0.0,0,None
2026-04-07 08:15:00,29.02,1,0,0,234.45,15.85,3.328,1.651,0.896,0.832,240.32,1298.1,130,129.81,1.525,1.137,0.039,0.02,1.426,0.318,0,0,Normal,4.14,1.27,0.78,0.0,0,None
2026-04-07 08:30:00,27.49,1,0,0,235.1,14.32,3.008,1.51,0.894,0.752,241.07,1304.27,130,130.43,0.924,1.137,0.051,0.02,1.686,0.327,0,0,Normal,3.62,1.45,0.48,0.0,0,None
2026-04-07 08:45:00,28.1,1,0,0,232.89,16.33,3.377,1.75,0.888,0.8442,241.91,1311.19,130,131.12,1.182,1.137,0.074,0.02,1.805,0.296,0,0,Normal,2.61,2.82,0.28,0.0,0,None
2026-04-07 09:00:00,29.15,0,0,0,234.92,0.93,0.201,0.084,0.922,0.0503,241.96,1311.6,130,131.16,0.0,1.137,0.032,0.02,0.0,0.149,0,0,Normal,2.29,3.17,0.29,0.0,0,None
2026-04-07 09:15:00,29.28,0,0,0,231.97,1.66,0.362,0.131,0.94,0.0905,242.05,1312.35,130,131.23,0.0,1.137,0.035,0.119,0.0,0.208,0,0,Normal,3.89,1.71,0.75,0.0,0,None
2026-04-07 09:30:00,29.53,0,0,0,234.81,1.94,0.411,0.196,0.902,0.1028,242.16,1313.19,130,131.32,0.0,1.137,0.058,0.12,0.0,0.233,0,0,Normal,2.56,3.08,0.46,0.0,0,None
2026-04-07 09:45:00,30.23,0,0,0,233.5,1.36,0.303,0.096,0.953,0.0758,242.23,1313.81,130,131.38,0.0,1.137,0.049,0.02,0.0,0.234,0,0,Normal,4.03,1.28,1.0,0.0,0,None
2026-04-07 10:00:00,31.9,0,0,0,231.95,0.96,0.208,0.076,0.939,0.052,242.28,1314.24,130,131.42,0.0,1.137,0.056,0.02,0.0,0.132,0,0,Normal,3.52,2.58,0.38,0.0,0,None
2026-04-07 10:15:00,31.22,0,0,0,232.53,1.11,0.245,0.08,0.951,0.0612,242.35,1314.74,130,131.47,0.0,1.137,0.051,0.02,0.0,0.174,0,0,Normal,4.33,3.7,0.56,0.0,0,None
2026-04-07 10:30:00,30.81,0,0,0,232.19,0.67,0.142,0.062,0.916,0.0355,242.38,1315.03,130,131.5,0.0,1.137,0.039,0.02,0.0,0.083,0,0,Normal,2.85,1.37,0.36,0.0,0,None
2026-04-07 10:45:00,32.25,0,0,0,230.16,1.91,0.403,0.178,0.915,0.1007,242.48,1315.86,130,131.59,0.0,1.137,0.046,0.122,0.0,0.235,0,0,Normal,2.01,3.49,0.86,0.0,0,None
2026-04-07 11:00:00,32.03,0,0,0,229.15,1.94,0.393,0.207,0.885,0.0982,242.58,1316.66,130,131.67,0.0,1.137,0.049,0.12,0.0,0.224,0,0,Normal,2.62,2.31,0.67,0.0,0,None
2026-04-07 11:15:00,31.96,0,0,0,230.99,0.79,0.168,0.069,0.925,0.042,242.62,1317.01,130,131.7,0.0,1.137,0.051,0.02,0.0,0.097,0,0,Normal,3.87,1.69,0.82,0.0,0,None
2026-04-07 11:30:00,31.36,0,0,0,231.07,1.23,0.267,0.096,0.941,0.0668,242.69,1317.55,130,131.76,0.0,1.137,0.059,0.02,0.0,0.188,0,0,Normal,3.26,1.18,0.3,0.0,0,None
2026-04-07 11:45:00,32.94,0,0,0,229.57,1.46,0.298,0.152,0.891,0.0745,242.76,1318.16,130,131.82,0.0,1.137,0.05,0.02,0.0,0.228,0,0,Normal,2.67,1.17,0.51,0.0,0,None
2026-04-07 12:00:00,33.68,0,0,0,230.03,1.01,0.219,0.077,0.943,0.0548,242.82,1318.61,130,131.86,0.0,1.138,0.039,0.02,0.0,0.16,0,0,Normal,4.33,3.98,0.68,0.0,0,None
2026-04-07 12:15:00,34.41,0,0,0,230.49,1.51,0.317,0.144,0.91,0.0792,242.9,1319.26,130,131.93,0.0,1.138,0.045,0.12,0.0,0.152,0,0,Normal,2.06,3.08,0.32,0.0,0,None
2026-04-07 12:30:00,32.5,0,0,0,230.37,1.38,0.286,0.14,0.899,0.0715,242.97,1319.85,130,131.98,0.0,1.138,0.045,0.123,0.0,0.118,0,0,Normal,3.88,3.86,0.89,0.0,0,None
2026-04-07 12:45:00,33.93,0,0,0,229.38,0.97,0.204,0.09,0.915,0.051,243.02,1320.27,130,132.03,0.0,1.138,0.045,0.02,0.0,0.139,0,0,Normal,3.51,1.35,0.35,0.0,0,None
2026-04-07 13:00:00,33.83,0,0,0,228.08,1.07,0.224,0.094,0.922,0.056,243.08,1320.73,130,132.07,0.0,1.138,0.052,0.02,0.0,0.152,0,0,Normal,3.17,3.84,0.65,0.0,0,None
2026-04-07 13:15:00,34.2,0,0,0,228.09,0.67,0.144,0.05,0.945,0.036,243.11,1321.02,130,132.1,0.0,1.138,0.043,0.02,0.0,0.081,0,0,Normal,2.42,3.96,0.57,0.0,0,None
2026-04-07 13:30:00,32.97,0,0,0,228.37,1.57,0.336,0.123,0.939,0.084,243.2,1321.71,130,132.17,0.0,1.138,0.067,0.02,0.0,0.249,0,0,Normal,3.69,3.5,0.55,0.0,0,None
2026-04-07 13:45:00,34.53,0,0,0,226.75,1.68,0.355,0.137,0.933,0.0888,243.29,1322.44,130,132.24,0.0,1.138,0.053,0.109,0.0,0.193,0,0,Normal,3.2,1.78,0.23,0.0,0,None
2026-04-07 14:00:00,34.39,0,0,0,227.7,1.91,0.399,0.171,0.919,0.0998,243.38,1323.26,130,132.33,0.0,1.138,0.04,0.11,0.0,0.249,0,0,Normal,2.79,3.16,0.46,0.0,0,None
2026-04-07 14:15:00,33.98,0,0,0,230.15,0.89,0.185,0.089,0.9,0.0462,243.43,1323.64,130,132.36,0.0,1.138,0.044,0.02,0.0,0.121,0,0,Normal,2.47,2.42,0.27,0.0,0,None
2026-04-07 14:30:00,34.32,0,0,0,230.18,1.38,0.295,0.118,0.928,0.0738,243.5,1324.24,130,132.42,0.0,1.138,0.057,0.02,0.0,0.218,0,0,Normal,2.23,3.75,0.81,0.0,0,None
2026-04-07 14:45:00,33.62,0,0,0,228.58,1.3,0.283,0.093,0.95,0.0707,243.58,1324.82,130,132.48,0.0,1.138,0.051,0.02,0.0,0.212,0,0,Normal,4.02,1.45,0.38,0.0,0,None
2026-04-07 15:00:00,33.51,0,0,0,228.3,1.38,0.293,0.119,0.927,0.0732,243.65,1325.42,130,132.54,0.0,1.138,0.033,0.02,0.0,0.24,0,0,Normal,2.21,2.35,0.96,0.0,0,None
2026-04-07 15:15:00,33.56,0,0,0,224.5,1.13,0.227,0.111,0.898,0.0568,243.71,1325.89,130,132.59,0.0,1.138,0.03,0.115,0.0,0.082,0,0,Normal,2.64,1.61,0.4,0.0,0,None
2026-04-07 15:30:00,32.87,0,0,0,227.53,1.73,0.373,0.126,0.947,0.0932,243.8,1326.65,130,132.67,0.0,1.138,0.054,0.129,0.0,0.19,0,0,Normal,2.6,1.72,0.98,0.0,0,None
2026-04-07 15:45:00,34.23,0,0,0,225.77,0.83,0.178,0.055,0.955,0.0445,243.84,1327.02,130,132.7,0.0,1.138,0.041,0.02,0.0,0.117,0,0,Normal,2.45,2.09,0.54,0.0,0,None
2026-04-07 16:00:00,33.79,0,0,0,225.77,1.23,0.259,0.099,0.934,0.0648,243.91,1327.55,130,132.75,0.0,1.138,0.039,0.02,0.0,0.2,0,0,Normal,3.25,3.18,0.58,0.0,0,None
2026-04-07 16:15:00,32.85,0,0,0,226.82,1.25,0.254,0.124,0.898,0.0635,243.97,1328.07,130,132.81,0.0,1.138,0.047,0.02,0.0,0.187,0,0,Normal,2.04,2.8,0.97,0.0,0,None
2026-04-07 16:30:00,33.37,0,0,0,226.3,0.97,0.205,0.081,0.93,0.0512,244.02,1328.49,130,132.85,0.0,1.138,0.041,0.02,0.0,0.144,0,0,Normal,3.79,2.73,0.53,0.0,0,None
2026-04-07 16:45:00,33.06,0,0,0,224.71,1.51,0.304,0.151,0.895,0.076,244.1,1329.11,130,132.91,0.0,1.138,0.062,0.117,0.0,0.125,0,0,Normal,4.14,3.61,0.29,0.0,0,None
2026-04-07 17:00:00,32.41,0,0,0,224.04,1.6,0.343,0.107,0.954,0.0857,244.18,1329.81,130,132.98,0.0,1.138,0.046,0.116,0.0,0.181,0,0,Normal,3.44,2.95,0.39,0.0,0,None
2026-04-07 17:15:00,31.93,0,0,0,226.51,1.37,0.274,0.144,0.885,0.0685,244.25,1330.38,130,133.04,0.0,1.138,0.054,0.02,0.0,0.2,0,0,Normal,2.22,3.18,0.24,0.0,0,None
2026-04-07 17:30:00,31.8,0,0,0,227.58,0.94,0.19,0.1,0.885,0.0475,244.3,1330.77,130,133.08,0.0,1.138,0.057,0.02,0.0,0.113,0,0,Normal,4.02,3.43,0.28,0.0,0,None
2026-04-07 17:45:00,32.77,0,0,0,225.55,1.36,0.289,0.102,0.943,0.0723,244.37,1331.36,130,133.14,0.0,1.138,0.046,0.02,0.0,0.223,0,0,Normal,3.17,2.17,0.43,0.0,0,None
2026-04-07 18:00:00,30.97,1,0,1,227.17,15.77,3.247,1.514,0.906,0.8118,245.18,1338.01,130,133.8,2.472,1.138,0.333,0.02,0.0,0.422,0,0,Normal,4.41,3.72,0.65,0.0,0,None
2026-04-07 18:15:00,32.01,1,0,1,227.08,17.74,3.845,1.2,0.955,0.9612,246.15,1345.9,130,134.59,3.042,1.138,0.348,0.121,0.0,0.334,0,0,Normal,2.4,2.63,0.27,0.0,0,None
2026-04-07 18:30:00,31.02,1,0,1,225.85,16.34,3.362,1.522,0.911,0.8405,246.99,1352.79,130,135.28,2.571,1.139,0.338,0.121,0.0,0.332,0,0,Normal,2.24,2.11,0.21,0.0,0,None
2026-04-07 18:45:00,30.54,1,0,1,227.83,13.34,2.877,0.982,0.946,0.7193,247.71,1358.69,130,135.87,2.302,1.139,0.351,0.02,0.0,0.204,0,0,Normal,3.85,1.81,0.98,0.0,0,None
2026-04-07 19:00:00,30.17,1,0,1,225.93,19.27,4.114,1.426,0.945,1.0285,248.73,1367.12,130,136.71,2.139,1.139,0.353,0.02,1.331,0.271,0,0,Normal,3.89,1.27,0.94,0.0,0,None
2026-04-07 19:15:00,29.87,1,0,1,227.24,19.69,4.258,1.374,0.952,1.0645,249.8,1375.85,130,137.58,1.975,1.139,0.35,0.02,1.403,0.51,0,0,Normal,4.2,2.77,0.43,0.0,0,None
2026-04-07 19:30:00,29.92,1,0,1,226.67,18.96,4.117,1.237,0.958,1.0292,250.83,1693.09,150,169.31,1.995,1.139,0.361,0.02,1.494,0.247,0,0,Normal,2.95,2.28,0.67,0.0,0,None
2026-04-07 19:45:00,30.15,1,0,1,228.59,22.52,4.835,1.764,0.939,1.2088,252.04,1701.25,150,170.12,2.019,1.139,0.35,0.127,1.967,0.372,0,0,Normal,2.12,1.18,0.85,0.0,0,None
2026-04-07 20:00:00,27.67,1,0,1,228.07,14.74,3.171,1.117,0.943,0.7928,252.83,1706.6,150,170.66,0.923,1.139,0.356,0.122,1.487,0.283,0,0,Normal,3.5,1.89,0.21,0.0,0,None
2026-04-07 20:15:00,27.94,1,0,1,227.14,17.22,3.528,1.689,0.902,0.882,253.71,1712.55,150,171.26,1.143,1.139,0.335,0.02,1.788,0.242,0,0,Normal,3.5,2.29,0.74,0.0,0,None
2026-04-07 20:30:00,27.91,1,0,1,226.62,15.43,3.294,1.173,0.942,0.8235,254.54,1718.11,150,171.81,1.001,1.139,0.339,0.02,1.547,0.387,0,0,Normal,3.39,2.84,0.43,0.0,0,None
2026-04-07 20:45:00,27.35,1,0,1,225.75,14.72,3.066,1.279,0.923,0.7665,255.3,1723.29,150,172.33,0.903,1.139,0.374,0.02,1.439,0.33,0,0,Normal,4.36,3.02,0.41,0.0,0,None
2026-04-07 21:00:00,26.32,1,0,1,228.13,12.53,2.63,1.122,0.92,0.6575,255.96,1727.72,150,172.77,0.519,1.139,0.357,0.02,1.411,0.323,0,0,Normal,3.51,2.09,0.96,0.0,0,None
2026-04-07 21:15:00,27.12,1,0,1,227.03,17.06,3.646,1.304,0.942,0.9115,256.87,1733.88,150,173.39,0.772,1.139,0.34,0.111,1.973,0.45,0,0,Normal,2.7,2.35,0.32,0.0,0,None
2026-04-07 21:30:00,26.57,1,0,1,228.01,14.79,2.988,1.563,0.886,0.747,257.62,1738.92,150,173.89,0.501,1.139,0.36,0.113,1.589,0.425,0,0,Normal,3.85,3.02,0.93,0.0,0,None
2026-04-07 21:45:00,25.77,1,0,1,227.38,11.79,2.554,0.813,0.953,0.6385,258.26,1743.23,150,174.32,0.178,1.139,0.346,0.02,1.705,0.305,0,0,Normal,3.27,1.25,0.54,0.0,0,None
2026-04-07 22:00:00,24.22,1,0,1,229.91,3.16,0.67,0.281,0.922,0.1675,258.42,1744.36,150,174.44,0.0,1.139,0.367,0.02,0.0,0.283,0,0,Normal,2.0,1.89,0.26,0.0,0,None
2026-04-07 22:15:00,25.83,1,0,1,228.6,5.02,1.058,0.443,0.922,0.2645,258.69,1746.14,150,174.61,0.229,1.139,0.337,0.02,0.0,0.472,0,0,Normal,4.31,1.28,0.23,0.0,0,None
2026-04-07 22:30:00,24.95,1,0,1,227.79,4.1,0.826,0.437,0.884,0.2065,258.89,1747.54,150,174.75,0.0,1.139,0.342,0.02,0.0,0.464,0,0,Normal,3.23,3.65,0.47,0.0,0,None
2026-04-07 22:45:00,24.68,1,0,1,228.63,3.81,0.78,0.388,0.895,0.195,259.09,1748.85,150,174.89,0.0,1.139,0.357,0.114,0.0,0.309,0,0,Normal,3.8,1.75,0.32,0.0,0,None
2026-04-07 23:00:00,23.62,1,0,1,227.68,3.86,0.839,0.258,0.956,0.2098,259.3,1750.27,150,175.03,0.0,1.139,0.356,0.121,0.0,0.362,0,0,Normal,3.46,1.22,1.0,0.0,0,None
2026-04-07 23:15:00,23.02,1,0,1,230.1,3.71,0.778,0.353,0.911,0.1945,259.49,1751.58,150,175.16,0.0,1.139,0.366,0.02,0.0,0.392,0,0,Normal,2.83,2.04,0.46,0.0,0,None
2026-04-07 23:30:00,24.47,1,0,1,231.13,3.93,0.826,0.379,0.909,0.2065,259.7,1752.98,150,175.3,0.0,1.139,0.359,0.02,0.0,0.447,0,0,Normal,3.22,3.25,0.4,0.0,0,None
2026-04-07 23:45:00,23.56,1,0,1,229.71,3.31,0.699,0.302,0.918,0.1748,259.88,1754.16,150,175.42,0.0,1.139,0.345,0.02,0.0,0.334,0,0,Normal,2.86,3.31,0.71,0.0,0,None
2026-04-08 00:00:00,23.49,1,0,0,229.49,3.97,0.86,0.303,0.943,0.215,260.09,1755.61,150,175.56,0.0,1.139,0.351,0.02,0.0,0.489,0,0,Normal,3.23,3.67,0.26,0.0,0,None
2026-04-08 00:15:00,22.83,1,0,0,231.39,4.36,0.924,0.405,0.916,0.231,260.32,1757.17,150,175.72,0.0,1.139,0.363,0.12,0.0,0.441,0,0,Normal,2.41,2.98,0.71,0.0,0,None
2026-04-08 00:30:00,23.52,1,0,0,232.64,3.94,0.845,0.353,0.923,0.2112,260.53,1758.59,150,175.86,0.0,1.139,0.352,0.12,0.0,0.373,0,0,Normal,3.87,3.44,0.66,0.0,0,None
2026-04-08 00:45:00,22.93,1,0,0,231.67,3.25,0.697,0.282,0.927,0.1743,260.71,1759.77,150,175.98,0.0,1.139,0.343,0.02,0.0,0.334,0,0,Normal,2.26,1.46,0.52,0.0,0,None
2026-04-08 01:00:00,22.63,1,0,0,232.31,3.57,0.756,0.343,0.911,0.189,260.9,1761.04,150,176.1,0.0,1.14,0.346,0.02,0.0,0.39,0,0,Normal,3.89,1.62,0.25,0.0,0,None
2026-04-08 01:15:00,22.56,1,0,0,234.73,3.67,0.808,0.296,0.939,0.202,261.1,1762.41,150,176.24,0.0,1.14,0.354,0.02,0.0,0.434,0,0,Normal,2.32,2.07,0.91,0.0,0,None
2026-04-08 01:30:00,22.52,1,0,0,230.59,4.18,0.876,0.402,0.909,0.219,261.32,1763.89,150,176.39,0.0,1.14,0.364,0.02,0.0,0.492,0,0,Normal,3.2,2.27,0.56,0.0,0,None
2026-04-08 01:45:00,22.38,1,0,0,232.69,4.09,0.862,0.401,0.907,0.2155,261.53,1765.34,150,176.53,0.0,1.14,0.34,0.125,0.0,0.397,0,0,Normal,4.42,3.49,0.66,0.0,0,None
2026-04-08 02:00:00,21.88,1,0,0,231.96,3.61,0.779,0.305,0.931,0.1947,261.73,1766.66,150,176.67,0.0,1.14,0.367,0.127,0.0,0.285,0,0,Normal,4.06,3.13,0.86,0.0,0,None
2026-04-08 02:15:00,22.96,1,0,0,233.31,2.8,0.627,0.183,0.96,0.1568,261.88,1767.71,150,176.77,0.0,1.14,0.367,0.02,0.0,0.24,0,0,Normal,3.18,3.37,0.84,0.0,0,None
2026-04-08 02:30:00,21.55,1,0,0,232.06,3.66,0.75,0.399,0.883,0.1875,262.07,1768.98,150,176.9,0.0,1.14,0.337,0.02,0.0,0.393,0,0,Normal,3.54,3.79,0.6,0.0,0,None
2026-04-08 02:45:00,22.0,1,0,0,232.46,4.18,0.899,0.368,0.925,0.2248,262.3,1770.5,150,177.05,0.0,1.14,0.363,0.02,0.0,0.516,0,0,Normal,2.86,3.7,0.82,0.0,0,None
2026-04-08 03:00:00,22.21,1,0,0,233.13,2.92,0.621,0.28,0.912,0.1552,262.45,1771.54,150,177.15,0.0,1.14,0.348,0.02,0.0,0.253,0,0,Normal,4.27,1.01,0.92,0.0,0,None
2026-04-08 03:15:00,22.41,1,0,0,231.74,3.83,0.817,0.345,0.921,0.2042,262.66,1772.92,150,177.29,0.0,1.14,0.327,0.12,0.0,0.37,0,0,Normal,3.85,3.28,0.77,0.0,0,None
2026-04-08 03:30:00,21.99,1,0,0,233.91,3.55,0.743,0.369,0.896,0.1858,262.84,1774.18,150,177.42,0.0,1.14,0.339,0.11,0.0,0.294,0,0,Normal,2.74,1.44,0.88,0.0,0,None
2026-04-08 03:45:00,22.36,1,0,0,233.9,2.88,0.621,0.259,0.923,0.1552,263.0,1775.22,150,177.52,0.0,1.14,0.352,0.02,0.0,0.249,0,0,Normal,2.02,1.24,0.4,0.0,0,None
2026-04-08 04:00:00,22.72,1,0,0,232.44,3.61,0.791,0.279,0.943,0.1978,263.19,1776.56,150,177.66,0.0,1.14,0.338,0.02,0.0,0.433,0,0,Normal,2.33,3.95,0.4,0.0,0,None
2026-04-08 04:15:00,22.01,1,0,0,234.55,4.14,0.888,0.395,0.914,0.222,263.42,1778.06,150,177.81,0.0,1.14,0.362,0.02,0.0,0.506,0,0,Normal,2.77,3.5,0.64,0.0,0,None
2026-04-08 04:30:00,22.81,1,0,0,232.12,3.63,0.748,0.39,0.887,0.187,263.6,1779.32,150,177.93,0.0,1.14,0.353,0.02,0.0,0.375,0,0,Normal,3.22,1.69,0.54,0.0,0,None
2026-04-08 04:45:00,22.25,1,0,0,235.03,3.76,0.793,0.393,0.896,0.1982,263.8,1780.66,150,178.07,0.0,1.14,0.349,0.119,0.0,0.325,0,0,Normal,3.86,1.5,0.28,0.0,0,None
2026-04-08 05:00:00,22.89,1,0,0,233.81,3.83,0.812,0.375,0.908,0.203,264.0,1782.03,150,178.2,0.0,1.14,0.336,0.123,0.0,0.353,0,0,Normal,3.24,2.7,0.51,0.0,0,None
2026-04-08 05:15:00,23.83,1,0,0,234.29,2.71,0.562,0.297,0.884,0.1405,264.14,1782.98,150,178.3,0.0,1.14,0.355,0.02,0.0,0.187,0,0,Normal,3.76,1.69,0.2,0.0,0,None
2026-04-08 05:30:00,24.0,1,0,0,235.35,3.94,0.834,0.404,0.9,0.2085,264.35,1784.38,150,178.44,0.0,1.14,0.346,0.02,0.0,0.468,0,0,Normal,3.32,3.05,0.82,0.0,0,None
2026-04-08 05:45:00,24.02,1,0,0,232.92,3.57,0.793,0.247,0.955,0.1982,264.55,1785.72,150,178.57,0.0,1.14,0.346,0.02,0.0,0.427,0,0,Normal,4.21,3.64,0.42,0.0,0,None
2026-04-08 06:00:00,25.28,1,0,0,234.85,11.52,2.407,1.236,0.89,0.6018,265.15,1789.78,150,178.98,0.0,1.14,0.349,0.02,1.709,0.329,0,0,Normal,4.0,1.47,0.71,0.0,0,None
2026-04-08 06:15:00,24.03,1,0,0,233.44,11.67,2.612,0.774,0.959,0.653,265.81,1794.19,150,179.42,0.0,1.14,0.36,0.117,1.823,0.312,0,0,Normal,2.68,2.92,0.81,0.0,0,None
2026-04-08 06:30:00,24.32,1,0,0,233.99,11.34,2.402,1.129,0.905,0.6005,266.41,1798.25,150,179.82,0.0,1.14,0.35,0.114,1.587,0.351,0,0,Normal,4.23,2.89,0.68,0.0,0,None
2026-04-08 06:45:00,25.99,1,0,0,233.95,11.2,2.322,1.215,0.886,0.5805,266.99,1802.16,150,180.22,0.17,1.14,0.348,0.02,1.3,0.484,0,0,Normal,2.57,3.35,0.89,0.0,0,None
2026-04-08 07:00:00,25.92,1,0,0,233.04,11.89,2.515,1.161,0.908,0.6288,267.62,1806.41,150,180.64,0.165,1.14,0.048,0.02,1.787,0.495,0,0,Normal,3.16,1.89,0.58,0.0,0,None
2026-04-08 07:15:00,26.75,1,0,0,233.26,13.57,2.857,1.365,0.902,0.7142,268.33,1811.23,150,181.12,0.652,1.14,0.038,0.02,1.815,0.332,0,0,Normal,3.22,1.77,0.24,0.0,0,None
2026-04-08 07:30:00,26.1,1,0,0,234.36,12.07,2.691,0.873,0.951,0.6728,269.0,1815.77,150,181.58,0.236,1.141,0.058,0.02,1.982,0.395,0,0,Normal,2.98,1.94,0.52,0.0,0,None
2026-04-08 07:45:00,26.49,1,0,0,234.04,13.26,2.891,1.127,0.932,0.7228,269.73,1820.65,150,182.06,0.46,1.141,0.034,0.122,1.843,0.432,0,0,Normal,2.99,1.19,0.42,0.0,0,None
2026-04-08 08:00:00,27.68,1,0,0,233.81,16.84,3.542,1.72,0.9,0.8855,270.61,1826.63,150,182.66,1.051,1.141,0.045,0.12,1.96,0.366,0,0,Normal,3.48,2.15,0.47,0.0,0,None
2026-04-08 08:15:00,28.28,1,0,0,234.57,14.0,3.052,1.211,0.929,0.763,271.37,1831.78,150,183.18,1.249,1.141,0.062,0.02,1.302,0.419,0,0,Normal,3.2,2.57,0.65,0.0,0,None
2026-04-08 08:30:00,28.07,1,0,0,234.98,15.92,3.58,1.085,0.957,0.895,272.27,1837.82,150,183.78,1.221,1.141,0.055,0.02,1.881,0.403,0,0,Normal,3.09,1.42,0.72,0.0,0,None
2026-04-08 08:45:00,27.78,1,0,0,232.56,15.16,3.295,1.257,0.934,0.8238,273.09,1843.38,150,184.34,1.092,1.141,0.05,0.02,1.861,0.272,0,0,Normal,3.21,1.86,0.42,0.0,0,None
2026-04-08 09:00:00,29.03,0,0,0,231.22,1.22,0.258,0.115,0.913,0.0645,273.16,1843.81,150,184.38,0.0,1.141,0.041,0.02,0.0,0.197,0,0,Normal,2.26,3.28,0.99,0.0,0,None
2026-04-08 09:15:00,29.69,0,0,0,232.17,1.68,0.361,0.149,0.924,0.0902,273.25,1844.42,150,184.44,0.0,1.141,0.038,0.116,0.0,0.207,0,0,Normal,3.48,1.11,0.47,0.0,0,None
2026-04-08 09:30:00,28.95,0,0,0,233.38,1.62,0.345,0.155,0.912,0.0862,273.33,1845.0,150,184.5,0.0,1.141,0.039,0.113,0.0,0.193,0,0,Normal,3.27,1.87,0.99,0.0,0,None
2026-04-08 09:45:00,29.77,0,0,0,231.81,0.97,0.215,0.068,0.954,0.0538,273.39,1845.37,150,184.54,0.0,1.141,0.049,0.02,0.0,0.146,0,0,Normal,2.9,3.4,0.94,0.0,0,None
2026-04-08 10:00:00,32.31,0,0,0,232.82,3.95,0.822,0.413,0.894,0.2055,273.59,1846.75,150,184.68,0.0,1.141,0.032,0.02,0.0,0.77,1,1,Phantom Standby Load,3.55,1.82,0.89,0.0,0,None
2026-04-08 10:15:00,31.68,0,0,0,230.65,3.79,0.802,0.35,0.916,0.2005,273.79,1848.11,150,184.81,0.0,1.141,0.07,0.02,0.0,0.712,1,1,Phantom Standby Load,2.4,1.25,0.43,0.0,0,None
2026-04-08 10:30:00,31.36,0,0,0,231.05,4.17,0.856,0.443,0.888,0.214,274.01,1849.55,150,184.96,0.0,1.141,0.048,0.02,0.0,0.788,1,1,Phantom Standby Load,3.52,3.09,0.54,0.0,0,None
2026-04-08 10:45:00,30.96,0,0,0,231.65,3.85,0.847,0.276,0.951,0.2118,274.22,1850.98,150,185.1,0.0,1.141,0.034,0.118,0.0,0.695,1,1,Phantom Standby Load,2.71,1.38,0.39,0.0,0,None
2026-04-08 11:00:00,31.27,0,0,0,229.34,4.45,0.917,0.447,0.899,0.2292,274.45,1852.53,150,185.25,0.0,1.141,0.067,0.124,0.0,0.726,1,1,Phantom Standby Load,2.92,1.49,0.73,0.0,0,None
2026-04-08 11:15:00,31.58,0,0,0,229.69,3.61,0.756,0.343,0.911,0.189,274.64,1853.8,150,185.38,0.0,1.141,0.033,0.02,0.0,0.703,1,1,Phantom Standby Load,2.37,1.99,0.92,0.0,0,None
2026-04-08 11:30:00,32.88,0,0,0,233.35,3.5,0.777,0.25,0.952,0.1942,274.83,1855.12,150,185.51,0.0,1.141,0.058,0.02,0.0,0.699,1,1,Phantom Standby Load,2.32,1.96,0.23,0.0,0,None
2026-04-08 11:45:00,31.85,0,0,0,229.09,3.9,0.845,0.29,0.946,0.2112,275.04,1856.54,150,185.65,0.0,1.141,0.066,0.02,0.0,0.759,1,1,Phantom Standby Load,2.09,2.17,0.94,0.0,0,None
2026-04-08 12:00:00,32.85,0,0,0,229.96,4.11,0.886,0.328,0.938,0.2215,275.26,1858.04,150,185.8,0.0,1.141,0.042,0.02,0.0,0.824,1,1,Phantom Standby Load,3.78,3.23,0.31,0.0,0,None
2026-04-08 12:15:00,33.11,0,0,0,228.25,4.83,1.004,0.453,0.912,0.251,275.52,1859.73,150,185.97,0.0,1.141,0.041,0.131,0.0,0.832,1,1,Phantom Standby Load,4.47,1.71,0.56,0.0,0,None
2026-04-08 12:30:00,32.67,0,0,0,229.56,4.81,1.004,0.457,0.91,0.251,275.77,1861.43,150,186.14,0.0,1.141,0.044,0.111,0.0,0.849,1,1,Phantom Standby Load,2.88,1.32,0.94,0.0,0,None
2026-04-08 12:45:00,32.58,0,0,0,226.89,3.68,0.797,0.247,0.955,0.1992,275.97,1862.77,150,186.28,0.0,1.141,0.049,0.02,0.0,0.728,1,1,Phantom Standby Load,3.77,1.28,0.69,0.0,0,None
2026-04-08 13:00:00,33.77,0,0,0,230.05,3.73,0.764,0.392,0.89,0.191,276.16,1864.06,150,186.41,0.0,1.141,0.047,0.02,0.0,0.697,1,1,Phantom Standby Load,3.42,2.42,0.47,0.0,0,None
2026-04-08 13:15:00,33.35,0,0,0,229.72,3.95,0.849,0.322,0.935,0.2122,276.37,1865.49,150,186.55,0.0,1.141,0.053,0.02,0.0,0.776,1,1,Phantom Standby Load,2.57,3.23,0.5,0.0,0,None
2026-04-08 13:30:00,33.43,0,0,0,227.22,4.18,0.9,0.301,0.948,0.225,276.59,1867.01,150,186.7,0.0,1.141,0.037,0.02,0.0,0.843,1,1,Phantom Standby Load,2.65,2.19,0.67,0.0,0,None
2026-04-08 13:45:00,33.4,0,0,0,227.98,4.01,0.855,0.326,0.934,0.2138,276.81,1868.45,150,186.85,0.0,1.141,0.036,0.122,0.0,0.697,1,1,Phantom Standby Load,3.55,3.48,0.88,0.0,0,None
2026-04-08 14:00:00,34.26,0,0,0,228.6,3.97,0.869,0.262,0.958,0.2172,277.03,1869.92,150,186.99,0.0,1.141,0.039,0.117,0.0,0.713,1,1,Phantom Standby Load,2.96,1.48,0.31,0.0,0,None
2026-04-08 14:15:00,33.88,0,0,0,228.58,4.14,0.897,0.304,0.947,0.2242,277.25,1871.43,150,187.14,0.0,1.142,0.063,0.02,0.0,0.814,1,1,Phantom Standby Load,3.14,2.28,0.71,0.0,0,None
2026-04-08 14:30:00,33.91,0,0,0,228.58,4.16,0.852,0.42,0.897,0.213,277.46,1872.87,150,187.29,0.0,1.142,0.043,0.02,0.0,0.789,1,1,Phantom Standby Load,3.55,2.21,0.37,0.0,0,None
2026-04-08 14:45:00,34.3,0,0,0,226.37,3.62,0.758,0.309,0.926,0.1895,277.65,1874.15,150,187.42,0.0,1.142,0.043,0.02,0.0,0.695,1,1,Phantom Standby Load,4.3,1.13,0.84,0.0,0,None
2026-04-08 15:00:00,33.72,0,0,0,227.5,4.48,0.907,0.465,0.89,0.2268,277.88,1875.68,150,187.57,0.0,1.142,0.06,0.02,0.0,0.827,1,1,Phantom Standby Load,3.13,3.6,0.76,0.0,0,None
2026-04-08 15:15:00,33.66,0,0,0,224.35,4.78,0.974,0.449,0.908,0.2435,278.12,1877.33,150,187.73,0.0,1.142,0.047,0.117,0.0,0.81,1,1,Phantom Standby Load,3.64,3.81,0.64,0.0,0,None
2026-04-08 15:30:00,34.03,0,0,0,226.32,4.05,0.87,0.29,0.949,0.2175,278.34,1878.79,150,187.88,0.0,1.142,0.046,0.124,0.0,0.7,1,1,Phantom Standby Load,3.81,3.82,0.8,0.0,0,None
2026-04-08 15:45:00,34.13,0,0,0,225.64,4.14,0.848,0.393,0.907,0.212,278.55,1880.22,150,188.02,0.0,1.142,0.053,0.02,0.0,0.775,1,1,Phantom Standby Load,4.45,1.64,0.28,0.0,0,None
2026-04-08 16:00:00,33.12,0,0,0,227.49,1.03,0.219,0.085,0.932,0.0548,278.61,1880.59,150,188.06,0.0,1.142,0.049,0.02,0.0,0.15,0,0,Normal,3.59,1.64,0.64,0.0,0,None
2026-04-08 16:15:00,33.24,0,0,0,225.37,0.85,0.179,0.069,0.934,0.0448,278.65,1880.9,150,188.09,0.0,1.142,0.043,0.02,0.0,0.116,0,0,Normal,4.01,3.39,0.44,0.0,0,None
2026-04-08 16:30:00,32.81,0,0,0,225.81,0.92,0.189,0.084,0.914,0.0472,278.7,1881.21,150,188.12,0.0,1.142,0.047,0.02,0.0,0.122,0,0,Normal,3.94,2.41,0.72,0.0,0,None
2026-04-08 16:45:00,32.77,0,0,0,226.69,1.77,0.354,0.187,0.884,0.0885,278.79,1881.81,150,188.18,0.0,1.142,0.036,0.127,0.0,0.191,0,0,Normal,4.06,3.89,0.36,0.0,0,None
2026-04-08 17:00:00,32.63,0,0,0,225.66,1.92,0.414,0.129,0.955,0.1035,278.89,1882.51,150,188.25,0.0,1.142,0.072,0.126,0.0,0.216,0,0,Normal,3.38,1.54,0.48,0.0,0,None
2026-04-08 17:15:00,32.47,0,0,0,224.74,0.88,0.185,0.067,0.94,0.0462,278.94,1882.82,150,188.28,0.0,1.142,0.045,0.02,0.0,0.12,0,0,Normal,3.77,3.74,0.82,0.0,0,None
2026-04-08 17:30:00,32.47,0,0,0,224.04,0.85,0.171,0.083,0.899,0.0427,278.98,1883.11,150,188.31,0.0,1.142,0.044,0.02,0.0,0.107,0,0,Normal,3.13,1.1,0.72,0.0,0,None
2026-04-08 17:45:00,32.38,0,0,0,224.7,0.96,0.198,0.087,0.916,0.0495,279.03,1883.45,150,188.34,0.0,1.142,0.026,0.02,0.0,0.152,0,0,Normal,3.96,3.66,0.44,0.0,0,None
2026-04-08 18:00:00,31.02,1,0,1,226.59,16.25,3.316,1.599,0.901,0.829,279.86,1889.04,150,188.9,2.489,1.142,0.352,0.02,0.0,0.455,0,0,Normal,2.44,2.55,0.93,0.0,0,None
2026-04-08 18:15:00,31.35,1,0,1,227.44,17.41,3.51,1.833,0.886,0.8775,280.74,1894.96,150,189.5,2.648,1.142,0.355,0.119,0.0,0.388,0,0,Normal,2.56,2.2,0.46,0.0,0,None
2026-04-08 18:30:00,31.47,1,0,1,228.77,17.39,3.584,1.727,0.901,0.896,281.63,1901.01,150,190.1,2.751,1.142,0.362,0.118,0.0,0.353,0,0,Normal,2.12,3.15,0.46,0.0,0,None
2026-04-08 18:45:00,31.46,1,0,1,226.3,17.21,3.476,1.755,0.893,0.869,282.5,1906.88,150,190.69,2.772,1.142,0.352,0.02,0.0,0.332,0,0,Normal,3.76,3.15,0.57,0.0,0,None
2026-04-08 19:00:00,29.5,1,0,1,226.29,20.15,4.165,1.853,0.914,1.0412,283.54,1913.91,150,191.39,1.802,1.142,0.346,0.02,1.631,0.366,0,0,Normal,2.72,1.99,0.93,0.0,0,None
2026-04-08 19:15:00,30.25,1,0,1,227.23,21.23,4.278,2.229,0.887,1.0695,284.61,1921.13,150,192.11,2.191,1.142,0.353,0.02,1.386,0.328,0,0,Normal,2.3,3.06,0.92,0.0,0,None
2026-04-08 19:30:00,29.67,1,0,1,227.69,20.69,4.451,1.545,0.945,1.1127,285.72,1928.64,150,192.86,1.913,1.142,0.357,0.02,1.819,0.342,0,0,Normal,2.58,2.52,0.28,0.0,0,None
2026-04-08 19:45:00,29.87,1,0,1,227.44,20.15,4.328,1.505,0.945,1.082,286.81,1935.94,150,193.59,2.045,1.142,0.361,0.124,1.492,0.306,0,0,Normal,2.76,3.32,0.33,0.0,0,None
2026-04-08 20:00:00,28.14,1,0,1,223.59,16.15,3.243,1.588,0.898,0.8108,287.62,1941.41,150,194.14,1.148,1.142,0.343,0.12,1.325,0.307,0,0,Normal,3.37,3.04,0.97,0.0,0,None
2026-04-08 20:15:00,28.12,1,0,1,224.84,18.12,3.741,1.611,0.918,0.9353,288.55,1947.73,150,194.77,1.122,1.142,0.352,0.02,1.85,0.397,0,0,Normal,2.63,3.7,0.55,0.0,0,None
2026-04-08 20:30:00,27.63,1,0,1,228.07,17.16,3.635,1.449,0.929,0.9088,289.46,1953.86,150,195.39,0.929,1.142,0.345,0.02,1.937,0.404,0,0,Normal,3.93,1.1,0.57,0.0,0,None
2026-04-08 20:45:00,28.35,1,0,1,227.56,20.05,4.023,2.152,0.882,1.0058,290.47,1960.65,150,196.06,1.298,1.143,0.356,0.02,1.991,0.358,0,0,Normal,2.38,1.98,0.95,0.0,0,None
2026-04-08 21:00:00,27.87,1,0,1,227.01,15.29,3.295,1.09,0.949,0.8238,291.29,1966.21,150,196.62,1.074,1.143,0.345,0.02,1.491,0.365,0,0,Normal,3.4,1.27,0.69,0.0,0,None
2026-04-08 21:15:00,26.26,1,0,1,228.11,14.04,2.846,1.47,0.889,0.7115,292.0,1971.01,150,197.1,0.276,1.143,0.35,0.126,1.798,0.296,0,0,Normal,3.18,3.83,0.87,0.0,0,None
2026-04-08 21:30:00,26.48,1,0,1,227.41,12.44,2.694,0.86,0.953,0.6735,292.68,1975.56,150,197.56,0.506,1.143,0.361,0.122,1.404,0.301,0,0,Normal,4.08,1.39,0.76,0.0,0,None
2026-04-08 21:45:00,26.22,1,0,1,230.09,10.5,2.155,1.091,0.892,0.5388,293.21,1979.19,150,197.92,0.235,1.143,0.352,0.02,1.304,0.244,0,0,Normal,3.29,1.83,0.83,0.0,0,None
2026-04-08 22:00:00,24.76,1,0,1,226.71,3.28,0.674,0.316,0.905,0.1685,293.38,1980.33,150,198.03,0.0,1.143,0.365,0.02,0.0,0.289,0,0,Normal,3.02,1.76,0.65,0.0,0,None
2026-04-08 22:15:00,25.77,1,0,1,227.57,4.55,0.95,0.41,0.918,0.2375,293.62,1981.94,150,198.19,0.062,1.143,0.347,0.02,0.0,0.521,0,0,Normal,3.84,3.26,0.86,0.0,0,None
2026-04-08 22:30:00,24.66,1,0,1,228.85,3.62,0.786,0.259,0.95,0.1965,293.82,1983.26,150,198.33,0.0,1.143,0.357,0.02,0.0,0.409,0,0,Normal,4.25,3.86,0.21,0.0,0,None
2026-04-08 22:45:00,24.76,1,0,1,228.04,4.13,0.875,0.348,0.929,0.2188,294.04,1984.74,150,198.47,0.0,1.143,0.362,0.118,0.0,0.395,0,0,Normal,3.03,3.22,0.85,0.0,0,None
2026-04-08 23:00:00,22.96,1,0,1,227.0,3.65,0.752,0.348,0.907,0.188,294.22,1986.01,150,198.6,0.0,1.143,0.346,0.117,0.0,0.289,0,0,Normal,2.86,2.51,0.36,0.0,0,None
2026-04-08 23:15:00,23.38,1,0,1,228.23,3.52,0.748,0.293,0.931,0.187,294.41,1987.27,150,198.73,0.0,1.143,0.346,0.02,0.0,0.382,0,0,Normal,4.27,3.1,0.27,0.0,0,None
2026-04-08 23:30:00,22.9,1,0,1,229.94,3.59,0.771,0.296,0.934,0.1928,294.6,1988.57,150,198.86,0.0,1.143,0.362,0.02,0.0,0.389,0,0,Normal,3.84,1.31,0.29,0.0,0,None
2026-04-08 23:45:00,24.07,1,0,1,229.17,3.76,0.778,0.371,0.902,0.1945,294.8,1989.88,150,198.99,0.0,1.143,0.36,0.02,0.0,0.398,0,0,Normal,2.63,3.7,0.65,0.0,0,None
2026-04-09 00:00:00,24.2,1,0,0,228.67,2.88,0.597,0.279,0.906,0.1492,294.95,1990.89,150,199.09,0.0,1.143,0.334,0.02,0.0,0.243,0,0,Normal,2.56,1.61,0.59,0.0,0,None
2026-04-09 00:15:00,22.62,1,0,0,230.05,3.72,0.78,0.355,0.91,0.195,295.14,1992.21,150,199.22,0.0,1.143,0.347,0.123,0.0,0.31,0,0,Normal,3.7,3.7,0.65,0.0,0,None
2026-04-09 00:30:00,21.97,1,0,0,231.98,4.53,0.956,0.437,0.909,0.239,295.38,1993.82,150,199.38,0.0,1.143,0.359,0.121,0.0,0.476,0,0,Normal,2.38,2.01,0.79,0.0,0,None
2026-04-09 00:45:00,23.25,1,0,0,228.68,3.64,0.751,0.358,0.903,0.1878,295.57,1995.09,150,199.51,0.0,1.143,0.361,0.02,0.0,0.37,0,0,Normal,2.15,3.16,0.85,0.0,0,None
2026-04-09 01:00:00,21.84,1,0,0,231.25,3.67,0.811,0.25,0.956,0.2027,295.77,1996.46,150,199.65,0.0,1.143,0.363,0.02,0.0,0.428,0,0,Normal,3.73,2.81,0.34,0.0,0,None
2026-04-09 01:15:00,22.85,1,0,0,231.26,4.09,0.85,0.413,0.899,0.2125,295.98,1997.89,150,199.79,0.0,1.143,0.359,0.02,0.0,0.471,0,0,Normal,3.77,3.4,0.44,0.0,0,None
2026-04-09 01:30:00,22.06,1,0,0,232.12,3.38,0.702,0.351,0.894,0.1755,296.16,1999.07,150,199.91,0.0,1.143,0.342,0.02,0.0,0.34,0,0,Normal,3.25,3.22,0.57,0.0,0,None
2026-04-09 01:45:00,21.89,1,0,0,232.71,4.64,0.988,0.434,0.916,0.247,296.41,2000.74,150,200.07,0.0,1.143,0.358,0.118,0.0,0.512,0,0,Normal,2.59,3.73,0.9,0.0,0,None
2026-04-09 02:00:00,21.91,1,0,0,231.93,3.21,0.707,0.232,0.95,0.1768,296.58,2001.94,150,200.19,0.0,1.143,0.36,0.123,0.0,0.224,0,0,Normal,4.15,2.56,0.85,0.0,0,None
2026-04-09 02:15:00,22.38,1,0,0,232.57,3.28,0.712,0.276,0.933,0.178,296.76,2003.14,150,200.31,0.0,1.143,0.334,0.02,0.0,0.358,0,0,Normal,3.34,1.51,0.49,0.0,0,None
2026-04-09 02:30:00,21.89,1,0,0,231.88,3.47,0.764,0.255,0.948,0.191,296.95,2004.43,150,200.44,0.0,1.143,0.345,0.02,0.0,0.399,0,0,Normal,3.62,3.85,0.94,0.0,0,None
2026-04-09 02:45:00,21.75,1,0,0,231.32,3.68,0.791,0.315,0.929,0.1977,297.15,2005.76,150,200.58,0.0,1.143,0.351,0.02,0.0,0.42,0,0,Normal,4.23,1.34,0.48,0.0,0,None
2026-04-09 03:00:00,22.11,1,0,0,235.31,3.56,0.786,0.291,0.938,0.1965,297.35,2007.09,150,200.71,0.0,1.143,0.343,0.02,0.0,0.423,0,0,Normal,4.11,1.12,0.95,0.0,0,None
2026-04-09 03:15:00,21.57,1,0,0,231.65,3.85,0.818,0.356,0.917,0.2045,297.55,2008.47,150,200.85,0.0,1.144,0.354,0.119,0.0,0.345,0,0,Normal,3.76,1.91,0.54,0.0,0,None
2026-04-09 03:30:00,22.4,1,0,0,232.38,3.8,0.808,0.355,0.916,0.202,297.75,2009.83,150,200.98,0.0,1.144,0.366,0.124,0.0,0.318,0,0,Normal,2.55,3.29,0.42,0.0,0,None
2026-04-09 03:45:00,21.31,1,0,0,234.14,3.4,0.714,0.355,0.896,0.1785,297.93,2011.04,150,201.1,0.0,1.144,0.358,0.02,0.0,0.336,0,0,Normal,2.36,1.49,0.35,0.0,0,None
2026-04-09 04:00:00,22.58,1,0,0,234.86,4.12,0.899,0.357,0.929,0.2248,298.16,2012.55,150,201.26,0.0,1.144,0.358,0.02,0.0,0.521,0,0,Normal,3.43,1.75,0.74,0.0,0,None
2026-04-09 04:15:00,23.18,1,0,0,235.15,3.66,0.771,0.381,0.896,0.1928,298.35,2013.85,150,201.39,0.0,1.144,0.354,0.02,0.0,0.397,0,0,Normal,3.62,3.29,0.43,0.0,0,None
2026-04-09 04:30:00,22.96,1,0,0,234.07,3.46,0.737,0.337,0.909,0.1842,298.53,2015.1,150,201.51,0.0,1.144,0.368,0.02,0.0,0.349,0,0,Normal,3.34,1.91,0.72,0.0,0,None
2026-04-09 04:45:00,23.1,1,0,0,234.07,4.0,0.888,0.295,0.949,0.222,298.76,2016.6,150,201.66,0.0,1.144,0.351,0.129,0.0,0.408,0,0,Normal,3.82,2.57,0.5,0.0,0,None
2026-04-09 05:00:00,23.72,1,0,0,233.05,4.31,0.907,0.43,0.903,0.2268,298.98,2018.13,150,201.81,0.0,1.144,0.357,0.126,0.0,0.424,0,0,Normal,3.32,1.69,0.84,0.0,0,None
2026-04-09 05:15:00,24.34,1,0,0,234.29,3.43,0.753,0.283,0.936,0.1882,299.17,2019.4,150,201.94,0.0,1.144,0.362,0.02,0.0,0.371,0,0,Normal,3.3,1.05,0.67,0.0,0,None
2026-04-09 05:30:00,24.22,1,0,0,234.33,3.2,0.712,0.236,0.949,0.178,299.35,2020.6,150,202.06,0.0,1.144,0.345,0.02,0.0,0.347,0,0,Normal,3.64,1.93,0.58,0.0,0,None
2026-04-09 05:45:00,23.98,1,0,0,235.19,3.51,0.738,0.369,0.895,0.1845,299.53,2021.84,150,202.18,0.0,1.144,0.347,0.02,0.0,0.371,0,0,Normal,3.3,2.03,0.53,0.0,0,None
2026-04-09 06:00:00,25.46,1,0,0,235.5,10.13,2.29,0.669,0.96,0.5725,300.1,2280.8,175,228.08,0.0,1.144,0.353,0.02,1.59,0.327,0,0,Normal,3.43,3.64,0.97,0.0,0,None
2026-04-09 06:15:00,25.38,1,0,0,233.27,10.45,2.253,0.928,0.925,0.5632,300.67,2285.08,175,228.51,0.0,1.144,0.357,0.121,1.494,0.281,0,0,Normal,2.69,2.91,0.47,0.0,0,None
2026-04-09 06:30:00,24.78,1,0,0,233.9,12.46,2.7,1.1,0.926,0.675,301.34,2290.21,175,229.02,0.0,1.144,0.339,0.111,1.932,0.318,0,0,Normal,2.92,3.0,0.2,0.0,0,None
2026-04-09 06:45:00,24.33,1,0,0,233.0,12.82,2.77,1.118,0.927,0.6925,302.04,2295.47,175,229.55,0.0,1.144,0.338,0.02,1.906,0.506,0,0,Normal,2.24,3.11,0.81,0.0,0,None
2026-04-09 07:00:00,26.66,1,0,0,233.3,11.16,2.496,0.74,0.959,0.624,302.66,2300.21,175,230.02,0.537,1.144,0.057,0.02,1.56,0.322,0,0,Normal,2.39,2.44,0.26,0.0,0,None
2026-04-09 07:15:00,26.72,1,0,0,232.17,12.06,2.586,1.073,0.924,0.6465,303.31,2305.13,175,230.51,0.527,1.144,0.057,0.02,1.68,0.302,0,0,Normal,2.6,1.11,0.71,0.0,0,None
2026-04-09 07:30:00,26.99,1,0,0,234.12,13.05,2.754,1.325,0.901,0.6885,303.99,2310.36,175,231.04,0.606,1.144,0.058,0.02,1.631,0.439,0,0,Normal,3.33,1.84,0.56,0.0,0,None
2026-04-09 07:45:00,25.98,1,0,0,234.3,8.62,1.852,0.803,0.917,0.463,304.46,2313.88,175,231.39,0.063,1.144,0.042,0.124,1.248,0.375,0,0,Normal,2.91,1.67,0.27,0.0,0,None
2026-04-09 08:00:00,27.55,1,0,0,232.11,15.29,3.321,1.249,0.936,0.8302,305.29,2320.19,175,232.02,1.013,1.144,0.054,0.119,1.758,0.377,0,0,Normal,3.11,1.16,0.96,0.0,0,None
2026-04-09 08:15:00,28.23,1,0,0,234.71,15.96,3.328,1.719,0.888,0.832,306.12,2326.51,175,232.65,1.16,1.144,0.04,0.02,1.735,0.373,0,0,Normal,3.35,2.3,0.45,0.0,0,None
2026-04-09 08:30:00,27.96,1,0,0,232.14,14.62,3.035,1.517,0.894,0.7588,306.88,2332.28,175,233.23,1.157,1.144,0.045,0.02,1.516,0.297,0,0,Normal,4.42,1.48,0.86,0.0,0,None
2026-04-09 08:45:00,27.06,1,0,0,232.45,11.0,2.323,1.067,0.909,0.5808,307.46,2336.69,175,233.67,0.655,1.144,0.043,0.02,1.34,0.265,0,0,Normal,4.31,3.67,0.44,0.0,0,None
2026-04-09 09:00:00,29.74,0,0,0,232.06,1.04,0.218,0.102,0.905,0.0545,307.51,2337.11,175,233.71,0.0,1.144,0.043,0.02,0.0,0.155,0,0,Normal,2.64,2.2,0.93,0.0,0,None
2026-04-09 09:15:00,28.63,0,0,0,233.04,1.28,0.282,0.095,0.948,0.0705,307.58,2337.64,175,233.76,0.0,1.144,0.022,0.127,0.0,0.133,0,0,Normal,3.58,2.71,0.78,0.0,0,None
2026-04-09 09:30:00,29.08,0,0,0,231.92,1.43,0.3,0.142,0.904,0.075,307.66,2338.21,175,233.82,0.0,1.144,0.038,0.12,0.0,0.142,0,0,Normal,2.71,3.4,0.69,0.0,0,None
2026-04-09 09:45:00,30.23,0,0,0,230.63,0.91,0.197,0.071,0.94,0.0492,307.71,2338.59,175,233.86,0.0,1.145,0.051,0.02,0.0,0.126,0,0,Normal,3.75,3.17,0.4,0.0,0,None
2026-04-09 10:00:00,31.91,0,0,0,232.92,1.46,0.304,0.151,0.896,0.076,307.78,2339.16,175,233.92,0.0,1.145,0.055,0.02,0.0,0.229,0,0,Normal,2.81,1.22,0.21,0.0,0,None
2026-04-09 10:15:00,30.39,0,0,0,232.78,0.87,0.185,0.08,0.919,0.0462,307.83,2339.52,175,233.95,0.0,1.145,0.057,0.02,0.0,0.108,0,0,Normal,2.16,3.9,0.8,0.0,0,None
2026-04-09 10:30:00,30.84,0,0,0,233.11,0.97,0.215,0.073,0.947,0.0538,307.88,2339.92,175,233.99,0.0,1.145,0.05,0.02,0.0,0.145,0,0,Normal,4.15,3.52,0.22,0.0,0,None
2026-04-09 10:45:00,31.02,0,0,0,231.58,1.14,0.247,0.095,0.933,0.0618,307.95,2340.39,175,234.04,0.0,1.145,0.037,0.119,0.0,0.091,0,0,Normal,3.43,2.13,0.47,0.0,0,None
2026-04-09 11:00:00,33.13,0,0,0,233.28,1.55,0.331,0.148,0.913,0.0828,308.03,2341.02,175,234.1,0.0,1.145,0.053,0.116,0.0,0.162,0,0,Normal,4.39,3.26,0.39,0.0,0,None
2026-04-09 11:15:00,32.0,0,0,0,230.53,1.19,0.251,0.108,0.919,0.0628,308.09,2341.5,175,234.15,0.0,1.145,0.058,0.02,0.0,0.173,0,0,Normal,2.86,3.39,0.29,0.0,0,None
2026-04-09 11:30:00,32.0,0,0,0,229.97,1.16,0.248,0.097,0.931,0.062,308.15,2341.97,175,234.2,0.0,1.145,0.065,0.02,0.0,0.163,0,0,Normal,2.72,3.05,0.81,0.0,0,None
2026-04-09 11:45:00,33.02,0,0,0,230.59,1.42,0.314,0.096,0.957,0.0785,308.23,2342.57,175,234.26,0.0,1.145,0.053,0.02,0.0,0.241,0,0,Normal,2.47,1.04,0.85,0.0,0,None
2026-04-09 12:00:00,33.01,0,0,0,230.85,1.1,0.24,0.082,0.947,0.06,308.29,2343.02,175,234.3,0.0,1.145,0.046,0.02,0.0,0.174,0,0,Normal,2.9,1.87,0.67,0.0,0,None
2026-04-09 12:15:00,33.56,0,0,0,229.9,1.53,0.325,0.134,0.924,0.0812,308.37,2343.64,175,234.36,0.0,1.145,0.044,0.122,0.0,0.159,0,0,Normal,4.32,3.12,0.48,0.0,0,None
2026-04-09 12:30:00,32.46,0,0,0,229.68,1.15,0.241,0.106,0.916,0.0602,308.43,2344.1,175,234.41,0.0,1.145,0.042,0.113,0.0,0.086,0,0,Normal,2.87,2.47,0.76,0.0,0,None
2026-04-09 12:45:00,33.11,0,0,0,227.98,1.06,0.218,0.102,0.906,0.0545,308.49,2344.51,175,234.45,0.0,1.145,0.044,0.02,0.0,0.154,0,0,Normal,2.12,2.11,0.69,0.0,0,None
2026-04-09 13:00:00,32.97,0,0,0,228.54,1.28,0.272,0.106,0.932,0.068,308.56,2345.03,175,234.5,0.0,1.145,0.047,0.02,0.0,0.205,0,0,Normal,2.06,3.7,0.42,0.0,0,None
2026-04-09 13:15:00,33.27,0,0,0,229.91,1.32,0.285,0.106,0.937,0.0712,308.63,2345.57,175,234.56,0.0,1.145,0.054,0.02,0.0,0.211,0,0,Normal,2.24,2.83,0.35,0.0,0,None
2026-04-09 13:30:00,34.22,0,0,0,227.88,1.36,0.296,0.09,0.956,0.074,308.7,2346.13,175,234.61,0.0,1.145,0.059,0.02,0.0,0.217,0,0,Normal,2.32,2.74,0.46,0.0,0,None
2026-04-09 13:45:00,33.77,0,0,0,228.0,1.44,0.312,0.1,0.952,0.078,308.78,2346.73,175,234.67,0.0,1.145,0.034,0.114,0.0,0.164,0,0,Normal,4.44,2.11,0.54,0.0,0,None
2026-04-09 14:00:00,33.84,0,0,0,227.99,1.6,0.341,0.13,0.934,0.0852,308.86,2347.37,175,234.74,0.0,1.145,0.044,0.117,0.0,0.18,0,0,Normal,2.67,2.89,0.42,0.0,0,None
2026-04-09 14:15:00,33.63,0,0,0,226.04,1.28,0.265,0.114,0.919,0.0662,308.93,2347.88,175,234.79,0.0,1.145,0.044,0.02,0.0,0.201,0,0,Normal,2.69,3.2,0.84,0.0,0,None
2026-04-09 14:30:00,33.89,0,0,0,227.37,1.04,0.21,0.107,0.89,0.0525,308.98,2348.28,175,234.83,0.0,1.145,0.033,0.02,0.0,0.157,0,0,Normal,3.94,2.93,0.9,0.0,0,None
2026-04-09 14:45:00,34.15,0,0,0,225.22,1.09,0.231,0.082,0.943,0.0578,309.04,2348.72,175,234.87,0.0,1.145,0.055,0.02,0.0,0.156,0,0,Normal,3.56,2.89,0.64,0.0,0,None
2026-04-09 15:00:00,34.29,0,0,0,227.79,0.94,0.199,0.08,0.928,0.0498,309.09,2349.09,175,234.91,0.0,1.145,0.054,0.02,0.0,0.125,0,0,Normal,3.72,2.75,0.32,0.0,0,None
2026-04-09 15:15:00,32.48,0,0,0,226.23,1.79,0.372,0.163,0.916,0.093,309.18,2349.8,175,234.98,0.0,1.145,0.047,0.122,0.0,0.203,0,0,Normal,2.15,3.92,0.49,0.0,0,None
2026-04-09 15:30:00,33.38,0,0,0,226.22,1.79,0.383,0.132,0.945,0.0958,309.28,2350.53,175,235.05,0.0,1.145,0.052,0.12,0.0,0.211,0,0,Normal,3.81,1.31,0.73,0.0,0,None
2026-04-09 15:45:00,33.88,0,0,0,224.58,1.03,0.206,0.107,0.888,0.0515,309.33,2350.92,175,235.09,0.0,1.145,0.048,0.02,0.0,0.138,0,0,Normal,3.71,2.49,0.43,0.0,0,None
2026-04-09 16:00:00,33.15,0,0,0,226.58,0.8,0.17,0.066,0.932,0.0425,309.37,2351.24,175,235.12,0.0,1.145,0.047,0.02,0.0,0.103,0,0,Normal,4.22,3.06,0.5,0.0,0,None
2026-04-09 16:15:00,33.4,0,0,0,225.28,1.18,0.237,0.121,0.891,0.0592,309.43,2351.69,175,235.17,0.0,1.146,0.06,0.02,0.0,0.157,0,0,Normal,4.22,2.93,0.8,0.0,0,None
2026-04-09 16:30:00,33.33,0,0,0,227.33,1.09,0.231,0.09,0.932,0.0578,309.49,2352.13,175,235.21,0.0,1.146,0.056,0.02,0.0,0.155,0,0,Normal,3.08,1.99,0.43,0.0,0,None
2026-04-09 16:45:00,33.04,0,0,0,227.27,1.96,0.396,0.202,0.891,0.099,309.59,2352.88,175,235.29,0.0,1.146,0.05,0.121,0.0,0.225,0,0,Normal,3.08,3.94,0.96,0.0,0,None
2026-04-09 17:00:00,31.98,0,0,0,223.52,1.45,0.3,0.121,0.928,0.075,309.67,2353.45,175,235.35,0.0,1.146,0.045,0.117,0.0,0.138,0,0,Normal,3.7,2.04,0.81,0.0,0,None
2026-04-09 17:15:00,32.12,0,0,0,225.11,1.25,0.256,0.119,0.907,0.064,309.73,2353.94,175,235.39,0.0,1.146,0.056,0.02,0.0,0.18,0,0,Normal,4.26,2.95,0.89,0.0,0,None
2026-04-09 17:30:00,32.82,0,0,0,226.23,1.15,0.242,0.097,0.929,0.0605,309.79,2354.4,175,235.44,0.0,1.146,0.048,0.02,0.0,0.174,0,0,Normal,2.28,3.22,0.62,0.0,0,None
2026-04-09 17:45:00,31.88,0,0,0,227.72,0.8,0.164,0.081,0.897,0.041,309.83,2354.71,175,235.47,0.0,1.146,0.04,0.02,0.0,0.104,0,0,Normal,3.6,2.31,0.5,0.0,0,None
2026-04-09 18:00:00,30.97,1,0,1,227.7,14.73,3.088,1.307,0.921,0.772,310.6,2360.58,175,236.06,2.38,1.146,0.338,0.02,0.0,0.35,0,0,Normal,4.21,2.43,0.35,0.0,0,None
2026-04-09 18:15:00,31.09,1,0,1,226.48,17.33,3.566,1.641,0.908,0.8915,311.49,2367.35,175,236.74,2.596,1.146,0.334,0.12,0.0,0.516,0,0,Normal,4.5,1.91,0.69,0.0,0,None
2026-04-09 18:30:00,31.78,1,0,1,225.22,17.48,3.735,1.241,0.949,0.9338,312.43,2374.45,175,237.45,2.948,1.146,0.34,0.116,0.0,0.331,0,0,Normal,2.8,3.47,0.89,0.0,0,None
2026-04-09 18:45:00,30.85,1,0,1,227.77,15.28,3.211,1.345,0.922,0.8028,313.23,2380.55,175,238.06,2.379,1.146,0.346,0.02,0.0,0.466,0,0,Normal,4.41,3.77,0.77,0.0,0,None
2026-04-09 19:00:00,30.03,1,0,1,228.81,20.91,4.332,2.033,0.905,1.083,314.31,2388.78,175,238.88,2.009,1.146,0.342,0.02,1.589,0.372,0,0,Normal,3.94,2.16,0.43,0.0,0,None
2026-04-09 19:15:00,30.17,1,0,1,225.96,21.83,4.633,1.69,0.939,1.1582,315.47,2397.59,175,239.76,2.135,1.146,0.347,0.02,1.854,0.277,0,0,Normal,2.93,2.78,0.27,0.0,0,None
2026-04-09 19:30:00,29.52,1,0,1,225.87,19.21,4.118,1.364,0.949,1.0295,316.5,2405.41,175,240.54,1.921,1.146,0.363,0.02,1.428,0.386,0,0,Normal,2.63,1.39,0.41,0.0,0,None
2026-04-09 19:45:00,29.45,1,0,1,226.81,19.71,4.134,1.701,0.925,1.0335,317.53,2413.26,175,241.33,1.803,1.146,0.345,0.123,1.624,0.239,0,0,Normal,4.41,2.91,0.71,0.0,0,None
2026-04-09 20:00:00,27.84,1,0,1,225.91,15.74,3.369,1.139,0.947,0.8422,318.38,2419.67,175,241.97,1.04,1.146,0.34,0.114,1.608,0.267,0,0,Normal,4.13,2.6,0.8,0.0,0,None
2026-04-09 20:15:00,27.87,1,0,1,226.56,14.63,3.066,1.257,0.925,0.7665,319.14,2425.49,175,242.55,1.034,1.146,0.345,0.02,1.295,0.372,0,0,Normal,3.67,3.55,0.27,0.0,0,None
2026-04-09 20:30:00,28.43,1,0,1,224.5,17.22,3.611,1.378,0.934,0.9028,320.05,2432.35,175,243.24,1.484,1.146,0.354,0.02,1.477,0.276,0,0,Normal,3.04,1.15,0.81,0.0,0,None
2026-04-09 20:45:00,28.12,1,0,1,227.37,17.91,3.603,1.9,0.885,0.9008,320.95,2439.2,175,243.92,1.277,1.146,0.347,0.02,1.523,0.436,0,0,Normal,2.19,1.13,0.98,0.0,0,None
2026-04-09 21:00:00,26.56,1,0,1,230.2,12.32,2.523,1.297,0.889,0.6307,321.58,2443.99,175,244.4,0.46,1.146,0.352,0.02,1.338,0.353,0,0,Normal,2.43,3.75,0.53,0.0,0,None
2026-04-09 21:15:00,25.88,1,0,1,227.2,14.19,3.028,1.109,0.939,0.757,322.33,2449.74,175,244.97,0.301,1.146,0.36,0.123,1.791,0.453,0,0,Normal,2.18,3.01,0.63,0.0,0,None
2026-04-09 21:30:00,25.96,1,0,1,225.29,15.04,3.007,1.561,0.888,0.7517,323.09,2455.46,175,245.55,0.227,1.146,0.353,0.119,1.984,0.324,0,0,Normal,2.99,1.27,0.52,0.0,0,None
2026-04-09 21:45:00,27.52,1,0,1,229.66,15.7,3.212,1.636,0.891,0.803,323.89,2461.56,175,246.16,0.836,1.146,0.345,0.02,1.747,0.264,0,0,Normal,2.09,1.47,0.86,0.0,0,None
2026-04-09 22:00:00,24.91,1,0,1,227.69,2.94,0.618,0.257,0.923,0.1545,324.04,2462.73,175,246.27,0.0,1.146,0.343,0.02,0.0,0.255,0,0,Normal,3.02,1.35,0.51,0.0,0,None
2026-04-09 22:15:00,24.61,1,0,1,227.99,3.54,0.766,0.255,0.949,0.1915,324.24,2464.19,175,246.42,0.0,1.146,0.352,0.02,0.0,0.394,0,0,Normal,2.57,1.03,0.99,0.0,0,None
2026-04-09 22:30:00,25.72,1,0,1,227.64,3.63,0.752,0.342,0.91,0.188,324.42,2465.62,175,246.56,0.001,1.146,0.367,0.02,0.0,0.364,0,0,Normal,3.24,1.25,0.69,0.0,0,None
2026-04-09 22:45:00,25.14,1,0,1,228.85,4.24,0.856,0.455,0.883,0.214,324.64,2467.24,175,246.72,0.0,1.147,0.347,0.119,0.0,0.39,0,0,Normal,4.32,3.96,0.85,0.0,0,None
2026-04-09 23:00:00,24.05,1,0,1,227.5,3.8,0.787,0.357,0.911,0.1967,324.83,2468.74,175,246.87,0.0,1.147,0.357,0.127,0.0,0.303,0,0,Normal,2.66,2.21,0.28,0.0,0,None
2026-04-09 23:15:00,23.69,1,0,1,227.61,2.79,0.586,0.246,0.922,0.1465,324.98,2469.85,175,246.99,0.0,1.147,0.335,0.02,0.0,0.231,0,0,Normal,2.92,2.15,0.3,0.0,0,None
2026-04-09 23:30:00,23.6,1,0,1,229.2,2.91,0.628,0.225,0.941,0.157,325.14,2471.05,175,247.1,0.0,1.147,0.342,0.02,0.0,0.266,0,0,Normal,2.51,2.11,0.64,0.0,0,None
2026-04-09 23:45:00,23.67,1,0,1,229.63,3.74,0.811,0.28,0.945,0.2027,325.34,2472.59,175,247.26,0.0,1.147,0.358,0.02,0.0,0.433,0,0,Normal,3.3,1.1,0.64,0.0,0,None
2026-04-10 00:00:00,22.11,1,0,0,229.92,3.56,0.752,0.323,0.919,0.188,325.53,2474.02,175,247.4,0.0,1.147,0.338,0.02,0.0,0.394,0,0,Normal,3.82,1.91,0.92,0.0,0,None
2026-04-10 00:15:00,22.76,1,0,0,231.0,3.92,0.836,0.345,0.924,0.209,325.74,2475.6,175,247.56,0.0,1.147,0.354,0.125,0.0,0.357,0,0,Normal,2.71,1.5,0.74,0.0,0,None
2026-04-10 00:30:00,22.95,1,0,0,232.41,4.15,0.878,0.402,0.909,0.2195,325.96,2477.27,175,247.73,0.0,1.147,0.343,0.118,0.0,0.417,0,0,Normal,3.08,1.56,0.87,0.0,0,None
2026-04-10 00:45:00,23.73,1,0,0,231.21,3.61,0.787,0.277,0.943,0.1968,326.15,2478.77,175,247.88,0.0,1.147,0.377,0.02,0.0,0.39,0,0,Normal,4.29,2.53,0.8,0.0,0,None
2026-04-10 01:00:00,22.25,1,0,0,230.84,3.18,0.65,0.339,0.887,0.1625,326.32,2480.0,175,248.0,0.0,1.147,0.332,0.02,0.0,0.298,0,0,Normal,2.24,3.04,0.61,0.0,0,None
2026-04-10 01:15:00,21.04,1,0,0,229.92,3.56,0.752,0.325,0.918,0.188,326.5,2481.43,175,248.14,0.0,1.147,0.36,0.02,0.0,0.372,0,0,Normal,3.38,3.75,0.47,0.0,0,None
2026-04-10 01:30:00,22.16,1,0,0,231.81,3.8,0.787,0.398,0.893,0.1967,326.7,2482.93,175,248.29,0.0,1.147,0.354,0.02,0.0,0.413,0,0,Normal,2.07,2.67,0.54,0.0,0,None
2026-04-10 01:45:00,23.57,1,0,0,229.6,4.07,0.83,0.43,0.888,0.2075,326.91,2484.5,175,248.45,0.0,1.147,0.352,0.125,0.0,0.353,0,0,Normal,4.2,1.57,0.63,0.0,0,None
2026-04-10 02:00:00,22.43,1,0,0,230.75,3.76,0.828,0.258,0.955,0.207,327.12,2486.08,175,248.61,0.0,1.147,0.358,0.117,0.0,0.353,0,0,Normal,2.27,1.58,0.76,0.0,0,None
2026-04-10 02:15:00,21.59,1,0,0,231.05,3.55,0.724,0.386,0.883,0.181,327.3,2487.45,175,248.75,0.0,1.147,0.346,0.02,0.0,0.358,0,0,Normal,4.34,2.78,0.49,0.0,0,None
2026-04-10 02:30:00,22.3,1,0,0,234.75,3.65,0.775,0.364,0.905,0.1938,327.49,2488.93,175,248.89,0.0,1.147,0.366,0.02,0.0,0.389,0,0,Normal,4.2,1.59,0.66,0.0,0,None
2026-04-10 02:45:00,21.63,1,0,0,231.39,3.25,0.696,0.286,0.925,0.174,327.66,2490.25,175,249.02,0.0,1.147,0.341,0.02,0.0,0.335,0,0,Normal,3.62,1.56,0.2,0.0,0,None
2026-04-10 03:00:00,21.53,1,0,0,232.99,2.88,0.609,0.281,0.908,0.1522,327.82,2491.41,175,249.14,0.0,1.147,0.37,0.02,0.0,0.219,0,0,Normal,4.39,3.31,0.26,0.0,0,None
2026-04-10 03:15:00,22.03,1,0,0,232.89,4.02,0.891,0.289,0.951,0.2228,328.04,2493.1,175,249.31,0.0,1.147,0.339,0.116,0.0,0.436,0,0,Normal,2.89,2.01,0.96,0.0,0,None
2026-04-10 03:30:00,22.25,1,0,0,235.23,4.2,0.943,0.292,0.955,0.2358,328.28,2494.89,175,249.49,0.0,1.147,0.345,0.128,0.0,0.47,0,0,Normal,3.79,3.3,0.92,0.0,0,None
2026-04-10 03:45:00,21.27,1,0,0,231.15,3.32,0.723,0.255,0.943,0.1808,328.46,2496.26,175,249.63,0.0,1.147,0.354,0.02,0.0,0.349,0,0,Normal,2.28,1.31,0.24,0.0,0,None
2026-04-10 04:00:00,22.23,1,0,0,233.53,3.55,0.741,0.372,0.894,0.1852,328.64,2497.67,175,249.77,0.0,1.147,0.348,0.02,0.0,0.373,0,0,Normal,2.97,3.87,0.46,0.0,0,None
2026-04-10 04:15:00,22.81,1,0,0,232.76,3.73,0.825,0.269,0.951,0.2062,328.85,2499.24,175,249.92,0.0,1.147,0.346,0.02,0.0,0.459,0,0,Normal,2.04,2.68,0.62,0.0,0,None
2026-04-10 04:30:00,22.6,1,0,0,232.54,3.9,0.804,0.418,0.887,0.201,329.05,2500.77,175,250.08,0.0,1.147,0.35,0.02,0.0,0.434,0,0,Normal,3.31,1.53,0.79,0.0,0,None
2026-04-10 04:45:00,23.0,1,0,0,232.03,3.49,0.729,0.352,0.901,0.1823,329.23,2502.15,175,250.22,0.0,1.147,0.342,0.127,0.0,0.26,0,0,Normal,3.16,1.42,0.3,0.0,0,None
2026-04-10 05:00:00,23.15,1,0,0,234.48,4.1,0.859,0.431,0.894,0.2148,329.45,2503.78,175,250.38,0.0,1.147,0.356,0.112,0.0,0.391,0,0,Normal,3.09,3.27,0.56,0.0,0,None
2026-04-10 05:15:00,24.11,1,0,0,233.11,4.31,0.891,0.465,0.886,0.2228,329.67,2505.48,175,250.55,0.0,1.147,0.342,0.02,0.0,0.529,0,0,Normal,2.44,2.12,0.35,0.0,0,None
2026-04-10 05:30:00,23.17,1,0,0,235.26,2.92,0.631,0.269,0.92,0.1578,329.83,2506.68,175,250.67,0.0,1.148,0.353,0.02,0.0,0.258,0,0,Normal,4.01,3.01,0.73,0.0,0,None
2026-04-10 05:45:00,24.58,1,0,0,233.11,3.41,0.756,0.247,0.951,0.189,330.01,2508.11,175,250.81,0.0,1.148,0.359,0.02,0.0,0.377,0,0,Normal,3.31,2.62,0.23,0.0,0,None
2026-04-10 06:00:00,24.14,1,0,0,235.66,9.21,2.054,0.702,0.946,0.5135,330.53,2512.01,175,251.2,0.0,1.148,0.345,0.02,1.328,0.361,0,0,Normal,2.35,1.77,0.54,0.0,0,None
2026-04-10 06:15:00,24.45,1,0,0,234.04,9.12,1.975,0.808,0.925,0.4938,331.02,2515.77,175,251.58,0.0,1.148,0.357,0.124,1.202,0.292,0,0,Normal,3.16,3.55,0.62,0.0,0,None
2026-04-10 06:30:00,25.21,1,0,0,233.38,13.14,2.796,1.261,0.912,0.699,331.72,2521.08,175,252.11,0.0,1.148,0.341,0.112,1.923,0.42,0,0,Normal,3.22,1.68,0.99,0.0,0,None
2026-04-10 06:45:00,25.83,1,0,0,231.7,13.01,2.854,0.97,0.947,0.7135,332.43,2526.5,175,252.65,0.22,1.148,0.353,0.02,1.939,0.322,0,0,Normal,4.46,2.82,0.32,0.0,0,None
2026-04-10 07:00:00,26.6,1,0,0,230.71,10.57,2.207,1.039,0.905,0.5518,332.99,2530.7,175,253.07,0.489,1.148,0.047,0.02,1.208,0.443,0,0,Normal,2.26,1.55,0.69,0.0,0,None
2026-04-10 07:15:00,26.73,1,0,0,233.76,10.54,2.263,0.975,0.918,0.5658,333.55,2535.0,175,253.5,0.575,1.148,0.045,0.02,1.315,0.308,0,0,Normal,4.06,1.05,0.29,0.0,0,None
2026-04-10 07:30:00,26.46,1,0,0,234.34,9.44,2.026,0.886,0.916,0.5065,334.06,2538.84,175,253.88,0.447,1.148,0.046,0.02,1.231,0.282,0,0,Normal,3.88,2.65,0.39,0.0,0,None
2026-04-10 07:45:00,25.93,1,0,0,233.49,12.18,2.532,1.295,0.89,0.633,334.69,2543.66,175,254.37,0.258,1.148,0.049,0.126,1.63,0.469,0,0,Normal,3.44,3.67,0.89,0.0,0,None
2026-04-10 08:00:00,27.75,1,0,0,232.64,14.9,3.212,1.305,0.926,0.803,335.49,2549.76,175,254.98,0.973,1.148,0.06,0.121,1.628,0.43,0,0,Normal,3.96,1.67,0.49,0.0,0,None
2026-04-10 08:15:00,27.39,1,0,0,234.05,11.39,2.532,0.836,0.95,0.633,336.13,2554.57,175,255.46,0.82,1.148,0.03,0.02,1.36,0.302,0,0,Normal,3.87,2.88,0.42,0.0,0,None
2026-04-10 08:30:00,27.36,1,0,0,232.15,11.97,2.478,1.257,0.892,0.6195,336.75,2559.28,175,255.93,0.802,1.148,0.051,0.02,1.328,0.277,0,0,Normal,3.63,3.55,0.84,0.0,0,None
2026-04-10 08:45:00,28.2,1,0,0,231.98,14.82,3.281,1.028,0.954,0.8202,337.57,2565.51,175,256.55,1.197,1.148,0.055,0.02,1.627,0.382,0,0,Normal,2.99,1.85,0.77,0.0,0,None
2026-04-10 09:00:00,28.99,0,0,0,232.92,0.95,0.203,0.089,0.916,0.0508,337.62,2565.9,175,256.59,0.0,1.148,0.051,0.02,0.0,0.132,0,0,Normal,2.47,30.88,4.96,0.0,1,Elevated Earth Leakage Risk
2026-04-10 09:15:00,29.71,0,0,0,231.2,1.97,0.42,0.174,0.924,0.105,337.72,2566.69,175,256.67,0.0,1.148,0.058,0.115,0.0,0.247,0,0,Normal,2.92,33.24,4.97,0.0,1,Elevated Earth Leakage Risk
2026-04-10 09:30:00,28.9,0,0,0,232.66,1.36,0.289,0.131,0.91,0.0723,337.8,2567.24,175,256.72,0.0,1.148,0.057,0.116,0.0,0.116,0,0,Normal,2.39,41.75,4.9,0.0,1,Elevated Earth Leakage Risk
2026-04-10 09:45:00,29.7,0,0,0,233.32,1.17,0.256,0.095,0.937,0.064,337.86,2567.73,175,256.77,0.0,1.148,0.061,0.02,0.0,0.175,0,0,Normal,2.42,40.13,5.74,0.0,1,Elevated Earth Leakage Risk
2026-04-10 10:00:00,30.76,0,0,0,232.46,1.15,0.236,0.127,0.88,0.059,337.92,2568.18,175,256.82,0.0,1.148,0.054,0.02,0.0,0.162,0,0,Normal,3.98,27.78,4.91,0.0,1,Elevated Earth Leakage Risk
2026-04-10 10:15:00,31.7,0,0,0,232.45,0.87,0.193,0.062,0.952,0.0482,337.97,2568.55,175,256.85,0.0,1.148,0.053,0.02,0.0,0.12,0,0,Normal,4.27,31.76,6.11,0.0,1,Elevated Earth Leakage Risk
2026-04-10 10:30:00,31.16,0,0,0,229.52,1.19,0.249,0.113,0.911,0.0622,338.03,2569.02,175,256.9,0.0,1.148,0.065,0.02,0.0,0.164,0,0,Normal,3.46,34.19,4.95,0.0,1,Elevated Earth Leakage Risk
2026-04-10 10:45:00,31.62,0,0,0,232.27,1.69,0.357,0.162,0.911,0.0892,338.12,2569.7,175,256.97,0.0,1.148,0.055,0.125,0.0,0.177,0,0,Normal,2.44,42.88,6.84,0.0,1,Elevated Earth Leakage Risk
2026-04-10 11:00:00,31.86,0,0,0,232.6,1.25,0.266,0.115,0.918,0.0665,338.18,2570.2,175,257.02,0.0,1.148,0.053,0.119,0.0,0.094,0,0,Normal,2.02,39.38,5.78,0.0,1,Elevated Earth Leakage Risk
2026-04-10 11:15:00,32.27,0,0,0,229.1,0.79,0.167,0.072,0.919,0.0417,338.23,2570.52,175,257.05,0.0,1.148,0.061,0.02,0.0,0.086,0,0,Normal,4.27,28.82,4.82,0.0,1,Elevated Earth Leakage Risk
2026-04-10 11:30:00,31.75,0,0,0,232.23,1.44,0.301,0.146,0.899,0.0752,338.3,2571.09,175,257.11,0.0,1.148,0.066,0.02,0.0,0.215,0,0,Normal,3.3,28.96,4.96,0.0,1,Elevated Earth Leakage Risk
2026-04-10 11:45:00,32.04,0,0,0,230.4,0.95,0.205,0.075,0.939,0.0512,338.35,2571.48,175,257.15,0.0,1.148,0.064,0.02,0.0,0.121,0,0,Normal,4.41,38.89,4.26,0.0,1,Elevated Earth Leakage Risk
2026-04-10 12:00:00,33.07,0,0,0,230.24,1.24,0.254,0.13,0.89,0.0635,338.42,2571.96,175,257.2,0.0,1.149,0.048,0.02,0.0,0.186,0,0,Normal,4.48,1.87,0.82,0.0,0,None
2026-04-10 12:15:00,32.83,0,0,0,229.33,1.42,0.294,0.142,0.9,0.0735,338.49,2572.52,175,257.25,0.0,1.149,0.061,0.123,0.0,0.11,0,0,Normal,2.09,3.53,0.21,0.0,0,None
2026-04-10 12:30:00,32.59,0,0,0,228.62,1.37,0.297,0.102,0.946,0.0743,338.56,2573.09,175,257.31,0.0,1.149,0.039,0.12,0.0,0.138,0,0,Normal,2.03,3.17,0.96,0.0,0,None
2026-04-10 12:45:00,32.49,0,0,0,227.73,0.79,0.161,0.082,0.891,0.0402,338.6,2573.39,175,257.34,0.0,1.149,0.052,0.02,0.0,0.089,0,0,Normal,2.03,1.74,0.35,0.0,0,None
2026-04-10 13:00:00,32.63,0,0,0,229.66,1.41,0.29,0.143,0.896,0.0725,338.68,2573.94,175,257.39,0.0,1.149,0.042,0.02,0.0,0.228,0,0,Normal,3.96,1.92,0.98,0.0,0,None
2026-04-10 13:15:00,33.27,0,0,0,229.37,1.63,0.338,0.159,0.905,0.0845,338.76,2574.59,175,257.46,0.0,1.149,0.069,0.02,0.0,0.249,0,0,Normal,2.66,3.39,0.68,0.0,0,None
2026-04-10 13:30:00,34.11,0,0,0,228.73,1.17,0.253,0.091,0.941,0.0632,338.82,2575.07,175,257.51,0.0,1.149,0.042,0.02,0.0,0.191,0,0,Normal,3.25,3.41,0.66,0.0,0,None
2026-04-10 13:45:00,33.0,0,0,0,227.51,1.26,0.259,0.124,0.902,0.0648,338.89,2575.56,175,257.56,0.0,1.149,0.049,0.121,0.0,0.089,0,0,Normal,4.3,3.51,0.37,0.0,0,None
2026-04-10 14:00:00,33.32,0,0,0,228.27,1.84,0.387,0.162,0.922,0.0968,338.99,2576.29,175,257.63,0.0,1.149,0.054,0.114,0.0,0.219,0,0,Normal,3.3,2.46,0.56,0.0,0,None
2026-04-10 14:15:00,34.9,0,0,0,225.36,0.85,0.171,0.088,0.888,0.0427,339.03,2576.62,175,257.66,0.0,1.149,0.042,0.02,0.0,0.109,0,0,Normal,3.2,2.31,0.91,0.0,0,None
2026-04-10 14:30:00,33.68,0,0,0,226.6,1.24,0.268,0.085,0.953,0.067,339.1,2577.13,175,257.71,0.0,1.149,0.049,0.02,0.0,0.199,0,0,Normal,3.57,2.08,0.47,0.0,0,None
2026-04-10 14:45:00,34.16,0,0,0,230.11,0.97,0.21,0.075,0.941,0.0525,339.15,2577.53,175,257.75,0.0,1.149,0.053,0.02,0.0,0.137,0,0,Normal,3.15,2.67,0.24,0.0,0,None
2026-04-10 15:00:00,34.12,0,0,0,227.17,1.17,0.251,0.085,0.947,0.0628,339.21,2578.0,175,257.8,0.0,1.149,0.079,0.02,0.0,0.152,0,0,Normal,2.53,3.82,0.71,0.0,0,None
2026-04-10 15:15:00,34.13,0,0,0,227.74,1.3,0.272,0.117,0.918,0.068,339.28,2578.52,175,257.85,0.0,1.149,0.064,0.127,0.0,0.081,0,0,Normal,2.42,3.91,0.36,0.0,0,None
2026-04-10 15:30:00,33.03,0,0,0,227.77,1.82,0.393,0.131,0.949,0.0982,339.38,2579.27,175,257.93,0.0,1.149,0.061,0.117,0.0,0.215,0,0,Normal,3.52,3.95,0.4,0.0,0,None
2026-04-10 15:45:00,33.68,0,0,0,228.29,1.51,0.314,0.144,0.909,0.0785,339.46,2579.86,175,257.99,0.0,1.149,0.044,0.02,0.0,0.25,0,0,Normal,3.33,2.1,0.58,0.0,0,None
2026-04-10 16:00:00,32.39,0,0,0,225.79,1.13,0.239,0.089,0.937,0.0598,339.52,2580.32,175,258.03,0.0,1.149,0.041,0.02,0.0,0.178,0,0,Normal,4.15,2.68,0.35,0.0,0,None
2026-04-10 16:15:00,34.42,0,0,0,225.67,0.84,0.179,0.065,0.94,0.0448,339.56,2580.66,175,258.07,0.0,1.149,0.037,0.02,0.0,0.122,0,0,Normal,3.44,3.3,0.39,0.0,0,None
2026-04-10 16:30:00,32.4,0,0,0,227.49,0.76,0.157,0.071,0.911,0.0392,339.6,2580.96,175,258.1,0.0,1.149,0.055,0.02,0.0,0.082,0,0,Normal,2.24,2.82,0.87,0.0,0,None
2026-04-10 16:45:00,32.67,0,0,0,224.97,1.93,0.394,0.182,0.908,0.0985,339.7,2581.7,175,258.17,0.0,1.149,0.041,0.122,0.0,0.231,0,0,Normal,4.36,3.09,0.64,0.0,0,None
2026-04-10 17:00:00,31.72,0,0,0,225.69,1.4,0.295,0.115,0.932,0.0738,339.77,2582.27,175,258.23,0.0,1.149,0.068,0.122,0.0,0.105,0,0,Normal,4.37,2.68,0.42,0.0,0,None
2026-04-10 17:15:00,31.49,0,0,0,226.2,1.2,0.247,0.114,0.908,0.0618,339.83,2582.73,175,258.27,0.0,1.149,0.063,0.02,0.0,0.164,0,0,Normal,4.18,3.27,0.35,0.0,0,None
2026-04-10 17:30:00,32.92,0,0,0,226.26,0.9,0.195,0.057,0.959,0.0488,339.88,2583.11,175,258.31,0.0,1.149,0.048,0.02,0.0,0.127,0,0,Normal,3.33,1.46,0.22,0.0,0,None
2026-04-10 17:45:00,33.45,0,0,0,226.27,1.08,0.216,0.113,0.887,0.054,339.94,2583.52,175,258.35,0.0,1.149,0.038,0.02,0.0,0.158,0,0,Normal,4.39,2.21,0.74,0.0,0,None
2026-04-10 18:00:00,30.76,1,0,1,226.84,15.85,3.221,1.599,0.896,0.8052,340.74,2589.64,175,258.96,2.545,1.149,0.362,0.02,0.0,0.294,0,0,Normal,2.76,1.95,0.45,0.0,0,None
2026-04-10 18:15:00,30.34,1,0,1,225.61,15.08,3.09,1.423,0.908,0.7725,341.51,2595.51,175,259.55,2.233,1.149,0.352,0.115,0.0,0.39,0,0,Normal,4.5,3.22,0.56,0.0,0,None
2026-04-10 18:30:00,29.88,1,0,1,226.21,14.04,2.855,1.392,0.899,0.7138,342.23,2600.93,175,260.09,1.984,1.15,0.361,0.123,0.0,0.387,0,0,Normal,4.42,1.99,0.73,0.0,0,None
2026-04-10 18:45:00,30.88,1,0,1,224.15,15.27,3.136,1.372,0.916,0.784,343.01,2606.89,175,260.69,2.429,1.15,0.337,0.02,0.0,0.35,0,0,Normal,4.26,1.16,0.49,0.0,0,None
2026-04-10 19:00:00,29.39,1,0,1,228.31,17.42,3.629,1.628,0.912,0.9072,343.92,2613.78,175,261.38,1.761,1.15,0.345,0.02,1.24,0.263,0,0,Normal,4.18,2.05,0.68,0.0,0,None
2026-04-10 19:15:00,29.23,1,0,1,225.94,17.36,3.573,1.617,0.911,0.8932,344.81,2620.57,175,262.06,1.664,1.15,0.361,0.02,1.273,0.255,0,0,Normal,3.83,1.24,0.61,0.0,0,None
2026-04-10 19:30:00,29.66,1,0,1,225.21,19.03,3.89,1.797,0.908,0.9725,345.78,2627.96,175,262.8,1.913,1.15,0.333,0.02,1.207,0.417,0,0,Normal,3.99,1.03,0.45,0.0,0,None
2026-04-10 19:45:00,29.75,1,0,1,225.91,20.39,4.341,1.542,0.942,1.0852,346.87,2636.21,175,263.62,1.88,1.15,0.334,0.115,1.659,0.353,0,0,Normal,2.04,1.28,0.68,0.0,0,None
2026-04-10 20:00:00,28.16,1,0,1,225.98,16.67,3.569,1.202,0.948,0.8922,347.76,2642.99,175,264.3,1.194,1.15,0.342,0.118,1.709,0.206,0,0,Normal,3.97,1.3,0.63,0.0,0,None
2026-04-10 20:15:00,27.84,1,0,1,224.88,16.2,3.22,1.703,0.884,0.805,348.57,2649.11,175,264.91,1.113,1.15,0.362,0.02,1.461,0.264,0,0,Normal,3.6,3.29,0.46,0.0,0,None
2026-04-10 20:30:00,27.45,1,0,1,226.14,16.98,3.49,1.603,0.909,0.8725,349.44,2655.74,175,265.57,0.942,1.15,0.351,0.02,1.852,0.325,0,0,Normal,4.35,1.75,0.48,0.0,0,None
2026-04-10 20:45:00,28.33,1,0,1,225.04,17.65,3.654,1.558,0.92,0.9135,350.35,2785.31,200,278.53,1.182,1.15,0.36,0.02,1.79,0.302,0,0,Normal,3.86,1.53,0.6,0.0,0,None
2026-04-10 21:00:00,26.45,1,0,1,226.55,13.78,2.86,1.252,0.916,0.715,351.07,2790.99,200,279.1,0.473,1.15,0.34,0.02,1.608,0.419,0,0,Normal,2.44,1.52,0.87,0.0,0,None
2026-04-10 21:15:00,26.89,1,0,1,228.77,14.11,2.909,1.4,0.901,0.7272,351.8,2796.77,200,279.68,0.597,1.15,0.356,0.118,1.426,0.412,0,0,Normal,3.25,1.43,0.61,0.0,0,None
2026-04-10 21:30:00,26.84,1,0,1,226.94,13.24,2.743,1.229,0.913,0.6858,352.48,2802.23,200,280.22,0.68,1.15,0.362,0.131,1.282,0.288,0,0,Normal,2.27,2.17,0.41,0.0,0,None
2026-04-10 21:45:00,25.74,1,0,1,227.2,12.86,2.621,1.291,0.897,0.6552,353.14,2807.44,200,280.74,0.047,1.15,0.351,0.02,1.783,0.42,0,0,Normal,3.76,1.31,0.9,0.0,0,None
2026-04-10 22:00:00,24.28,1,0,1,227.52,3.55,0.738,0.33,0.913,0.1845,353.32,2808.9,200,280.89,0.0,1.15,0.358,0.02,0.0,0.36,0,0,Normal,2.65,2.06,0.23,0.0,0,None
2026-04-10 22:15:00,24.62,1,0,1,227.95,3.99,0.852,0.318,0.937,0.213,353.53,2810.6,200,281.06,0.0,1.15,0.334,0.02,0.0,0.498,0,0,Normal,2.6,1.14,0.21,0.0,0,None
2026-04-10 22:30:00,24.47,1,0,1,228.39,3.96,0.805,0.411,0.891,0.2012,353.74,2812.2,200,281.22,0.0,1.15,0.345,0.02,0.0,0.44,0,0,Normal,3.0,2.99,0.34,0.0,0,None
2026-04-10 22:45:00,25.38,1,0,1,229.38,4.26,0.935,0.282,0.957,0.2338,353.97,2814.05,200,281.41,0.0,1.15,0.351,0.127,0.0,0.457,0,0,Normal,2.73,3.84,0.96,0.0,0,None
2026-04-10 23:00:00,23.93,1,0,1,228.15,3.59,0.768,0.287,0.937,0.192,354.16,2815.58,200,281.56,0.0,1.15,0.349,0.117,0.0,0.302,0,0,Normal,2.78,3.48,0.55,0.0,0,None
2026-04-10 23:15:00,24.31,1,0,1,229.21,3.58,0.726,0.383,0.884,0.1815,354.34,2817.02,200,281.7,0.0,1.15,0.348,0.02,0.0,0.358,0,0,Normal,4.34,3.91,0.82,0.0,0,None
2026-04-10 23:30:00,23.96,1,0,1,230.0,3.38,0.712,0.309,0.917,0.178,354.52,2818.44,200,281.84,0.0,1.15,0.355,0.02,0.0,0.337,0,0,Normal,4.29,2.37,0.55,0.0,0,None
2026-04-10 23:45:00,23.86,1,0,1,227.88,2.87,0.598,0.264,0.915,0.1495,354.67,2819.63,200,281.96,0.0,1.15,0.355,0.02,0.0,0.223,0,0,Normal,2.63,2.32,0.89,0.0,0,None
2026-04-11 00:00:00,23.4,1,1,0,230.15,2.72,0.595,0.196,0.95,0.1488,354.82,2820.81,200,282.08,0.0,1.15,0.346,0.02,0.0,0.229,0,0,Normal,4.4,2.72,0.38,0.0,0,None
2026-04-11 00:15:00,23.04,1,1,0,229.93,4.35,0.885,0.464,0.886,0.2212,355.04,2822.57,200,282.26,0.0,1.15,0.352,0.125,0.0,0.408,0,0,Normal,3.65,3.76,0.31,0.0,0,None
2026-04-11 00:30:00,22.84,1,1,0,230.26,3.9,0.807,0.391,0.9,0.2017,355.24,2824.17,200,282.42,0.0,1.15,0.373,0.125,0.0,0.309,0,0,Normal,3.87,2.4,0.97,0.0,0,None
2026-04-11 00:45:00,23.54,1,1,0,230.22,2.78,0.607,0.201,0.949,0.1518,355.39,2825.38,200,282.54,0.0,1.15,0.34,0.02,0.0,0.247,0,0,Normal,3.84,2.35,0.55,0.0,0,None
2026-04-11 01:00:00,22.26,1,1,0,231.99,2.9,0.597,0.312,0.887,0.1492,355.54,2826.56,200,282.66,0.0,1.151,0.355,0.02,0.0,0.222,0,0,Normal,2.25,3.06,0.46,0.0,0,None
2026-04-11 01:15:00,22.05,1,1,0,230.59,2.93,0.643,0.208,0.952,0.1608,355.7,2827.84,200,282.78,0.0,1.151,0.338,0.02,0.0,0.285,0,0,Normal,3.23,1.1,0.6,0.0,0,None
2026-04-11 01:30:00,21.79,1,1,0,231.57,3.78,0.84,0.25,0.958,0.21,355.91,2829.51,200,282.95,0.0,1.151,0.341,0.02,0.0,0.479,0,0,Normal,2.54,2.22,0.29,0.0,0,None
2026-04-11 01:45:00,22.56,1,1,0,229.48,3.84,0.791,0.389,0.897,0.1977,356.11,2831.08,200,283.11,0.0,1.151,0.354,0.117,0.0,0.32,0,0,Normal,4.12,1.64,0.84,0.0,0,None
2026-04-11 02:00:00,22.62,1,1,0,233.79,4.5,0.991,0.355,0.942,0.2478,356.36,2833.05,200,283.31,0.0,1.151,0.352,0.114,0.0,0.525,0,0,Normal,2.94,3.43,0.95,0.0,0,None
2026-04-11 02:15:00,21.97,1,1,0,231.08,3.76,0.804,0.331,0.925,0.201,356.56,2834.65,200,283.47,0.0,1.151,0.348,0.02,0.0,0.436,0,0,Normal,3.12,3.12,0.74,0.0,0,None
2026-04-11 02:30:00,22.65,1,1,0,233.39,3.92,0.869,0.288,0.949,0.2172,356.78,2836.38,200,283.64,0.0,1.151,0.348,0.02,0.0,0.501,0,0,Normal,3.29,1.1,0.23,0.0,0,None
2026-04-11 02:45:00,21.01,1,1,0,231.85,3.14,0.691,0.227,0.95,0.1728,356.95,2837.75,200,283.78,0.0,1.151,0.331,0.02,0.0,0.34,0,0,Normal,3.71,2.01,0.7,0.0,0,None
2026-04-11 03:00:00,22.18,1,1,0,231.88,3.64,0.75,0.386,0.889,0.1875,357.14,2839.24,200,283.92,0.0,1.151,0.341,0.02,0.0,0.389,0,0,Normal,3.34,1.11,0.95,0.0,0,None
2026-04-11 03:15:00,22.18,1,1,0,233.27,3.76,0.841,0.251,0.958,0.2102,357.35,2840.91,200,284.09,0.0,1.151,0.325,0.123,0.0,0.393,0,0,Normal,4.43,1.13,0.62,0.0,0,None
2026-04-11 03:30:00,21.84,1,1,0,233.64,4.01,0.859,0.375,0.916,0.2148,357.56,2842.62,200,284.26,0.0,1.151,0.35,0.117,0.0,0.392,0,0,Normal,2.58,3.5,0.26,0.0,0,None
2026-04-11 03:45:00,23.4,1,1,0,233.8,2.59,0.577,0.186,0.952,0.1442,357.71,2843.77,200,284.38,0.0,1.151,0.359,0.02,0.0,0.198,0,0,Normal,3.44,3.61,0.87,0.0,0,None
2026-04-11 04:00:00,22.77,1,1,0,234.04,2.84,0.628,0.218,0.945,0.157,357.86,2845.02,200,284.5,0.0,1.151,0.357,0.02,0.0,0.251,0,0,Normal,2.09,1.56,0.39,0.0,0,None
2026-04-11 04:15:00,22.6,1,1,0,232.92,4.04,0.843,0.417,0.896,0.2108,358.07,2846.69,200,284.67,0.0,1.151,0.35,0.02,0.0,0.473,0,0,Normal,2.36,1.84,0.5,0.0,0,None
2026-04-11 04:30:00,22.82,1,1,0,233.12,3.94,0.835,0.381,0.91,0.2088,358.28,2848.35,200,284.84,0.0,1.151,0.367,0.02,0.0,0.448,0,0,Normal,2.4,3.75,0.87,0.0,0,None
2026-04-11 04:45:00,21.8,1,1,0,234.51,3.25,0.694,0.316,0.91,0.1735,358.46,2849.73,200,284.97,0.0,1.151,0.351,0.12,0.0,0.223,0,0,Normal,4.48,2.61,0.89,0.0,0,None
2026-04-11 05:00:00,23.38,1,1,0,233.24,3.96,0.855,0.352,0.925,0.2138,358.67,2851.43,200,285.14,0.0,1.151,0.36,0.111,0.0,0.384,0,0,Normal,2.6,1.59,0.25,0.0,0,None
2026-04-11 05:15:00,24.25,1,1,0,235.31,4.01,0.857,0.396,0.908,0.2142,358.88,2853.13,200,285.31,0.0,1.151,0.354,0.02,0.0,0.483,0,0,Normal,3.83,1.09,0.79,0.0,0,None
2026-04-11 05:30:00,23.44,1,1,0,235.62,3.89,0.832,0.386,0.907,0.208,359.09,2854.79,200,285.48,0.0,1.151,0.349,0.02,0.0,0.463,0,0,Normal,2.42,3.29,0.97,0.0,0,None
2026-04-11 05:45:00,23.34,1,1,0,233.35,3.82,0.802,0.387,0.9,0.2005,359.29,2856.38,200,285.64,0.0,1.151,0.363,0.02,0.0,0.419,0,0,Normal,2.33,1.73,0.5,0.0,0,None
2026-04-11 06:00:00,25.65,1,1,0,235.79,10.25,2.32,0.679,0.96,0.58,359.87,2860.99,200,286.1,0.052,1.151,0.346,0.02,1.661,0.241,0,0,Normal,2.46,2.0,0.84,0.0,0,None
2026-04-11 06:15:00,25.67,1,1,0,234.12,11.16,2.453,0.903,0.938,0.6133,360.49,2865.87,200,286.59,0.0,1.151,0.355,0.114,1.768,0.216,0,0,Normal,3.82,1.0,0.96,0.0,0,None
2026-04-11 06:30:00,25.26,1,1,0,233.04,9.65,2.079,0.856,0.925,0.5197,361.01,2870.0,200,287.0,0.0,1.151,0.355,0.111,1.271,0.342,0,0,Normal,2.65,3.8,0.61,0.0,0,None
2026-04-11 06:45:00,24.77,1,1,0,234.69,11.93,2.646,0.917,0.945,0.6615,361.67,2875.26,200,287.53,0.0,1.151,0.357,0.02,1.974,0.295,0,0,Normal,2.62,3.71,0.24,0.0,0,None
2026-04-11 07:00:00,26.33,1,1,0,235.14,12.21,2.641,1.127,0.92,0.6603,362.33,2880.51,200,288.05,0.444,1.151,0.04,0.02,1.856,0.281,0,0,Normal,2.72,3.2,0.42,0.0,0,None
2026-04-11 07:15:00,26.05,1,1,0,234.55,9.78,2.108,0.905,0.919,0.527,362.86,2884.7,200,288.47,0.207,1.151,0.042,0.02,1.471,0.368,0,0,Normal,4.12,1.06,0.59,0.0,0,None
2026-04-11 07:30:00,25.95,1,1,0,233.8,8.58,1.821,0.841,0.908,0.4552,363.31,2888.32,200,288.83,0.199,1.152,0.049,0.02,1.259,0.294,0,0,Normal,2.19,3.33,0.58,0.0,0,None
2026-04-11 07:45:00,25.92,1,1,0,234.74,11.52,2.498,1.036,0.924,0.6245,363.93,2893.28,200,289.33,0.223,1.152,0.041,0.122,1.641,0.471,0,0,Normal,4.5,2.83,0.46,0.0,0,None
2026-04-11 08:00:00,27.69,1,1,0,233.33,14.92,3.184,1.409,0.914,0.796,364.73,2899.61,200,289.96,1.137,1.152,0.039,0.12,1.449,0.439,0,0,Normal,4.02,1.95,0.57,0.0,0,None
2026-04-11 08:15:00,27.48,1,1,0,233.12,13.23,2.903,1.042,0.941,0.7258,365.46,2905.38,200,290.54,0.914,1.152,0.049,0.02,1.716,0.204,0,0,Normal,3.55,1.25,0.33,0.0,0,None
2026-04-11 08:30:00,27.22,1,1,0,234.34,12.02,2.63,1.008,0.934,0.6575,366.11,2910.61,200,291.06,0.766,1.152,0.055,0.02,1.55,0.239,0,0,Normal,3.18,3.21,0.96,0.0,0,None
2026-04-11 08:45:00,28.11,1,1,0,231.65,15.35,3.191,1.57,0.897,0.7978,366.91,2916.95,200,291.69,1.157,1.152,0.045,0.02,1.544,0.425,0,0,Normal,3.31,1.59,0.73,0.0,0,None
2026-04-11 09:00:00,29.67,1,1,0,234.38,10.4,2.303,0.796,0.945,0.5758,367.49,2921.53,200,292.15,2.0,1.152,0.055,0.02,0.0,0.228,0,0,Normal,2.26,1.54,0.56,0.0,0,None
2026-04-11 09:15:00,30.4,1,1,0,232.97,14.13,2.898,1.564,0.88,0.7245,368.21,2927.29,200,292.73,2.325,1.152,0.048,0.118,0.0,0.407,0,0,Normal,2.02,2.07,0.6,0.0,0,None
2026-04-11 09:30:00,29.22,1,1,0,230.85,10.46,2.248,0.884,0.931,0.562,368.77,2931.75,200,293.18,1.699,1.152,0.04,0.121,0.0,0.388,0,0,Normal,3.95,2.44,0.56,0.0,0,None
2026-04-11 09:45:00,29.7,1,1,0,232.83,11.7,2.543,0.98,0.933,0.6358,369.41,2936.81,200,293.68,1.955,1.152,0.058,0.02,0.0,0.51,0,0,Normal,2.33,1.95,0.75,0.0,0,None
2026-04-11 10:00:00,31.16,1,1,0,229.97,15.57,3.28,1.437,0.916,0.82,370.23,2943.33,200,294.33,2.699,1.152,0.048,0.02,0.0,0.513,0,0,Normal,2.88,1.05,0.73,0.0,0,None
2026-04-11 10:15:00,30.87,1,1,0,232.2,13.59,2.925,1.184,0.927,0.7312,370.96,2949.14,200,294.91,2.508,1.152,0.05,0.02,0.0,0.347,0,0,Normal,2.23,3.31,0.64,0.0,0,None
2026-04-11 10:30:00,31.37,1,1,0,232.06,14.05,2.914,1.461,0.894,0.7285,371.69,2954.93,200,295.49,2.664,1.152,0.038,0.02,0.0,0.192,0,0,Normal,3.64,1.23,0.28,0.0,0,None
2026-04-11 10:45:00,31.39,1,1,0,231.33,14.38,3.108,1.186,0.934,0.777,372.47,2961.11,200,296.11,2.699,1.152,0.058,0.121,0.0,0.23,0,0,Normal,2.47,3.43,0.66,0.0,0,None
2026-04-11 11:00:00,32.41,0,1,0,231.27,1.85,0.384,0.188,0.898,0.096,372.56,2961.87,200,296.19,0.0,1.152,0.033,0.116,0.0,0.235,0,0,Normal,3.8,1.77,0.4,0.0,0,None
2026-04-11 11:15:00,32.11,0,1,0,232.97,1.46,0.301,0.157,0.887,0.0752,372.64,2962.47,200,296.25,0.0,1.152,0.039,0.02,0.0,0.242,0,0,Normal,2.88,1.53,0.7,0.0,0,None
2026-04-11 11:30:00,32.06,0,1,0,231.53,1.23,0.254,0.131,0.888,0.0635,372.7,2962.97,200,296.3,0.0,1.152,0.066,0.02,0.0,0.168,0,0,Normal,3.59,2.98,0.83,0.0,0,None
2026-04-11 11:45:00,31.56,0,1,0,229.56,1.08,0.233,0.081,0.944,0.0582,372.76,2963.44,200,296.34,0.0,1.152,0.054,0.02,0.0,0.159,0,0,Normal,2.79,1.28,0.86,0.0,0,None
2026-04-11 12:00:00,32.79,0,1,0,229.44,4.16,0.864,0.404,0.906,0.216,372.98,2965.16,200,296.52,0.3,1.152,0.036,0.02,0.0,0.508,1,0,Weekend Guest Spike (context-explained),3.72,3.79,0.53,0.0,0,None
2026-04-11 12:15:00,32.89,0,1,0,226.89,4.88,0.994,0.486,0.898,0.2485,373.22,2967.13,200,296.71,0.3,1.152,0.073,0.117,0.0,0.504,1,0,Weekend Guest Spike (context-explained),2.92,3.36,0.77,0.0,0,None
2026-04-11 12:30:00,32.63,0,1,0,229.42,4.99,1.035,0.491,0.903,0.2588,373.48,2969.19,200,296.92,0.3,1.152,0.036,0.13,0.0,0.569,1,0,Weekend Guest Spike (context-explained),3.32,3.36,0.93,0.0,0,None
2026-04-11 12:45:00,33.42,0,1,0,230.55,4.6,1.001,0.35,0.944,0.2502,373.73,2971.18,200,297.12,0.3,1.152,0.05,0.02,0.0,0.631,1,0,Weekend Guest Spike (context-explained),3.15,2.65,0.22,0.0,0,None
2026-04-11 13:00:00,34.39,0,1,0,228.73,4.29,0.909,0.372,0.925,0.2272,373.96,2972.98,200,297.3,0.3,1.152,0.055,0.02,0.0,0.534,1,0,Weekend Guest Spike (context-explained),2.72,1.34,0.48,0.0,0,None
2026-04-11 13:15:00,33.34,0,1,0,229.82,4.19,0.85,0.45,0.884,0.2125,374.17,2974.67,200,297.47,0.3,1.152,0.049,0.02,0.0,0.481,1,0,Weekend Guest Spike (context-explained),3.51,2.74,0.74,0.0,0,None
2026-04-11 13:30:00,33.94,0,1,0,228.0,4.81,1.028,0.385,0.937,0.257,374.43,2976.72,200,297.67,0.3,1.152,0.064,0.02,0.0,0.644,1,0,Weekend Guest Spike (context-explained),4.5,2.51,0.88,0.0,0,None
2026-04-11 13:45:00,33.28,0,1,0,228.72,5.29,1.074,0.557,0.888,0.2685,374.7,2978.85,200,297.89,0.3,1.152,0.046,0.123,0.0,0.605,1,0,Weekend Guest Spike (context-explained),2.82,1.31,0.25,0.0,0,None
2026-04-11 14:00:00,33.85,0,1,0,227.11,4.85,0.989,0.484,0.898,0.2472,374.95,2980.82,200,298.08,0.3,1.152,0.071,0.126,0.0,0.492,1,0,Weekend Guest Spike (context-explained),3.98,3.14,0.86,0.0,0,None
2026-04-11 14:15:00,33.65,0,1,0,227.34,4.45,0.923,0.411,0.913,0.2308,375.18,2982.65,200,298.27,0.3,1.153,0.064,0.02,0.0,0.539,1,0,Weekend Guest Spike (context-explained),2.81,3.87,0.37,0.0,0,None
2026-04-11 14:30:00,34.3,0,1,0,228.11,4.63,0.949,0.465,0.898,0.2372,375.41,2984.54,200,298.45,0.3,1.153,0.04,0.02,0.0,0.589,1,0,Weekend Guest Spike (context-explained),2.44,1.21,0.76,0.0,0,None
2026-04-11 14:45:00,33.66,0,1,0,227.75,4.36,0.923,0.367,0.929,0.2308,375.64,2986.37,200,298.64,0.3,1.153,0.055,0.02,0.0,0.548,1,0,Weekend Guest Spike (context-explained),4.47,2.49,0.26,0.0,0,None
2026-04-11 15:00:00,34.3,1,1,0,230.16,24.74,5.047,2.637,0.886,1.2618,376.91,2996.4,200,299.64,4.333,1.153,0.061,0.02,0.0,0.633,1,0,Weekend Guest Spike (context-explained),2.57,2.05,0.82,0.0,0,None
2026-04-11 15:15:00,33.67,1,1,0,226.96,22.69,4.94,1.456,0.959,1.235,378.14,3006.22,200,300.62,3.954,1.153,0.038,0.113,0.0,0.835,1,0,Weekend Guest Spike (context-explained),2.24,3.89,0.29,0.0,0,None
2026-04-11 15:30:00,33.47,1,1,0,227.07,23.48,4.837,2.244,0.907,1.2092,379.35,3015.83,200,301.58,3.925,1.153,0.033,0.112,0.0,0.767,1,0,Weekend Guest Spike (context-explained),4.15,2.88,0.96,0.0,0,None
2026-04-11 15:45:00,33.17,1,1,0,225.58,21.75,4.56,1.811,0.929,1.14,380.49,3024.9,200,302.49,3.815,1.153,0.031,0.02,0.0,0.694,1,0,Weekend Guest Spike (context-explained),3.29,2.53,0.64,0.0,0,None
2026-04-11 16:00:00,33.32,1,1,0,225.77,22.56,4.71,1.942,0.925,1.1775,381.67,3034.26,200,303.43,3.88,1.153,0.054,0.02,0.0,0.756,1,0,Weekend Guest Spike (context-explained),2.8,3.51,0.28,0.0,0,None
2026-04-11 16:15:00,33.64,1,1,0,227.5,24.99,5.026,2.656,0.884,1.2565,382.92,3044.25,200,304.42,4.117,1.153,0.051,0.02,0.0,0.838,1,0,Weekend Guest Spike (context-explained),2.12,1.88,0.23,0.0,0,None
2026-04-11 16:30:00,33.33,1,1,0,225.05,21.37,4.61,1.367,0.959,1.1525,384.08,3053.41,200,305.34,3.885,1.153,0.038,0.02,0.0,0.667,1,0,Weekend Guest Spike (context-explained),3.24,3.52,0.79,0.0,0,None
2026-04-11 16:45:00,34.32,1,1,0,226.72,26.65,5.423,2.662,0.898,1.3558,385.43,3064.19,200,306.42,4.336,1.153,0.052,0.121,0.0,0.914,1,0,Weekend Guest Spike (context-explained),3.25,1.44,0.79,0.0,0,None
2026-04-11 17:00:00,32.96,1,1,0,225.98,22.55,4.689,1.995,0.92,1.1722,386.6,3073.51,200,307.35,3.787,1.153,0.047,0.121,0.0,0.734,1,0,Weekend Guest Spike (context-explained),2.92,1.84,0.36,0.0,0,None
2026-04-11 17:15:00,32.09,1,1,0,226.79,21.14,4.353,2.009,0.908,1.0882,387.69,3082.16,200,308.22,3.383,1.153,0.049,0.02,0.0,0.901,1,0,Weekend Guest Spike (context-explained),2.07,2.55,0.3,0.0,0,None
2026-04-11 17:30:00,32.08,1,1,0,226.42,19.89,4.092,1.88,0.909,1.023,388.72,3090.29,200,309.03,3.261,1.153,0.049,0.02,0.0,0.762,1,0,Weekend Guest Spike (context-explained),3.63,1.36,0.93,0.0,0,None
2026-04-11 17:45:00,32.48,1,1,0,224.67,22.08,4.431,2.229,0.893,1.1078,389.82,3099.1,200,309.91,3.58,1.153,0.052,0.02,0.0,0.779,1,0,Weekend Guest Spike (context-explained),3.47,1.65,0.38,0.0,0,None
2026-04-11 18:00:00,30.58,1,1,1,225.32,18.64,3.9,1.556,0.929,0.975,390.8,3106.85,200,310.69,2.693,1.153,0.344,0.02,0.0,0.843,1,0,Weekend Guest Spike (context-explained),2.82,3.29,0.32,0.0,0,None
2026-04-11 18:15:00,31.58,1,1,1,226.78,21.52,4.448,2.009,0.911,1.112,391.91,3115.69,200,311.57,3.068,1.153,0.366,0.117,0.0,0.897,1,0,Weekend Guest Spike (context-explained),4.01,3.08,0.37,0.0,0,None
2026-04-11 18:30:00,31.18,1,1,1,226.7,19.25,4.036,1.66,0.925,1.009,392.92,3123.71,200,312.37,2.849,1.153,0.362,0.121,0.0,0.704,1,0,Weekend Guest Spike (context-explained),2.72,2.53,0.8,0.0,0,None
2026-04-11 18:45:00,31.13,1,1,1,228.04,19.01,4.08,1.465,0.941,1.02,393.94,3131.82,200,313.18,2.939,1.153,0.344,0.02,0.0,0.777,1,0,Weekend Guest Spike (context-explained),3.71,1.18,0.54,0.0,0,None
2026-04-11 19:00:00,29.9,1,1,1,226.54,24.41,5.203,1.874,0.941,1.3008,395.24,3142.16,200,314.22,2.317,1.153,0.351,0.02,1.827,0.688,1,0,Weekend Guest Spike (context-explained),2.57,3.13,0.5,0.0,0,None
2026-04-11 19:15:00,30.41,1,1,1,224.45,27.59,5.634,2.571,0.91,1.4085,396.65,3153.36,200,315.34,2.526,1.153,0.345,0.02,1.848,0.895,1,0,Weekend Guest Spike (context-explained),3.55,3.4,0.26,0.0,0,None
2026-04-11 19:30:00,29.64,1,1,1,225.93,25.02,5.117,2.404,0.905,1.2793,397.93,3163.53,200,316.35,2.191,1.153,0.35,0.02,1.762,0.794,1,0,Weekend Guest Spike (context-explained),4.38,2.17,0.49,0.0,0,None
2026-04-11 19:45:00,29.5,1,1,1,227.42,24.8,5.236,2.094,0.929,1.309,399.24,3173.94,200,317.39,2.065,1.153,0.355,0.115,1.916,0.785,1,0,Weekend Guest Spike (context-explained),3.19,1.85,0.35,0.0,0,None
2026-04-11 20:00:00,28.75,1,1,1,224.2,24.18,5.061,1.942,0.934,1.2652,400.5,3304.15,230,330.41,1.811,1.153,0.356,0.127,2.0,0.767,1,0,Weekend Guest Spike (context-explained),2.5,2.32,0.59,0.0,0,None
2026-04-11 20:15:00,28.48,1,1,1,227.14,22.41,4.822,1.632,0.947,1.2055,401.71,3314.09,230,331.41,1.719,1.153,0.332,0.02,1.879,0.872,1,0,Weekend Guest Spike (context-explained),2.84,1.87,0.57,0.0,0,None
2026-04-11 20:30:00,27.84,1,1,1,227.44,19.74,4.207,1.566,0.937,1.0518,402.76,3322.77,230,332.28,1.392,1.153,0.353,0.02,1.729,0.713,1,0,Weekend Guest Spike (context-explained),3.23,1.82,0.99,0.0,0,None
2026-04-11 20:45:00,28.0,1,1,1,225.33,19.17,3.84,1.979,0.889,0.96,403.72,3330.69,230,333.07,1.474,1.154,0.348,0.02,1.249,0.749,1,0,Weekend Guest Spike (context-explained),4.14,2.11,0.82,0.0,0,None
2026-04-11 21:00:00,26.54,1,1,1,227.25,16.89,3.631,1.241,0.946,0.9078,404.63,3338.18,230,333.82,0.758,1.154,0.353,0.02,1.744,0.756,1,0,Weekend Guest Spike (context-explained),3.2,2.62,0.61,0.0,0,None
2026-04-11 21:15:00,26.63,1,1,1,229.33,15.48,3.29,1.336,0.927,0.8225,405.45,3344.96,230,334.5,0.843,1.154,0.367,0.117,1.203,0.76,1,0,Weekend Guest Spike (context-explained),2.56,3.96,0.69,0.0,0,None
2026-04-11 21:30:00,25.77,1,1,1,227.78,15.4,3.257,1.302,0.929,0.8142,406.26,3351.68,230,335.17,0.481,1.154,0.35,0.113,1.558,0.755,1,0,Weekend Guest Spike (context-explained),3.63,1.92,0.48,0.0,0,None
2026-04-11 21:45:00,25.68,1,1,1,226.71,13.86,2.914,1.177,0.927,0.7285,406.99,3357.69,230,335.77,0.305,1.154,0.352,0.02,1.495,0.742,1,0,Weekend Guest Spike (context-explained),2.66,2.15,0.38,0.0,0,None
2026-04-11 22:00:00,24.56,1,1,1,228.53,3.47,0.739,0.289,0.931,0.1848,407.18,3359.21,230,335.92,0.0,1.154,0.355,0.02,0.0,0.364,0,0,Normal,2.13,2.14,0.41,0.0,0,None
2026-04-11 22:15:00,24.52,1,1,1,226.13,3.89,0.786,0.397,0.893,0.1965,407.37,3360.84,230,336.08,0.0,1.154,0.341,0.02,0.0,0.425,0,0,Normal,2.47,1.85,0.52,0.0,0,None
2026-04-11 22:30:00,24.68,1,1,1,228.76,4.21,0.852,0.448,0.885,0.213,407.59,3362.59,230,336.26,0.0,1.154,0.343,0.02,0.0,0.489,0,0,Normal,2.01,3.06,0.39,0.0,0,None
2026-04-11 22:45:00,25.32,1,1,1,229.43,4.29,0.881,0.439,0.895,0.2202,407.81,3364.41,230,336.44,0.0,1.154,0.35,0.113,0.0,0.418,0,0,Normal,3.73,3.67,1.0,0.0,0,None
2026-04-11 23:00:00,23.67,1,1,1,226.51,4.08,0.885,0.264,0.958,0.2212,408.03,3366.24,230,336.62,0.0,1.154,0.338,0.117,0.0,0.43,0,0,Normal,3.85,3.86,0.27,0.0,0,None
2026-04-11 23:15:00,23.86,1,1,1,230.66,2.88,0.628,0.215,0.946,0.157,408.19,3367.53,230,336.75,0.0,1.154,0.354,0.02,0.0,0.254,0,0,Normal,3.23,1.33,0.39,0.0,0,None
2026-04-11 23:30:00,23.15,1,1,1,231.58,3.56,0.729,0.386,0.884,0.1823,408.37,3369.03,230,336.9,0.0,1.154,0.367,0.02,0.0,0.342,0,0,Normal,2.1,1.12,0.55,0.0,0,None
2026-04-11 23:45:00,23.53,1,1,1,227.48,3.6,0.724,0.384,0.883,0.181,408.55,3370.53,230,337.05,0.0,1.154,0.335,0.02,0.0,0.369,0,0,Normal,2.01,3.62,0.45,0.0,0,None
2026-04-12 00:00:00,23.1,1,1,0,231.04,3.8,0.788,0.388,0.897,0.197,408.75,3372.15,230,337.22,0.0,1.154,0.372,0.02,0.0,0.396,0,0,Normal,3.83,1.6,0.4,0.0,0,None
2026-04-12 00:15:00,23.1,1,1,0,229.55,4.09,0.848,0.4,0.904,0.212,408.96,3373.9,230,337.39,0.0,1.154,0.333,0.123,0.0,0.392,0,0,Normal,2.77,3.88,0.82,0.0,0,None
2026-04-12 00:30:00,22.44,1,1,0,233.44,3.42,0.765,0.226,0.959,0.1912,409.15,3375.48,230,337.55,0.0,1.154,0.352,0.117,0.0,0.296,0,0,Normal,2.79,2.35,0.47,0.0,0,None
2026-04-12 00:45:00,22.88,1,1,0,230.42,3.46,0.726,0.327,0.912,0.1815,409.33,3376.98,230,337.7,0.0,1.154,0.37,0.02,0.0,0.336,0,0,Normal,3.82,1.89,0.7,0.0,0,None
2026-04-12 01:00:00,23.3,1,1,0,230.14,2.96,0.601,0.322,0.881,0.1502,409.48,3378.22,230,337.82,0.0,1.154,0.345,0.02,0.0,0.236,0,0,Normal,2.07,1.09,0.22,0.0,0,None
2026-04-12 01:15:00,22.2,1,1,0,232.81,3.52,0.77,0.279,0.94,0.1925,409.67,3379.8,230,337.98,0.0,1.154,0.343,0.02,0.0,0.407,0,0,Normal,3.01,2.51,0.64,0.0,0,None
2026-04-12 01:30:00,21.86,1,1,0,233.81,3.34,0.693,0.361,0.887,0.1733,409.85,3381.23,230,338.12,0.0,1.154,0.363,0.02,0.0,0.31,0,0,Normal,3.58,2.83,0.87,0.0,0,None
2026-04-12 01:45:00,22.12,1,1,0,230.18,3.97,0.833,0.378,0.911,0.2082,410.05,3382.95,230,338.3,0.0,1.154,0.344,0.124,0.0,0.365,0,0,Normal,3.03,2.76,0.85,0.0,0,None
2026-04-12 02:00:00,22.05,1,1,0,233.01,4.37,0.95,0.366,0.933,0.2375,410.29,3384.91,230,338.49,0.0,1.154,0.352,0.121,0.0,0.477,0,0,Normal,4.48,1.15,0.33,0.0,0,None
2026-04-12 02:15:00,21.92,1,1,0,233.84,2.94,0.626,0.282,0.912,0.1565,410.45,3386.2,230,338.62,0.0,1.154,0.357,0.02,0.0,0.249,0,0,Normal,4.43,3.62,0.85,0.0,0,None
2026-04-12 02:30:00,21.98,1,1,0,231.11,3.31,0.73,0.226,0.955,0.1825,410.63,3387.71,230,338.77,0.0,1.154,0.347,0.02,0.0,0.363,0,0,Normal,3.81,1.88,0.39,0.0,0,None
2026-04-12 02:45:00,21.28,1,1,0,232.85,3.44,0.767,0.235,0.956,0.1918,410.82,3389.29,230,338.93,0.0,1.154,0.359,0.02,0.0,0.388,0,0,Normal,2.66,3.54,0.48,0.0,0,None
2026-04-12 03:00:00,21.72,1,1,0,234.33,3.54,0.743,0.37,0.895,0.1858,411.01,3390.82,230,339.08,0.0,1.154,0.352,0.02,0.0,0.371,0,0,Normal,4.38,1.38,0.75,0.0,0,None
2026-04-12 03:15:00,22.13,1,1,0,233.29,4.36,0.918,0.437,0.903,0.2295,411.24,3392.72,230,339.27,0.0,1.155,0.342,0.119,0.0,0.457,0,0,Normal,3.63,3.71,0.35,0.0,0,None
2026-04-12 03:30:00,22.12,1,1,0,233.23,3.63,0.752,0.391,0.887,0.188,411.43,3394.27,230,339.43,0.0,1.155,0.341,0.118,0.0,0.293,0,0,Normal,3.53,1.92,0.44,0.0,0,None
2026-04-12 03:45:00,21.92,1,1,0,232.66,3.26,0.705,0.282,0.928,0.1763,411.6,3395.72,230,339.57,0.0,1.155,0.339,0.02,0.0,0.346,0,0,Normal,2.37,2.16,0.21,0.0,0,None
2026-04-12 04:00:00,22.72,1,1,0,233.73,2.9,0.626,0.259,0.924,0.1565,411.76,3397.01,230,339.7,0.0,1.155,0.374,0.02,0.0,0.232,0,0,Normal,4.48,2.9,0.49,0.0,0,None
2026-04-12 04:15:00,22.83,1,1,0,232.12,3.17,0.703,0.218,0.955,0.1758,411.93,3398.46,230,339.85,0.0,1.155,0.353,0.02,0.0,0.33,0,0,Normal,3.63,3.47,0.78,0.0,0,None
2026-04-12 04:30:00,23.25,1,1,0,232.86,3.26,0.696,0.304,0.916,0.174,412.11,3399.9,230,339.99,0.0,1.155,0.346,0.02,0.0,0.33,0,0,Normal,3.76,2.95,0.31,0.0,0,None
2026-04-12 04:45:00,22.75,1,1,0,234.45,4.25,0.893,0.443,0.896,0.2232,412.33,3401.74,230,340.17,0.0,1.155,0.354,0.121,0.0,0.418,0,0,Normal,4.0,2.61,0.46,0.0,0,None
2026-04-12 05:00:00,23.96,1,1,0,231.8,3.42,0.741,0.281,0.935,0.1852,412.52,3403.27,230,340.33,0.0,1.155,0.334,0.122,0.0,0.285,0,0,Normal,4.4,1.41,0.63,0.0,0,None
2026-04-12 05:15:00,23.49,1,1,0,233.54,3.18,0.704,0.233,0.949,0.176,412.69,3404.72,230,340.47,0.0,1.155,0.326,0.02,0.0,0.358,0,0,Normal,3.31,3.1,0.89,0.0,0,None
2026-04-12 05:30:00,24.04,1,1,0,233.21,3.23,0.704,0.266,0.936,0.176,412.87,3406.17,230,340.62,0.0,1.155,0.352,0.02,0.0,0.332,0,0,Normal,2.66,2.92,0.38,0.0,0,None
2026-04-12 05:45:00,23.95,1,1,0,231.76,3.6,0.774,0.309,0.929,0.1935,413.06,3407.77,230,340.78,0.0,1.155,0.347,0.02,0.0,0.407,0,0,Normal,3.31,3.29,0.84,0.0,0,None
2026-04-12 06:00:00,25.43,1,1,0,233.13,12.37,2.723,0.952,0.944,0.6808,413.74,3413.38,230,341.34,0.0,1.155,0.356,0.02,1.914,0.433,0,0,Normal,3.21,2.0,0.97,0.0,0,None
2026-04-12 06:15:00,25.36,1,1,0,233.13,12.52,2.588,1.351,0.886,0.647,414.39,3418.72,230,341.87,0.0,1.155,0.33,0.121,1.742,0.395,0,0,Normal,2.5,2.01,0.43,0.0,0,None
2026-04-12 06:30:00,25.29,1,1,0,232.62,11.33,2.525,0.758,0.958,0.6313,415.02,3423.93,230,342.39,0.0,1.155,0.352,0.111,1.729,0.333,0,0,Normal,2.11,1.21,0.69,0.0,0,None
2026-04-12 06:45:00,24.95,1,1,0,233.01,12.66,2.775,1.001,0.941,0.6938,415.72,3429.65,230,342.97,0.0,1.155,0.342,0.02,1.894,0.519,0,0,Normal,3.51,3.64,0.31,0.0,0,None
2026-04-12 07:00:00,26.57,1,1,0,235.76,12.01,2.659,0.971,0.939,0.6647,416.38,3435.14,230,343.51,0.554,1.155,0.054,0.02,1.688,0.343,0,0,Normal,2.72,2.98,0.81,0.0,0,None
2026-04-12 07:15:00,26.98,1,1,0,233.99,12.21,2.628,1.121,0.92,0.657,417.04,3440.56,230,344.06,0.726,1.155,0.05,0.02,1.549,0.283,0,0,Normal,4.26,3.86,0.83,0.0,0,None
2026-04-12 07:30:00,26.12,1,1,0,232.45,9.1,1.958,0.8,0.926,0.4895,417.53,3444.6,230,344.46,0.27,1.155,0.037,0.02,1.292,0.339,0,0,Normal,3.09,1.43,0.6,0.0,0,None
2026-04-12 07:45:00,26.13,1,1,0,233.21,11.31,2.514,0.797,0.953,0.6285,418.16,3449.78,230,344.98,0.236,1.155,0.032,0.122,1.86,0.264,0,0,Normal,4.11,3.4,0.2,0.0,0,None
2026-04-12 08:00:00,28.09,1,1,0,233.29,15.96,3.554,1.107,0.955,0.8885,419.04,3457.11,230,345.71,1.191,1.155,0.042,0.121,1.73,0.47,0,0,Normal,2.97,1.9,0.7,0.0,0,None
2026-04-12 08:15:00,28.21,1,1,0,234.81,14.76,3.185,1.365,0.919,0.7962,419.84,3463.68,230,346.37,1.282,1.155,0.047,0.02,1.536,0.3,0,0,Normal,4.14,2.46,0.51,0.0,0,None
2026-04-12 08:30:00,27.59,1,1,0,231.97,13.08,2.743,1.298,0.904,0.6858,420.53,3469.34,230,346.93,0.95,1.155,0.058,0.02,1.435,0.28,0,0,Normal,4.44,1.98,0.98,0.0,0,None
2026-04-12 08:45:00,27.96,1,1,0,235.37,14.61,3.194,1.273,0.929,0.7985,421.32,3475.93,230,347.59,1.178,1.155,0.064,0.02,1.616,0.316,0,0,Normal,2.89,1.16,0.63,0.0,0,None
2026-04-12 09:00:00,29.51,1,1,0,234.03,10.42,2.276,0.877,0.933,0.569,421.89,3480.62,230,348.06,1.878,1.155,0.059,0.02,0.0,0.319,0,0,Normal,2.65,2.3,0.22,0.0,0,None
2026-04-12 09:15:00,28.45,1,1,0,232.8,8.86,1.823,0.965,0.884,0.4558,422.35,3484.38,230,348.44,1.296,1.155,0.052,0.126,0.0,0.349,0,0,Normal,2.73,3.88,0.42,0.0,0,None
2026-04-12 09:30:00,29.44,1,1,0,231.58,10.53,2.179,1.095,0.894,0.5448,422.89,3488.87,230,348.89,1.777,1.155,0.07,0.113,0.0,0.219,0,0,Normal,2.54,1.03,0.27,0.0,0,None
2026-04-12 09:45:00,29.47,1,1,0,231.0,10.56,2.258,0.924,0.925,0.5645,423.46,3493.53,230,349.35,1.821,1.156,0.052,0.02,0.0,0.365,0,0,Normal,2.52,1.52,0.77,0.0,0,None
2026-04-12 10:00:00,30.92,1,1,0,230.86,15.12,3.113,1.58,0.892,0.7782,424.24,3499.95,230,350.0,2.615,1.156,0.066,0.02,0.0,0.412,0,0,Normal,4.1,1.84,0.23,0.0,0,None
2026-04-12 10:15:00,31.71,1,1,0,232.46,15.29,3.243,1.456,0.912,0.8108,425.05,3506.64,230,350.66,2.891,1.156,0.061,0.02,0.0,0.271,0,0,Normal,2.25,3.33,0.75,0.0,0,None
2026-04-12 10:30:00,30.39,1,1,0,228.74,13.7,2.824,1.357,0.901,0.706,425.75,3512.46,230,351.25,2.32,1.156,0.043,0.02,0.0,0.441,0,0,Normal,3.1,2.61,0.39,0.0,0,None
2026-04-12 10:45:00,30.59,1,1,0,230.54,13.23,2.915,0.899,0.956,0.7288,426.48,3518.48,230,351.85,2.315,1.156,0.04,0.122,0.0,0.438,0,0,Normal,3.39,3.53,0.42,0.0,0,None
2026-04-12 11:00:00,30.94,0,1,0,229.07,1.41,0.301,0.117,0.932,0.0752,426.56,3519.1,230,351.91,0.0,1.156,0.039,0.114,0.0,0.148,0,0,Normal,2.93,3.54,0.99,0.0,0,None
2026-04-12 11:15:00,32.0,0,1,0,231.07,1.03,0.222,0.089,0.929,0.0555,426.61,3519.56,230,351.96,0.0,1.156,0.04,0.02,0.0,0.162,0,0,Normal,2.47,2.21,0.57,0.0,0,None
2026-04-12 11:30:00,32.04,0,1,0,230.57,1.43,0.309,0.113,0.94,0.0772,426.69,3520.19,230,352.02,0.0,1.156,0.039,0.02,0.0,0.25,0,0,Normal,3.82,1.56,0.79,0.0,0,None
2026-04-12 11:45:00,31.99,0,1,0,229.73,0.77,0.159,0.079,0.896,0.0398,426.73,3520.52,230,352.05,0.0,1.156,0.046,0.02,0.0,0.093,0,0,Normal,2.58,1.01,0.53,0.0,0,None
2026-04-12 12:00:00,33.75,0,1,0,228.89,0.83,0.181,0.059,0.95,0.0452,426.78,3520.89,230,352.09,0.0,1.156,0.046,0.02,0.0,0.115,0,0,Normal,4.09,1.08,0.76,0.0,0,None
2026-04-12 12:15:00,33.63,0,1,0,229.37,1.94,0.411,0.168,0.926,0.1028,426.88,3521.74,230,352.17,0.0,1.156,0.048,0.128,0.0,0.235,0,0,Normal,4.25,2.28,0.71,0.0,0,None
2026-04-12 12:30:00,33.24,0,1,0,229.08,1.36,0.288,0.117,0.926,0.072,426.95,3522.34,230,352.23,0.0,1.156,0.052,0.124,0.0,0.112,0,0,Normal,2.81,1.23,0.28,0.0,0,None
2026-04-12 12:45:00,33.01,0,1,0,229.87,1.11,0.238,0.09,0.936,0.0595,427.01,3522.83,230,352.28,0.0,1.156,0.062,0.02,0.0,0.156,0,0,Normal,2.09,3.77,0.79,0.0,0,None
2026-04-12 13:00:00,34.31,0,1,0,229.09,1.07,0.22,0.11,0.894,0.055,427.06,3523.28,230,352.33,0.0,1.156,0.032,0.02,0.0,0.168,0,0,Normal,2.6,1.56,0.43,0.0,0,None
2026-04-12 13:15:00,33.79,0,1,0,229.08,0.88,0.194,0.058,0.958,0.0485,427.11,3523.68,230,352.37,0.0,1.156,0.058,0.02,0.0,0.116,0,0,Normal,2.53,1.87,0.5,0.0,0,None
2026-04-12 13:30:00,33.39,0,1,0,228.17,0.88,0.181,0.088,0.9,0.0452,427.16,3524.05,230,352.41,0.0,1.156,0.058,0.02,0.0,0.103,0,0,Normal,3.96,3.8,0.77,0.0,0,None
2026-04-12 13:45:00,32.94,0,1,0,227.84,1.97,0.406,0.19,0.906,0.1015,427.26,3524.89,230,352.49,0.0,1.156,0.048,0.121,0.0,0.237,0,0,Normal,3.43,2.24,0.96,0.0,0,None
2026-04-12 14:00:00,33.78,0,1,0,228.33,1.6,0.351,0.103,0.959,0.0878,427.35,3525.61,230,352.56,0.0,1.156,0.045,0.113,0.0,0.193,0,0,Normal,4.45,1.82,0.81,0.0,0,None
2026-04-12 14:15:00,34.38,0,1,0,228.94,1.49,0.302,0.158,0.886,0.0755,427.42,3526.24,230,352.62,0.0,1.156,0.041,0.02,0.0,0.241,0,0,Normal,4.26,3.7,0.81,0.0,0,None
2026-04-12 14:30:00,35.14,0,1,0,228.21,1.49,0.313,0.135,0.918,0.0782,427.5,3526.88,230,352.69,0.0,1.156,0.062,0.02,0.0,0.231,0,0,Normal,4.09,1.76,0.96,0.0,0,None
2026-04-12 14:45:00,34.03,0,1,0,228.86,1.37,0.294,0.11,0.937,0.0735,427.57,3527.49,230,352.75,0.0,1.156,0.033,0.02,0.0,0.241,0,0,Normal,3.16,3.13,0.33,0.0,0,None
2026-04-12 15:00:00,33.41,1,1,0,226.48,20.02,4.033,2.07,0.89,1.0082,428.58,3535.81,230,353.58,3.68,1.156,0.06,0.02,0.0,0.273,0,0,Normal,2.4,3.21,0.98,0.0,0,None
2026-04-12 15:15:00,33.2,1,1,0,225.85,18.99,4.106,1.242,0.957,1.0265,429.61,3544.28,230,354.43,3.598,1.156,0.039,0.121,0.0,0.348,0,0,Normal,2.58,2.37,0.96,0.0,0,None
2026-04-12 15:30:00,34.07,1,1,0,224.86,22.0,4.608,1.797,0.932,1.152,430.76,3553.78,230,355.38,3.981,1.156,0.043,0.129,0.0,0.455,0,0,Normal,3.54,2.9,0.73,0.0,0,None
2026-04-12 15:45:00,32.91,1,1,0,227.16,18.31,3.876,1.51,0.932,0.969,431.73,3561.77,230,356.18,3.553,1.156,0.057,0.02,0.0,0.246,0,0,Normal,2.72,1.01,0.47,0.0,0,None
2026-04-12 16:00:00,33.47,1,1,0,225.01,20.2,4.068,2.025,0.895,1.017,432.75,3570.16,230,357.02,3.672,1.156,0.034,0.02,0.0,0.342,0,0,Normal,2.9,3.11,0.46,0.0,0,None
2026-04-12 16:15:00,33.61,1,1,0,225.57,18.84,4.076,1.202,0.959,1.019,433.77,3578.57,230,357.86,3.737,1.157,0.045,0.02,0.0,0.274,0,0,Normal,4.31,1.4,0.94,0.0,0,None
2026-04-12 16:30:00,33.41,1,1,0,227.64,19.67,4.214,1.514,0.941,1.0535,434.82,3587.26,230,358.73,3.644,1.157,0.043,0.02,0.0,0.507,0,0,Normal,3.36,2.33,0.31,0.0,0,None
2026-04-12 16:45:00,33.09,1,1,0,225.67,19.13,4.046,1.508,0.937,1.0115,435.83,3595.61,230,359.56,3.486,1.157,0.051,0.123,0.0,0.386,0,0,Normal,3.2,2.57,0.54,0.0,0,None
2026-04-12 17:00:00,32.53,1,1,0,226.49,18.15,3.855,1.425,0.938,0.9638,436.8,3603.56,230,360.36,3.426,1.157,0.053,0.112,0.0,0.264,0,0,Normal,4.17,3.11,0.22,0.0,0,None
2026-04-12 17:15:00,32.33,1,1,0,226.81,16.38,3.544,1.112,0.954,0.886,437.68,3610.87,230,361.09,3.148,1.157,0.031,0.02,0.0,0.345,0,0,Normal,2.17,1.2,0.75,0.0,0,None
2026-04-12 17:30:00,31.85,1,1,0,222.97,16.39,3.415,1.303,0.934,0.8538,438.53,3617.91,230,361.79,2.938,1.157,0.067,0.02,0.0,0.39,0,0,Normal,2.96,3.52,0.97,0.0,0,None
2026-04-12 17:45:00,33.17,1,1,0,225.02,18.59,3.909,1.492,0.934,0.9772,439.51,3625.97,230,362.6,3.623,1.157,0.037,0.02,0.0,0.229,0,0,Normal,3.55,3.84,0.73,0.0,0,None
2026-04-12 18:00:00,30.82,1,1,1,224.45,15.54,3.314,1.085,0.95,0.8285,440.34,3632.81,230,363.28,2.434,1.157,0.335,0.02,0.0,0.525,0,0,Normal,3.17,3.7,0.58,0.0,0,None
2026-04-12 18:15:00,31.39,1,1,1,225.14,18.32,3.701,1.819,0.897,0.9252,441.27,3640.44,230,364.04,2.834,1.157,0.341,0.122,0.0,0.404,0,0,Normal,3.46,1.76,0.39,0.0,0,None
2026-04-12 18:30:00,29.79,1,1,1,229.22,13.89,2.922,1.265,0.918,0.7305,442.0,3646.47,230,364.65,2.009,1.157,0.355,0.116,0.0,0.442,0,0,Normal,3.29,2.84,0.84,0.0,0,None
2026-04-12 18:45:00,31.64,1,1,1,227.15,17.33,3.518,1.768,0.894,0.8795,442.88,3653.72,230,365.37,2.821,1.157,0.341,0.02,0.0,0.336,0,0,Normal,2.56,1.94,0.4,0.0,0,None
2026-04-12 19:00:00,30.29,1,1,1,226.78,20.94,4.538,1.397,0.956,1.1345,444.01,3663.08,230,366.31,2.245,1.157,0.368,0.02,1.539,0.366,0,0,Normal,2.59,2.0,0.81,0.0,0,None
2026-04-12 19:15:00,29.57,1,1,1,228.57,20.02,4.057,2.115,0.887,1.0143,445.02,3671.45,230,367.15,1.897,1.157,0.36,0.02,1.351,0.429,0,0,Normal,3.79,1.17,0.68,0.0,0,None
2026-04-12 19:30:00,29.83,1,1,1,226.88,19.74,4.126,1.742,0.921,1.0315,446.06,3679.96,230,368.0,2.046,1.157,0.368,0.02,1.485,0.207,0,0,Normal,3.72,3.32,0.92,0.0,0,None
2026-04-12 19:45:00,29.83,1,1,1,227.69,19.98,4.076,2.019,0.896,1.019,447.08,3688.37,230,368.84,1.97,1.157,0.355,0.117,1.307,0.327,0,0,Normal,2.16,2.06,0.57,0.0,0,None
2026-04-12 20:00:00,27.68,1,1,1,225.36,15.67,3.254,1.373,0.921,0.8135,447.89,3695.08,230,369.51,0.989,1.157,0.329,0.126,1.371,0.439,0,0,Normal,2.52,2.1,0.59,0.0,0,None
2026-04-12 20:15:00,28.27,1,1,1,225.41,17.41,3.726,1.229,0.95,0.9315,448.82,3702.76,230,370.28,1.402,1.157,0.348,0.02,1.59,0.366,0,0,Normal,4.42,2.84,0.86,0.0,0,None
2026-04-12 20:30:00,27.6,1,1,1,227.81,14.35,3.122,0.972,0.955,0.7805,449.6,3709.2,230,370.92,1.0,1.157,0.362,0.02,1.448,0.292,0,0,Normal,4.47,2.24,0.79,0.0,0,None
2026-04-12 20:45:00,27.7,1,1,1,225.55,15.02,3.183,1.158,0.94,0.7958,450.4,3715.77,230,371.58,0.985,1.157,0.349,0.02,1.509,0.32,0,0,Normal,2.62,3.96,0.7,0.0,0,None
2026-04-12 21:00:00,27.01,1,1,1,228.12,14.63,3.193,0.97,0.957,0.7982,451.19,3722.35,230,372.24,0.682,1.157,0.343,0.02,1.825,0.323,0,0,Normal,3.69,3.15,0.75,0.0,0,None
2026-04-12 21:15:00,26.93,1,1,1,228.48,16.87,3.466,1.686,0.899,0.8665,452.06,3729.5,230,372.95,0.692,1.157,0.351,0.124,1.908,0.391,0,0,Normal,3.48,1.71,0.85,0.0,0,None
2026-04-12 21:30:00,26.09,1,1,1,226.94,14.06,2.921,1.285,0.915,0.7302,452.79,3735.53,230,373.55,0.23,1.157,0.343,0.121,1.92,0.307,0,0,Normal,2.94,2.29,0.68,0.0,0,None
2026-04-12 21:45:00,26.08,1,1,1,227.59,14.84,3.074,1.399,0.91,0.7685,453.56,3741.87,230,374.19,0.311,1.157,0.351,0.02,1.922,0.47,0,0,Normal,3.76,1.19,0.45,0.0,0,None
2026-04-12 22:00:00,24.68,1,1,1,228.89,3.25,0.671,0.324,0.901,0.1678,453.73,3743.25,230,374.33,0.0,1.157,0.345,0.02,0.0,0.306,0,0,Normal,3.2,2.46,0.73,0.0,0,None
2026-04-12 22:15:00,25.37,1,1,1,227.23,2.74,0.594,0.186,0.954,0.1485,453.88,3744.48,230,374.45,0.0,1.157,0.345,0.02,0.0,0.229,0,0,Normal,3.99,1.0,0.92,0.0,0,None
2026-04-12 22:30:00,24.5,1,1,1,227.42,3.3,0.703,0.261,0.937,0.1758,454.05,3745.93,230,374.59,0.0,1.157,0.365,0.02,0.0,0.318,0,0,Normal,3.08,3.73,0.24,0.0,0,None
2026-04-12 22:45:00,25.18,1,1,1,228.69,3.77,0.808,0.303,0.936,0.202,454.25,3747.59,230,374.76,0.0,1.158,0.346,0.115,0.0,0.347,0,0,Normal,2.77,2.69,0.78,0.0,0,None
2026-04-12 23:00:00,24.13,1,1,1,229.03,3.82,0.787,0.381,0.9,0.1968,454.45,3749.22,230,374.92,0.0,1.158,0.342,0.124,0.0,0.321,0,0,Normal,3.26,2.46,0.62,0.0,0,None
2026-04-12 23:15:00,23.71,1,1,1,228.08,3.65,0.764,0.332,0.917,0.191,454.64,3750.79,230,375.08,0.0,1.158,0.351,0.02,0.0,0.393,0,0,Normal,2.28,1.41,0.65,0.0,0,None
2026-04-12 23:30:00,24.26,1,1,1,229.72,3.36,0.693,0.341,0.897,0.1733,454.81,3752.22,230,375.22,0.0,1.158,0.348,0.02,0.0,0.325,0,0,Normal,3.24,3.78,0.92,0.0,0,None
2026-04-12 23:45:00,23.61,1,1,1,231.57,3.61,0.766,0.337,0.915,0.1915,455.01,3753.8,230,375.38,0.0,1.158,0.346,0.02,0.0,0.4,0,0,Normal,3.55,3.17,0.86,0.0,0,None
2026-04-13 00:00:00,22.7,1,0,0,227.79,3.25,0.671,0.31,0.908,0.1678,455.17,3755.19,230,375.52,0.0,1.158,0.355,0.02,0.0,0.296,0,0,Normal,2.49,1.83,0.82,0.0,0,None
2026-04-13 00:15:00,22.32,1,0,0,231.27,3.52,0.763,0.284,0.937,0.1908,455.36,3756.76,230,375.68,0.0,1.158,0.337,0.125,0.0,0.301,0,0,Normal,2.09,1.88,0.34,0.0,0,None
2026-04-13 00:30:00,23.31,1,0,0,231.31,3.62,0.78,0.305,0.931,0.195,455.56,3758.37,230,375.84,0.0,1.158,0.366,0.121,0.0,0.293,0,0,Normal,3.06,2.72,0.63,0.0,0,None
2026-04-13 00:45:00,22.42,1,0,0,230.01,3.52,0.726,0.357,0.897,0.1815,455.74,3759.87,230,375.99,0.0,1.158,0.342,0.02,0.0,0.364,0,0,Normal,3.23,2.82,0.58,0.0,0,None
2026-04-13 01:00:00,22.38,1,0,0,229.22,4.04,0.824,0.424,0.889,0.206,455.95,3761.56,230,376.16,0.0,1.158,0.345,0.02,0.0,0.459,0,0,Normal,4.48,3.13,0.44,0.0,0,None
2026-04-13 01:15:00,22.17,1,0,0,230.71,3.3,0.719,0.248,0.945,0.1798,456.13,3763.05,230,376.3,0.0,1.158,0.351,0.02,0.0,0.348,0,0,Normal,3.93,1.78,0.33,0.0,0,None
2026-04-13 01:30:00,21.68,1,0,0,232.52,3.44,0.732,0.324,0.914,0.183,456.31,3764.56,230,376.46,0.0,1.158,0.351,0.02,0.0,0.361,0,0,Normal,4.47,2.42,0.36,0.0,0,None
2026-04-13 01:45:00,21.9,1,0,0,231.78,3.1,0.685,0.219,0.952,0.1712,456.48,3765.97,230,376.6,0.0,1.158,0.356,0.116,0.0,0.213,0,0,Normal,3.44,2.46,0.72,0.0,0,None
2026-04-13 02:00:00,22.69,1,0,0,230.53,3.59,0.743,0.365,0.898,0.1858,456.67,3767.5,230,376.75,0.0,1.158,0.36,0.113,0.0,0.27,0,0,Normal,4.49,3.22,0.24,0.0,0,None
2026-04-13 02:15:00,22.1,1,0,0,231.96,3.46,0.707,0.378,0.882,0.1768,456.84,3768.96,230,376.9,0.0,1.158,0.361,0.02,0.0,0.326,0,0,Normal,2.64,2.53,0.61,0.0,0,None
2026-04-13 02:30:00,21.5,1,0,0,232.76,3.04,0.653,0.275,0.922,0.1632,457.01,3770.31,230,377.03,0.0,1.158,0.355,0.02,0.0,0.278,0,0,Normal,2.44,1.76,0.93,0.0,0,None
2026-04-13 02:45:00,22.15,1,0,0,232.08,3.99,0.861,0.341,0.93,0.2152,457.22,3772.08,230,377.21,0.0,1.158,0.381,0.02,0.0,0.46,0,0,Normal,2.25,3.44,0.99,0.0,0,None
2026-04-13 03:00:00,22.13,1,0,0,233.36,3.44,0.751,0.281,0.936,0.1878,457.41,3773.63,230,377.36,0.0,1.158,0.342,0.02,0.0,0.389,0,0,Normal,3.17,2.31,0.96,0.0,0,None
2026-04-13 03:15:00,23.93,1,0,0,233.73,4.07,0.845,0.439,0.887,0.2112,457.62,3775.38,230,377.54,0.0,1.158,0.36,0.123,0.0,0.362,0,0,Normal,3.94,3.54,0.42,0.0,0,None
2026-04-13 03:30:00,22.35,1,0,0,230.98,3.69,0.774,0.355,0.909,0.1935,457.81,3776.97,230,377.7,0.0,1.158,0.353,0.12,0.0,0.301,0,0,Normal,3.43,3.84,0.52,0.0,0,None
2026-04-13 03:45:00,22.01,1,0,0,234.56,3.96,0.836,0.406,0.9,0.209,458.02,3778.7,230,377.87,0.0,1.158,0.345,0.02,0.0,0.471,0,0,Normal,3.1,3.34,0.22,0.0,0,None
2026-04-13 04:00:00,23.51,1,0,0,232.84,3.14,0.68,0.27,0.929,0.17,458.19,3780.1,230,378.01,0.0,1.158,0.355,0.02,0.0,0.305,0,0,Normal,2.98,3.43,0.2,0.0,0,None
2026-04-13 04:15:00,21.88,1,0,0,236.63,3.15,0.714,0.216,0.957,0.1785,458.37,3781.57,230,378.16,0.0,1.158,0.349,0.02,0.0,0.345,0,0,Normal,2.98,1.99,0.91,0.0,0,None
2026-04-13 04:30:00,22.85,1,0,0,233.9,3.0,0.649,0.264,0.926,0.1622,458.53,3782.91,230,378.29,0.0,1.158,0.349,0.02,0.0,0.28,0,0,Normal,2.35,2.34,0.66,0.0,0,None
2026-04-13 04:45:00,23.8,1,0,0,233.47,3.14,0.699,0.224,0.952,0.1748,458.71,3784.35,230,378.44,0.0,1.158,0.335,0.112,0.0,0.252,0,0,Normal,3.81,1.61,0.42,0.0,0,None
2026-04-13 05:00:00,23.7,1,0,0,234.12,4.2,0.935,0.308,0.95,0.2338,458.94,3786.28,230,378.63,0.0,1.158,0.341,0.121,0.0,0.473,0,0,Normal,2.72,2.23,1.0,0.0,0,None
2026-04-13 05:15:00,22.89,1,0,0,232.93,3.12,0.655,0.314,0.902,0.1638,459.11,3787.63,230,378.76,0.0,1.158,0.338,0.02,0.0,0.297,0,0,Normal,4.28,3.2,0.89,0.0,0,None
2026-04-13 05:30:00,23.56,1,0,0,234.66,3.97,0.824,0.436,0.884,0.206,459.31,3789.33,230,378.93,0.0,1.159,0.35,0.02,0.0,0.454,0,0,Normal,2.58,2.31,0.27,0.0,0,None
2026-04-13 05:45:00,24.48,1,0,0,232.89,3.2,0.661,0.346,0.886,0.1652,459.48,3790.69,230,379.07,0.0,1.159,0.338,0.02,0.0,0.303,0,0,Normal,3.66,3.11,0.89,0.0,0,None
2026-04-13 06:00:00,25.19,1,0,0,232.04,11.27,2.451,0.911,0.937,0.6128,460.09,3795.75,230,379.57,0.0,1.159,0.354,0.02,1.79,0.287,0,0,Normal,2.82,2.42,0.47,0.0,0,None
2026-04-13 06:15:00,24.58,1,0,0,234.17,13.09,2.793,1.263,0.911,0.6982,460.79,3801.51,230,380.15,0.0,1.159,0.352,0.113,1.844,0.484,0,0,Normal,4.09,1.03,0.92,0.0,0,None
2026-04-13 06:30:00,24.66,1,0,0,234.95,10.49,2.277,0.943,0.924,0.5692,461.36,3806.21,230,380.62,0.0,1.159,0.348,0.119,1.553,0.257,0,0,Normal,2.92,2.11,0.28,0.0,0,None
2026-04-13 06:45:00,24.72,1,0,0,234.47,12.47,2.694,1.138,0.921,0.6735,462.03,3811.76,230,381.18,0.0,1.159,0.352,0.02,1.987,0.335,0,0,Normal,3.71,2.46,0.24,0.0,0,None
2026-04-13 07:00:00,26.63,1,0,0,234.7,11.34,2.363,1.224,0.888,0.5908,462.62,3816.64,230,381.66,0.583,1.159,0.053,0.02,1.416,0.291,0,0,Normal,3.42,3.12,0.81,0.0,0,None
2026-04-13 07:15:00,27.12,1,0,0,233.18,15.17,3.167,1.574,0.896,0.7917,463.41,3823.17,230,382.32,0.774,1.159,0.049,0.02,1.879,0.445,0,0,Normal,3.8,2.08,0.41,0.0,0,None
2026-04-13 07:30:00,26.97,1,0,0,233.03,13.41,2.963,0.99,0.949,0.7407,464.16,3829.28,230,382.93,0.672,1.159,0.064,0.02,1.783,0.424,0,0,Normal,4.49,3.17,0.9,0.0,0,None
2026-04-13 07:45:00,26.68,1,0,0,235.0,12.6,2.843,0.83,0.96,0.7108,464.87,3835.14,230,383.51,0.562,1.159,0.048,0.124,1.746,0.363,0,0,Normal,2.45,1.64,0.5,0.0,0,None
2026-04-13 08:00:00,27.33,1,0,0,232.02,13.73,2.907,1.304,0.912,0.7268,465.59,3841.14,230,384.11,0.898,1.159,0.027,0.133,1.608,0.241,0,0,Normal,3.51,3.09,0.5,0.0,0,None
2026-04-13 08:15:00,27.34,1,0,0,230.98,15.24,3.117,1.636,0.885,0.7792,466.37,3847.57,230,384.76,0.882,1.159,0.05,0.02,1.798,0.367,0,0,Normal,2.2,2.18,0.7,0.0,0,None
2026-04-13 08:30:00,28.27,1,0,0,232.39,16.6,3.444,1.74,0.893,0.861,467.23,3854.67,230,385.47,1.255,1.159,0.044,0.02,1.941,0.184,0,0,Normal,4.39,1.74,0.74,0.0,0,None
2026-04-13 08:45:00,27.33,1,0,0,231.51,14.56,3.035,1.468,0.9,0.7588,467.99,3860.93,230,386.09,0.752,1.159,0.043,0.02,1.911,0.309,0,0,Normal,3.01,2.15,0.92,0.0,0,None
2026-04-13 09:00:00,29.44,0,0,0,234.15,0.72,0.155,0.065,0.923,0.0388,468.03,3861.25,230,386.12,0.0,1.159,0.048,0.02,0.0,0.087,0,0,Normal,4.32,1.82,0.61,0.0,0,None
2026-04-13 09:15:00,29.7,0,0,0,230.34,1.4,0.308,0.092,0.958,0.077,468.11,3861.88,230,386.19,0.0,1.159,0.069,0.113,0.0,0.126,0,0,Normal,2.35,1.36,0.88,0.0,0,None
2026-04-13 09:30:00,28.98,0,0,0,233.23,1.82,0.377,0.193,0.89,0.0942,468.2,3862.66,230,386.27,0.0,1.159,0.043,0.128,0.0,0.206,0,0,Normal,4.41,2.12,0.7,0.0,0,None
2026-04-13 09:45:00,29.04,0,0,0,231.9,1.18,0.243,0.126,0.887,0.0608,468.26,3863.16,230,386.32,0.0,1.159,0.055,0.02,0.0,0.168,0,0,Normal,3.27,3.6,0.43,0.0,0,None
2026-04-13 10:00:00,30.95,0,0,0,230.39,1.09,0.234,0.09,0.934,0.0585,468.32,3863.65,230,386.36,0.0,1.159,0.042,0.02,0.0,0.172,0,0,Normal,2.49,2.94,0.95,0.0,0,None
2026-04-13 10:15:00,31.25,0,0,0,230.71,1.12,0.233,0.113,0.9,0.0582,468.38,3864.13,230,386.41,0.0,1.159,0.056,0.02,0.0,0.157,0,0,Normal,3.21,1.82,0.27,0.0,0,None
2026-04-13 10:30:00,31.53,0,0,0,230.63,1.11,0.239,0.093,0.932,0.0598,468.44,3864.62,230,386.46,0.0,1.159,0.041,0.02,0.0,0.178,0,0,Normal,3.2,1.97,0.65,0.0,0,None
2026-04-13 10:45:00,31.3,0,0,0,230.73,1.31,0.278,0.117,0.922,0.0695,468.51,3865.19,230,386.52,0.0,1.159,0.032,0.13,0.0,0.116,0,0,Normal,4.13,3.7,0.26,0.0,0,None
2026-04-13 11:00:00,32.28,0,0,0,229.17,1.48,0.301,0.155,0.889,0.0752,468.58,3865.81,230,386.58,0.0,1.159,0.06,0.123,0.0,0.118,0,0,Normal,4.07,2.35,0.94,0.0,0,None
2026-04-13 11:15:00,31.87,0,0,0,230.8,1.14,0.235,0.116,0.896,0.0588,468.64,3866.3,230,386.63,0.0,1.159,0.035,0.02,0.0,0.18,0,0,Normal,4.15,1.47,0.7,0.0,0,None
2026-04-13 11:30:00,31.71,0,0,0,230.92,0.77,0.163,0.07,0.919,0.0407,468.68,3866.63,230,386.66,0.0,1.159,0.052,0.02,0.0,0.091,0,0,Normal,4.22,3.44,0.52,0.0,0,None
2026-04-13 11:45:00,31.99,0,0,0,231.42,0.99,0.218,0.07,0.952,0.0545,468.74,3867.08,230,386.71,0.0,1.159,0.058,0.02,0.0,0.14,0,0,Normal,2.38,2.71,0.39,0.0,0,None
2026-04-13 12:00:00,33.4,0,0,0,229.67,0.71,0.155,0.052,0.948,0.0388,468.78,3867.4,230,386.74,0.0,1.16,0.049,0.02,0.0,0.086,0,0,Normal,4.04,3.64,0.88,0.0,0,None
2026-04-13 12:15:00,33.36,0,0,0,228.15,1.27,0.259,0.129,0.896,0.0648,468.84,3867.94,230,386.79,0.0,1.16,0.051,0.118,0.0,0.09,0,0,Normal,4.07,1.1,0.23,0.0,0,None
2026-04-13 12:30:00,32.15,0,0,0,227.15,1.34,0.268,0.142,0.884,0.067,468.91,3868.49,230,386.85,0.0,1.16,0.047,0.12,0.0,0.101,0,0,Normal,4.03,2.35,0.81,0.0,0,None
2026-04-13 12:45:00,32.8,0,0,0,227.59,1.12,0.244,0.075,0.955,0.061,468.97,3868.99,230,386.9,0.0,1.16,0.052,0.02,0.0,0.172,0,0,Normal,2.93,1.67,0.74,0.0,0,None
2026-04-13 13:00:00,34.4,0,0,0,229.85,0.98,0.213,0.071,0.948,0.0532,469.02,3869.43,230,386.94,0.0,1.16,0.069,0.02,0.0,0.124,0,0,Normal,3.46,1.18,0.69,0.0,0,None
2026-04-13 13:15:00,33.84,0,0,0,232.03,0.75,0.164,0.059,0.942,0.041,469.06,3869.77,230,386.98,0.0,1.16,0.047,0.02,0.0,0.097,0,0,Normal,2.79,1.02,0.61,0.0,0,None
2026-04-13 13:30:00,33.09,0,0,0,229.02,1.11,0.238,0.092,0.933,0.0595,469.12,3870.26,230,387.03,0.0,1.16,0.051,0.02,0.0,0.167,0,0,Normal,3.34,1.63,0.99,0.0,0,None
2026-04-13 13:45:00,34.97,0,0,0,227.32,1.59,0.333,0.143,0.919,0.0832,469.21,3870.95,230,387.09,0.0,1.16,0.046,0.115,0.0,0.172,0,0,Normal,3.27,3.69,0.62,0.0,0,None
2026-04-13 14:00:00,33.99,0,0,0,228.4,1.31,0.269,0.134,0.896,0.0672,469.27,3871.5,230,387.15,0.0,1.16,0.04,0.113,0.0,0.116,0,0,Normal,2.21,1.54,0.38,0.0,0,None
2026-04-13 14:15:00,34.19,0,0,0,229.76,1.17,0.238,0.124,0.887,0.0595,469.33,3872.0,230,387.2,0.0,1.16,0.045,0.02,0.0,0.173,0,0,Normal,2.0,2.29,0.58,0.0,0,None
2026-04-13 14:30:00,34.2,0,0,0,228.17,1.09,0.236,0.078,0.95,0.059,469.39,3872.48,230,387.25,0.0,1.16,0.057,0.02,0.0,0.159,0,0,Normal,3.23,2.47,0.51,0.0,0,None
2026-04-13 14:45:00,33.82,0,0,0,226.9,1.44,0.293,0.147,0.894,0.0733,469.46,3873.09,230,387.31,0.0,1.16,0.048,0.02,0.0,0.225,0,0,Normal,3.85,1.92,0.57,0.0,0,None
2026-04-13 15:00:00,33.43,0,0,0,225.6,1.17,0.246,0.094,0.934,0.0615,469.53,3873.59,230,387.36,0.0,1.16,0.063,0.02,0.0,0.163,0,0,Normal,3.91,3.91,0.49,0.0,0,None
2026-04-13 15:15:00,34.86,0,0,0,227.07,1.66,0.351,0.135,0.934,0.0878,469.61,3874.32,230,387.43,0.0,1.16,0.032,0.126,0.0,0.193,0,0,Normal,3.82,3.16,0.48,0.0,0,None
2026-04-13 15:30:00,34.3,0,0,0,228.06,1.27,0.271,0.101,0.936,0.0678,469.68,3874.88,230,387.49,0.0,1.16,0.057,0.117,0.0,0.097,0,0,Normal,2.56,3.59,0.64,0.0,0,None
2026-04-13 15:45:00,34.21,0,0,0,227.96,0.7,0.152,0.051,0.947,0.038,469.72,3875.19,230,387.52,0.0,1.16,0.049,0.02,0.0,0.083,0,0,Normal,4.28,2.58,0.85,0.0,0,None
2026-04-13 16:00:00,33.48,0,0,0,226.15,1.02,0.21,0.095,0.911,0.0525,469.77,3875.62,230,387.56,0.0,1.16,0.029,0.02,0.0,0.161,0,0,Normal,3.44,3.8,0.34,0.0,0,None
2026-04-13 16:15:00,32.69,0,0,0,225.57,1.08,0.23,0.078,0.947,0.0575,469.83,3876.1,230,387.61,0.0,1.16,0.047,0.02,0.0,0.163,0,0,Normal,3.89,3.94,0.33,0.0,0,None
2026-04-13 16:30:00,33.83,0,0,0,226.3,1.19,0.243,0.115,0.903,0.0608,469.89,3876.6,230,387.66,0.0,1.16,0.054,0.02,0.0,0.169,0,0,Normal,2.01,2.08,0.77,0.0,0,None
2026-04-13 16:45:00,32.77,0,0,0,226.05,1.66,0.338,0.162,0.901,0.0845,469.98,3877.3,230,387.73,0.0,1.16,0.057,0.116,0.0,0.165,0,0,Normal,4.0,1.87,0.72,0.0,0,None
2026-04-13 17:00:00,32.38,0,0,0,226.58,1.96,0.413,0.166,0.928,0.1032,470.08,3878.15,230,387.81,0.0,1.16,0.056,0.12,0.0,0.237,0,0,Normal,3.21,2.34,0.84,0.0,0,None
2026-04-13 17:15:00,31.42,0,0,0,224.92,0.79,0.157,0.082,0.886,0.0392,470.12,3878.47,230,387.85,0.0,1.16,0.048,0.02,0.0,0.089,0,0,Normal,4.41,2.81,0.72,0.0,0,None
2026-04-13 17:30:00,31.22,0,0,0,226.59,1.2,0.255,0.095,0.937,0.0638,470.18,3879.0,230,387.9,0.0,1.16,0.052,0.02,0.0,0.183,0,0,Normal,2.85,1.12,0.63,0.0,0,None
2026-04-13 17:45:00,32.4,0,0,0,226.22,0.93,0.188,0.094,0.894,0.047,470.23,3879.39,230,387.94,0.0,1.16,0.057,0.02,0.0,0.111,0,0,Normal,2.26,1.56,0.9,0.0,0,None
2026-04-13 18:00:00,30.6,1,0,1,227.91,14.47,3.05,1.257,0.925,0.7625,470.99,3885.68,230,388.57,2.39,1.16,0.342,0.02,0.0,0.298,0,0,Normal,4.12,3.18,0.6,0.0,0,None
2026-04-13 18:15:00,30.01,1,0,1,225.78,13.84,2.954,1.017,0.946,0.7385,471.73,3891.77,230,389.18,1.973,1.16,0.346,0.116,0.0,0.519,0,0,Normal,3.04,1.78,0.98,0.0,0,None
2026-04-13 18:30:00,31.27,1,0,1,224.3,16.07,3.46,1.011,0.96,0.865,472.59,3898.9,230,389.89,2.686,1.161,0.367,0.119,0.0,0.288,0,0,Normal,3.19,2.0,0.65,0.0,0,None
2026-04-13 18:45:00,32.06,1,0,1,225.89,18.22,3.95,1.159,0.96,0.9875,473.58,3907.05,230,390.71,3.056,1.161,0.356,0.02,0.0,0.518,0,0,Normal,4.0,2.73,0.45,0.0,0,None
2026-04-13 19:00:00,30.25,1,0,1,226.31,21.23,4.301,2.142,0.895,1.0752,474.66,3915.92,230,391.59,2.101,1.161,0.339,0.02,1.471,0.37,0,0,Normal,4.29,1.08,0.87,0.0,0,None
2026-04-13 19:15:00,29.42,1,0,1,227.37,22.23,4.596,2.105,0.909,1.149,475.81,3925.4,230,392.54,1.834,1.161,0.351,0.02,1.938,0.453,0,0,Normal,2.65,2.69,0.94,0.0,0,None
2026-04-13 19:30:00,29.56,1,0,1,228.77,17.87,3.777,1.567,0.924,0.9442,476.75,3933.19,230,393.32,1.784,1.161,0.364,0.02,1.207,0.402,0,0,Normal,2.73,1.41,0.99,0.0,0,None
2026-04-13 19:45:00,30.0,1,0,1,227.36,20.97,4.471,1.656,0.938,1.1178,477.87,3942.41,230,394.24,2.175,1.161,0.361,0.109,1.474,0.352,0,0,Normal,3.06,3.51,0.59,0.0,0,None
2026-04-13 20:00:00,28.56,1,0,1,225.89,20.33,4.135,1.998,0.9,1.0338,478.9,3950.94,230,395.09,1.427,1.161,0.346,0.115,1.927,0.32,0,0,Normal,4.16,1.11,0.85,0.0,0,None
2026-04-13 20:15:00,27.83,1,0,1,227.52,17.38,3.573,1.696,0.903,0.8932,479.8,3958.31,230,395.83,1.01,1.161,0.348,0.02,1.891,0.304,0,0,Normal,3.88,2.43,0.44,0.0,0,None
2026-04-13 20:30:00,28.02,1,0,1,227.75,18.12,3.681,1.867,0.892,0.9202,480.72,3965.9,230,396.59,1.054,1.161,0.366,0.02,1.707,0.534,0,0,Normal,4.45,1.41,0.88,0.0,0,None
2026-04-13 20:45:00,28.15,1,0,1,228.06,18.53,3.841,1.764,0.909,0.9602,481.68,3973.82,230,397.38,1.338,1.161,0.366,0.02,1.697,0.42,0,0,Normal,2.19,3.34,0.92,0.0,0,None
2026-04-13 21:00:00,26.72,1,0,1,228.1,15.99,3.234,1.684,0.887,0.8085,482.48,3980.5,230,398.05,0.57,1.161,0.348,0.02,1.952,0.344,0,0,Normal,2.41,3.03,0.47,0.0,0,None
2026-04-13 21:15:00,26.38,1,0,1,226.27,14.94,3.179,1.152,0.94,0.7948,483.28,3987.05,230,398.71,0.51,1.161,0.339,0.121,1.928,0.281,0,0,Normal,2.23,2.31,0.52,0.0,0,None
2026-04-13 21:30:00,26.39,1,0,1,228.22,11.69,2.552,0.776,0.957,0.638,483.92,3992.32,230,399.23,0.317,1.161,0.353,0.12,1.545,0.217,0,0,Normal,2.77,3.4,0.29,0.0,0,None
2026-04-13 21:45:00,27.14,1,0,1,227.55,13.97,3.016,1.007,0.949,0.754,484.67,3998.54,230,399.85,0.779,1.161,0.354,0.02,1.423,0.44,0,0,Normal,3.39,1.52,0.44,0.0,0,None
2026-04-13 22:00:00,25.6,1,0,1,229.59,3.85,0.834,0.291,0.944,0.2085,484.88,4000.26,230,400.03,0.076,1.161,0.349,0.02,0.0,0.389,0,0,Normal,2.73,2.43,0.27,0.0,0,None
2026-04-13 22:15:00,25.24,1,0,1,229.37,3.67,0.78,0.314,0.928,0.195,485.07,4001.86,230,400.19,0.0,1.161,0.349,0.02,0.0,0.411,0,0,Normal,3.64,2.35,0.76,0.0,0,None
2026-04-13 22:30:00,25.86,1,0,1,229.26,3.3,0.709,0.262,0.938,0.1772,485.25,4003.33,230,400.33,0.092,1.161,0.376,0.02,0.0,0.221,0,0,Normal,3.44,2.81,0.34,0.0,0,None
2026-04-13 22:45:00,24.81,1,0,1,229.12,4.4,0.932,0.385,0.924,0.233,485.48,4005.25,230,400.52,0.0,1.161,0.352,0.12,0.0,0.46,0,0,Normal,3.13,3.91,0.84,0.0,0,None
2026-04-13 23:00:00,24.57,1,0,1,229.31,3.97,0.848,0.33,0.932,0.212,485.7,4007.0,230,400.7,0.0,1.161,0.351,0.117,0.0,0.38,0,0,Normal,3.29,2.43,0.55,0.0,0,None
2026-04-13 23:15:00,24.03,1,0,1,227.63,2.89,0.604,0.263,0.917,0.151,485.85,4008.24,230,400.82,0.0,1.161,0.359,0.02,0.0,0.225,0,0,Normal,3.97,1.52,0.68,0.0,0,None
2026-04-13 23:30:00,25.39,1,0,1,229.17,3.19,0.7,0.21,0.958,0.175,486.02,4009.69,230,400.97,0.0,1.161,0.357,0.02,0.0,0.323,0,0,Normal,2.85,3.4,0.57,0.0,0,None
2026-04-13 23:45:00,23.16,1,0,1,228.56,3.4,0.704,0.331,0.905,0.176,486.2,4011.14,230,401.11,0.0,1.161,0.361,0.02,0.0,0.323,0,0,Normal,4.1,3.56,0.89,0.0,0,None
2026-04-14 00:00:00,22.46,1,0,0,230.74,3.86,0.787,0.415,0.885,0.1967,486.4,4012.76,230,401.28,0.0,1.161,0.356,0.02,0.0,0.411,0,0,Normal,2.71,3.7,0.42,0.0,0,None
2026-04-14 00:15:00,23.01,1,0,0,231.2,3.38,0.702,0.346,0.897,0.1755,486.57,4014.21,230,401.42,0.0,1.161,0.323,0.126,0.0,0.253,0,0,Normal,3.5,2.48,0.91,0.0,0,None
2026-04-14 00:30:00,23.0,1,0,0,229.92,3.19,0.662,0.317,0.902,0.1655,486.74,4015.58,230,401.56,0.0,1.161,0.339,0.119,0.0,0.204,0,0,Normal,3.01,1.64,0.35,0.0,0,None
2026-04-14 00:45:00,23.78,1,0,0,231.79,3.42,0.736,0.292,0.929,0.184,486.92,4017.09,230,401.71,0.0,1.161,0.351,0.02,0.0,0.365,0,0,Normal,3.9,3.54,0.35,0.0,0,None
2026-04-14 01:00:00,21.87,1,0,0,231.6,4.01,0.857,0.36,0.922,0.2142,487.13,4018.86,230,401.89,0.0,1.162,0.351,0.02,0.0,0.486,0,0,Normal,4.11,1.75,0.63,0.0,0,None
2026-04-14 01:15:00,22.66,1,0,0,232.17,3.32,0.699,0.323,0.908,0.1748,487.31,4020.3,230,402.03,0.0,1.162,0.342,0.02,0.0,0.337,0,0,Normal,4.46,1.25,0.55,0.0,0,None
2026-04-14 01:30:00,22.79,1,0,0,231.01,4.17,0.854,0.446,0.886,0.2135,487.52,4022.06,230,402.21,0.0,1.162,0.349,0.02,0.0,0.485,0,0,Normal,3.48,2.09,0.35,0.0,0,None
2026-04-14 01:45:00,22.56,1,0,0,230.86,3.63,0.795,0.269,0.947,0.1987,487.72,4023.7,230,402.37,0.0,1.162,0.35,0.113,0.0,0.332,0,0,Normal,2.38,3.71,0.93,0.0,0,None
2026-04-14 02:00:00,21.52,1,0,0,232.13,4.07,0.898,0.296,0.95,0.2245,487.95,4025.56,230,402.56,0.0,1.162,0.37,0.124,0.0,0.404,0,0,Normal,2.3,2.35,0.89,0.0,0,None
2026-04-14 02:15:00,22.7,1,0,0,232.78,3.74,0.79,0.368,0.906,0.1975,488.14,4027.19,230,402.72,0.0,1.162,0.346,0.02,0.0,0.424,0,0,Normal,2.68,3.24,0.21,0.0,0,None
2026-04-14 02:30:00,22.61,1,0,0,232.7,3.26,0.692,0.311,0.912,0.173,488.32,4028.61,230,402.86,0.0,1.162,0.356,0.02,0.0,0.316,0,0,Normal,4.29,3.59,0.74,0.0,0,None
2026-04-14 02:45:00,22.3,1,0,0,233.01,3.42,0.736,0.307,0.923,0.184,488.5,4030.13,230,403.01,0.0,1.162,0.331,0.02,0.0,0.385,0,0,Normal,2.19,3.31,0.21,0.0,0,None
2026-04-14 03:00:00,22.31,1,0,0,232.5,3.35,0.735,0.259,0.943,0.1838,488.68,4031.65,230,403.16,0.0,1.162,0.363,0.02,0.0,0.352,0,0,Normal,4.38,3.71,0.63,0.0,0,None
2026-04-14 03:15:00,22.32,1,0,0,232.12,3.51,0.779,0.242,0.955,0.1948,488.88,4033.25,230,403.33,0.0,1.162,0.336,0.12,0.0,0.323,0,0,Normal,4.27,3.67,0.99,0.0,0,None
2026-04-14 03:30:00,22.17,1,0,0,234.92,4.21,0.891,0.427,0.902,0.2228,489.1,4035.09,230,403.51,0.0,1.162,0.368,0.111,0.0,0.412,0,0,Normal,3.19,1.2,0.66,0.0,0,None
2026-04-14 03:45:00,22.52,1,0,0,232.67,4.26,0.913,0.384,0.922,0.2282,489.33,4036.97,230,403.7,0.0,1.162,0.366,0.02,0.0,0.527,0,0,Normal,4.42,3.36,0.72,0.0,0,None
2026-04-14 04:00:00,22.82,1,0,0,235.3,3.09,0.676,0.265,0.931,0.169,489.5,4038.37,230,403.84,0.0,1.162,0.353,0.02,0.0,0.303,0,0,Normal,2.76,3.34,0.66,0.0,0,None
2026-04-14 04:15:00,22.38,1,0,0,232.9,2.99,0.668,0.195,0.96,0.167,489.67,4039.75,230,403.97,0.0,1.162,0.35,0.02,0.0,0.298,0,0,Normal,2.35,1.24,0.9,0.0,0,None
2026-04-14 04:30:00,22.28,1,0,0,232.65,2.83,0.586,0.299,0.891,0.1465,489.81,4040.96,230,404.1,0.0,1.162,0.35,0.02,0.0,0.216,0,0,Normal,2.89,3.93,0.24,0.0,0,None
2026-04-14 04:45:00,22.43,1,0,0,234.29,4.4,0.954,0.389,0.926,0.2385,490.05,4042.92,230,404.29,0.0,1.162,0.353,0.113,0.0,0.488,0,0,Normal,2.29,3.17,0.83,0.0,0,None
2026-04-14 05:00:00,23.87,1,0,0,231.85,3.43,0.751,0.259,0.945,0.1877,490.24,4044.47,230,404.45,0.0,1.162,0.344,0.123,0.0,0.284,0,0,Normal,3.56,1.22,0.51,0.0,0,None
2026-04-14 05:15:00,23.74,1,0,0,233.98,3.61,0.759,0.372,0.898,0.1898,490.43,4046.04,230,404.6,0.0,1.162,0.353,0.02,0.0,0.386,0,0,Normal,4.22,3.33,0.47,0.0,0,None
2026-04-14 05:30:00,23.87,1,0,0,232.99,3.33,0.708,0.319,0.912,0.177,490.61,4047.5,230,404.75,0.0,1.162,0.353,0.02,0.0,0.335,0,0,Normal,2.15,1.97,0.77,0.0,0,None
2026-04-14 05:45:00,24.01,1,0,0,234.62,3.7,0.79,0.357,0.911,0.1975,490.8,4049.13,230,404.91,0.0,1.162,0.35,0.02,0.0,0.42,0,0,Normal,3.1,1.72,0.5,0.0,0,None
2026-04-14 06:00:00,24.69,1,0,0,232.58,11.91,2.601,0.951,0.939,0.6502,491.45,4054.49,230,405.45,0.0,1.162,0.353,0.02,1.876,0.352,0,0,Normal,3.39,2.89,0.78,0.0,0,None
2026-04-14 06:15:00,25.73,1,0,0,234.24,12.12,2.525,1.299,0.889,0.6312,492.08,4059.7,230,405.97,0.14,1.162,0.361,0.12,1.493,0.411,0,0,Normal,2.45,1.12,0.64,0.0,0,None
2026-04-14 06:30:00,24.87,1,0,0,232.79,10.44,2.291,0.812,0.943,0.5728,492.66,4064.42,230,406.44,0.0,1.162,0.376,0.124,1.492,0.299,0,0,Normal,4.05,3.23,0.99,0.0,0,None
2026-04-14 06:45:00,24.78,1,0,0,234.37,10.69,2.269,1.063,0.906,0.5672,493.22,4069.1,230,406.91,0.0,1.162,0.336,0.02,1.515,0.398,0,0,Normal,3.7,3.2,0.36,0.0,0,None
2026-04-14 07:00:00,26.69,1,0,0,235.47,12.88,2.74,1.3,0.903,0.685,493.91,4074.76,230,407.48,0.524,1.162,0.052,0.02,1.675,0.469,0,0,Normal,2.38,2.59,0.97,0.0,0,None
2026-04-14 07:15:00,25.53,1,0,0,234.02,9.05,1.91,0.915,0.902,0.4775,494.39,4078.69,230,407.87,0.0,1.162,0.056,0.02,1.308,0.526,0,0,Normal,2.46,3.72,0.37,0.0,0,None
2026-04-14 07:30:00,26.05,1,0,0,232.67,9.92,2.138,0.871,0.926,0.5345,494.92,4083.1,230,408.31,0.323,1.163,0.053,0.02,1.467,0.275,0,0,Normal,2.41,2.05,0.4,0.0,0,None
2026-04-14 07:45:00,26.94,1,0,0,236.01,12.86,2.674,1.434,0.881,0.6685,495.59,4088.62,230,408.86,0.687,1.163,0.056,0.124,1.496,0.311,0,0,Normal,4.27,3.2,0.79,0.0,0,None
2026-04-14 08:00:00,27.13,1,0,0,231.22,12.52,2.668,1.123,0.922,0.667,496.26,4094.12,230,409.41,0.819,1.163,0.034,0.125,1.272,0.418,0,0,Normal,2.38,2.56,0.26,0.0,0,None
2026-04-14 08:15:00,28.56,1,0,0,233.26,15.1,3.234,1.397,0.918,0.8085,497.07,4100.79,230,410.08,1.408,1.163,0.038,0.02,1.388,0.38,0,0,Normal,3.92,1.39,0.62,0.0,0,None
2026-04-14 08:30:00,28.76,1,0,0,234.09,18.66,4.038,1.665,0.924,1.0095,498.08,4109.12,230,410.91,1.6,1.163,0.05,0.02,1.914,0.454,0,0,Normal,2.87,1.57,0.51,0.0,0,None
2026-04-14 08:45:00,27.82,1,0,0,231.69,12.51,2.674,1.12,0.922,0.6685,498.74,4114.64,230,411.46,0.938,1.163,0.049,0.02,1.273,0.394,0,0,Normal,2.87,3.98,0.21,0.0,0,None
2026-04-14 09:00:00,29.7,0,0,0,234.03,0.82,0.18,0.067,0.937,0.045,498.79,4115.01,230,411.5,0.0,1.163,0.067,0.02,0.0,0.093,0,0,Normal,4.3,2.83,0.39,0.0,0,None
2026-04-14 09:15:00,30.11,0,0,0,232.78,1.16,0.254,0.09,0.942,0.0635,498.85,4115.53,230,411.55,0.0,1.163,0.045,0.12,0.0,0.089,0,0,Normal,3.88,1.65,0.54,0.0,0,None
2026-04-14 09:30:00,29.32,0,0,0,231.9,1.36,0.295,0.114,0.933,0.0738,498.93,4116.14,230,411.61,0.0,1.163,0.049,0.125,0.0,0.121,0,0,Normal,3.69,1.33,0.84,0.0,0,None
2026-04-14 09:45:00,29.99,0,0,0,231.99,0.84,0.174,0.09,0.889,0.0435,498.97,4116.5,230,411.65,0.0,1.163,0.063,0.02,0.0,0.091,0,0,Normal,2.91,3.27,0.97,0.0,0,None
2026-04-14 10:00:00,30.66,0,0,0,233.14,1.3,0.273,0.132,0.9,0.0682,499.04,4117.06,230,411.71,0.0,1.163,0.037,0.02,0.0,0.216,0,0,Normal,4.47,2.08,0.64,0.0,0,None
2026-04-14 10:15:00,30.76,0,0,0,233.85,1.24,0.255,0.136,0.882,0.0638,499.1,4117.59,230,411.76,0.0,1.163,0.058,0.02,0.0,0.177,0,0,Normal,2.88,1.4,0.31,0.0,0,None
2026-04-14 10:30:00,30.6,0,0,0,231.73,0.99,0.216,0.079,0.939,0.054,499.16,4118.03,230,411.8,0.0,1.163,0.035,0.02,0.0,0.161,0,0,Normal,2.0,3.7,0.24,0.0,0,None
2026-04-14 10:45:00,31.17,0,0,0,230.42,1.26,0.264,0.119,0.911,0.066,499.22,4118.58,230,411.86,0.0,1.163,0.05,0.122,0.0,0.092,0,0,Normal,2.16,2.87,0.95,0.0,0,None
2026-04-14 11:00:00,32.82,0,0,0,231.96,1.51,0.32,0.143,0.913,0.08,499.3,4119.24,230,411.92,0.0,1.163,0.052,0.123,0.0,0.145,0,0,Normal,4.48,3.31,0.53,0.0,0,None
2026-04-14 11:15:00,32.15,0,0,0,228.85,1.21,0.248,0.122,0.897,0.062,499.36,4119.75,230,411.97,0.0,1.163,0.039,0.02,0.0,0.189,0,0,Normal,3.63,2.05,0.93,0.0,0,None
2026-04-14 11:30:00,31.61,0,0,0,231.68,1.4,0.303,0.118,0.931,0.0758,499.44,4120.37,230,412.04,0.0,1.163,0.065,0.02,0.0,0.218,0,0,Normal,2.65,1.03,0.25,0.0,0,None
2026-04-14 11:45:00,31.7,0,0,0,231.07,0.97,0.2,0.102,0.891,0.05,499.49,4120.79,230,412.08,0.0,1.163,0.054,0.02,0.0,0.126,0,0,Normal,3.06,3.81,0.44,0.0,0,None
2026-04-14 12:00:00,33.39,0,0,0,229.56,1.11,0.237,0.091,0.934,0.0592,499.55,4121.28,230,412.13,0.0,1.163,0.046,0.02,0.0,0.171,0,0,Normal,4.11,1.71,0.28,0.0,0,None
2026-04-14 12:15:00,34.12,0,0,0,229.93,1.75,0.375,0.145,0.933,0.0938,499.64,4122.05,230,412.2,0.0,1.163,0.051,0.125,0.0,0.199,0,0,Normal,3.88,2.51,0.98,0.0,0,None
2026-04-14 12:30:00,33.39,0,0,0,229.09,2.06,0.42,0.216,0.889,0.105,499.75,4122.91,230,412.29,0.0,1.163,0.061,0.125,0.0,0.234,0,0,Normal,2.77,1.46,0.73,0.0,0,None
2026-04-14 12:45:00,33.0,0,0,0,230.8,1.07,0.229,0.091,0.93,0.0572,499.8,4123.39,230,412.34,0.0,1.163,0.031,0.02,0.0,0.178,0,0,Normal,4.24,3.75,0.54,0.0,0,None
2026-04-14 13:00:00,34.18,0,0,0,228.45,1.07,0.23,0.085,0.938,0.0575,499.86,4123.86,230,412.39,0.0,1.163,0.059,0.02,0.0,0.151,0,0,Normal,3.46,2.59,0.33,0.0,0,None
2026-04-14 13:15:00,33.68,0,0,0,230.33,1.01,0.213,0.091,0.919,0.0532,499.92,4124.3,230,412.43,0.0,1.163,0.049,0.02,0.0,0.144,0,0,Normal,4.1,3.13,0.92,0.0,0,None
2026-04-14 13:30:00,33.61,0,0,0,229.21,1.32,0.276,0.126,0.91,0.069,499.98,4124.87,230,412.49,0.0,1.163,0.054,0.02,0.0,0.202,0,0,Normal,4.48,1.16,0.73,0.0,0,None
2026-04-14 13:45:00,33.32,0,0,0,227.56,1.8,0.382,0.151,0.93,0.0955,500.08,4600.73,260,460.07,0.0,1.163,0.054,0.122,0.0,0.206,0,0,Normal,3.69,3.51,0.55,0.0,0,None
2026-04-14 14:00:00,34.7,0,0,0,227.37,1.46,0.314,0.109,0.944,0.0785,500.16,4601.46,260,460.15,0.0,1.164,0.03,0.115,0.0,0.169,0,0,Normal,2.61,2.94,0.47,0.0,0,None
2026-04-14 14:15:00,32.73,0,0,0,228.03,1.09,0.239,0.072,0.958,0.0598,500.22,4602.01,260,460.2,0.0,1.164,0.058,0.02,0.0,0.161,0,0,Normal,3.78,2.14,0.8,0.0,0,None
2026-04-14 14:30:00,34.4,0,0,0,229.66,0.98,0.208,0.088,0.921,0.052,500.27,4602.48,260,460.25,0.0,1.164,0.053,0.02,0.0,0.135,0,0,Normal,2.81,1.31,0.95,0.0,0,None
2026-04-14 14:45:00,33.77,0,0,0,227.59,0.94,0.198,0.084,0.921,0.0495,500.32,4602.94,260,460.29,0.0,1.164,0.077,0.02,0.0,0.101,0,0,Normal,3.55,2.55,0.35,0.0,0,None
2026-04-14 15:00:00,33.59,0,0,0,226.68,1.62,0.33,0.162,0.898,0.0825,500.4,4603.7,260,460.37,0.0,1.164,0.061,0.02,0.0,0.249,0,0,Normal,2.92,2.08,0.81,0.0,0,None
2026-04-14 15:15:00,34.64,0,0,0,226.19,1.94,0.415,0.145,0.944,0.1038,500.51,4604.65,260,460.47,0.0,1.164,0.055,0.12,0.0,0.24,0,0,Normal,4.12,1.09,0.68,0.0,0,None
2026-04-14 15:30:00,33.44,0,0,0,225.47,1.39,0.291,0.116,0.929,0.0728,500.58,4605.32,260,460.53,0.0,1.164,0.054,0.115,0.0,0.122,0,0,Normal,2.66,1.14,0.68,0.0,0,None
2026-04-14 15:45:00,33.46,0,0,0,228.14,1.33,0.272,0.136,0.894,0.068,500.65,4605.95,260,460.59,0.0,1.164,0.051,0.02,0.0,0.201,0,0,Normal,3.98,3.29,0.89,0.0,0,None
2026-04-14 16:00:00,33.13,0,0,0,225.95,1.28,0.268,0.108,0.927,0.067,500.71,4606.56,260,460.66,0.0,1.164,0.054,0.02,0.0,0.194,0,0,Normal,3.42,2.66,0.77,0.0,0,None
2026-04-14 16:15:00,33.4,0,0,0,226.32,1.42,0.301,0.113,0.936,0.0752,500.79,4607.26,260,460.73,0.0,1.164,0.057,0.02,0.0,0.224,0,0,Normal,4.46,3.95,0.38,0.0,0,None
2026-04-14 16:30:00,32.98,0,0,0,226.16,1.01,0.215,0.08,0.937,0.0538,500.84,4607.75,260,460.78,0.0,1.164,0.034,0.02,0.0,0.161,0,0,Normal,3.78,3.41,0.53,0.0,0,None
2026-04-14 16:45:00,32.41,0,0,0,223.69,1.97,0.417,0.145,0.945,0.1042,500.95,4608.71,260,460.87,0.0,1.164,0.037,0.132,0.0,0.248,0,0,Normal,3.79,1.88,0.47,0.0,0,None
2026-04-14 17:00:00,31.81,0,0,0,225.33,1.32,0.278,0.107,0.934,0.0695,501.02,4609.35,260,460.93,0.0,1.164,0.056,0.128,0.0,0.094,0,0,Normal,2.96,1.75,0.59,0.0,0,None
2026-04-14 17:15:00,32.88,0,0,0,225.28,1.46,0.309,0.114,0.938,0.0772,501.09,4610.06,260,461.01,0.0,1.164,0.046,0.02,0.0,0.243,0,0,Normal,4.19,3.85,0.76,0.0,0,None
2026-04-14 17:30:00,32.28,0,0,0,225.68,0.85,0.17,0.091,0.882,0.0425,501.14,4610.45,260,461.05,0.0,1.164,0.041,0.02,0.0,0.109,0,0,Normal,4.34,1.25,0.95,0.0,0,None
2026-04-14 17:45:00,32.47,0,0,0,227.01,1.17,0.24,0.113,0.905,0.06,501.2,4611.0,260,461.1,0.0,1.164,0.045,0.02,0.0,0.175,0,0,Normal,3.33,2.61,0.61,0.0,0,None
2026-04-14 18:00:00,30.87,1,0,1,225.52,15.07,3.199,1.145,0.942,0.7998,502.0,4618.36,260,461.84,2.479,1.164,0.354,0.02,0.0,0.346,0,0,Normal,4.01,2.11,0.59,0.0,0,None
2026-04-14 18:15:00,30.67,1,0,1,226.13,15.06,3.17,1.245,0.931,0.7925,502.79,4625.65,260,462.57,2.344,1.164,0.336,0.118,0.0,0.372,0,0,Normal,3.87,1.43,0.36,0.0,0,None
2026-04-14 18:30:00,31.84,1,0,1,225.92,18.25,3.957,1.155,0.96,0.9892,503.78,4634.75,260,463.48,2.962,1.164,0.357,0.126,0.0,0.512,0,0,Normal,3.54,1.83,0.59,0.0,0,None
2026-04-14 18:45:00,30.91,1,0,1,224.28,16.28,3.407,1.31,0.933,0.8518,504.63,4642.59,260,464.26,2.578,1.164,0.345,0.02,0.0,0.464,0,0,Normal,2.3,2.49,0.89,0.0,0,None
2026-04-14 19:00:00,29.33,1,0,1,225.54,20.8,4.325,1.818,0.922,1.0812,505.71,4652.54,260,465.25,1.811,1.164,0.354,0.02,1.838,0.302,0,0,Normal,2.37,3.71,0.49,0.0,0,None
2026-04-14 19:15:00,30.1,1,0,1,225.49,23.19,4.789,2.101,0.916,1.1972,506.91,4663.55,260,466.36,2.173,1.164,0.353,0.02,1.799,0.444,0,0,Normal,2.73,1.07,0.42,0.0,0,None
2026-04-14 19:30:00,29.19,1,0,1,227.37,20.29,4.366,1.49,0.946,1.0915,508.0,4673.59,260,467.36,1.832,1.164,0.358,0.02,1.8,0.356,0,0,Normal,3.17,3.06,0.35,0.0,0,None
2026-04-14 19:45:00,29.26,1,0,1,226.65,21.53,4.434,2.038,0.909,1.1085,509.11,4683.79,260,468.38,1.758,1.164,0.354,0.124,1.792,0.406,0,0,Normal,2.93,2.54,0.74,0.0,0,None
2026-04-14 20:00:00,28.01,1,0,1,226.16,17.03,3.532,1.536,0.917,0.883,509.99,4691.91,260,469.19,1.165,1.164,0.355,0.119,1.616,0.277,0,0,Normal,4.28,3.72,0.25,0.0,0,None
2026-04-14 20:15:00,28.0,1,0,1,226.27,16.83,3.443,1.629,0.904,0.8607,510.85,4699.83,260,469.98,1.191,1.164,0.354,0.02,1.482,0.396,0,0,Normal,2.71,2.85,0.42,0.0,0,None
2026-04-14 20:30:00,28.13,1,0,1,227.19,19.11,3.909,1.887,0.901,0.9772,511.83,4708.82,260,470.88,1.199,1.164,0.34,0.02,1.944,0.406,0,0,Normal,2.75,3.67,0.4,0.0,0,None
2026-04-14 20:45:00,29.05,1,0,1,227.57,19.89,4.278,1.477,0.945,1.0695,512.9,4718.66,260,471.87,1.684,1.165,0.35,0.02,1.834,0.39,0,0,Normal,2.73,1.68,0.71,0.0,0,None
2026-04-14 21:00:00,26.62,1,0,1,227.21,15.78,3.229,1.561,0.9,0.8072,513.71,4726.09,260,472.61,0.645,1.165,0.353,0.02,1.808,0.403,0,0,Normal,3.19,3.96,0.97,0.0,0,None
2026-04-14 21:15:00,25.26,1,0,1,224.65,10.38,2.188,0.807,0.938,0.547,514.25,4731.12,260,473.11,0.0,1.165,0.363,0.115,1.331,0.379,0,0,Normal,2.34,2.61,0.76,0.0,0,None
2026-04-14 21:30:00,26.61,1,0,1,228.27,12.83,2.806,0.838,0.958,0.7015,514.95,4737.58,260,473.76,0.541,1.165,0.351,0.122,1.284,0.508,0,0,Normal,3.42,2.49,0.47,0.0,0,None
2026-04-14 21:45:00,26.47,1,0,1,228.27,13.07,2.799,1.03,0.938,0.6998,515.65,4744.01,260,474.4,0.4,1.165,0.369,0.02,1.671,0.339,0,0,Normal,4.0,3.06,0.85,0.0,0,None
2026-04-14 22:00:00,25.02,1,0,1,228.63,2.99,0.641,0.239,0.937,0.1602,515.81,4745.49,260,474.55,0.0,1.165,0.353,0.02,0.0,0.268,0,0,Normal,3.45,3.6,0.42,0.0,0,None
2026-04-14 22:15:00,25.12,1,0,1,227.64,3.45,0.749,0.238,0.953,0.1872,516.0,4747.21,260,474.72,0.0,1.165,0.347,0.02,0.0,0.382,0,0,Normal,2.25,3.95,0.38,0.0,0,None
2026-04-14 22:30:00,24.99,1,0,1,227.69,2.8,0.611,0.183,0.958,0.1528,516.15,4748.62,260,474.86,0.0,1.165,0.352,0.02,0.0,0.239,0,0,Normal,2.37,3.37,0.81,0.0,0,None
2026-04-14 22:45:00,24.97,1,0,1,227.18,3.64,0.772,0.294,0.935,0.193,516.35,4750.39,260,475.04,0.0,1.165,0.335,0.116,0.0,0.321,0,0,Normal,3.45,1.92,0.58,0.0,0,None
2026-04-14 23:00:00,24.06,1,0,1,227.12,3.55,0.765,0.257,0.948,0.1912,516.54,4752.15,260,475.22,0.0,1.165,0.337,0.119,0.0,0.309,0,0,Normal,4.17,1.32,0.98,0.0,0,None
2026-04-14 23:15:00,23.49,1,0,1,229.01,3.17,0.647,0.328,0.892,0.1618,516.7,4753.64,260,475.36,0.0,1.165,0.348,0.02,0.0,0.279,0,0,Normal,3.16,3.38,0.26,0.0,0,None
2026-04-14 23:30:00,23.28,1,0,1,229.13,3.73,0.793,0.317,0.929,0.1982,516.9,4755.46,260,475.55,0.0,1.165,0.364,0.02,0.0,0.409,0,0,Normal,3.4,2.87,0.51,0.0,0,None
2026-04-14 23:45:00,25.27,1,0,1,230.88,2.5,0.55,0.173,0.954,0.1375,517.04,4756.73,260,475.67,0.0,1.165,0.34,0.02,0.0,0.19,0,0,Normal,2.53,1.89,0.32,0.0,0,None
2026-04-15 00:00:00,22.45,1,0,0,229.13,3.65,0.741,0.387,0.887,0.1853,517.22,4758.43,260,475.84,0.0,1.165,0.38,0.02,0.0,0.341,0,0,Normal,3.4,3.86,0.99,0.0,0,None
2026-04-15 00:15:00,22.85,1,0,0,231.26,4.24,0.884,0.426,0.901,0.221,517.44,4760.47,260,476.05,0.0,1.165,0.346,0.123,0.0,0.415,0,0,Normal,2.4,2.72,0.75,0.0,0,None
2026-04-15 00:30:00,22.06,1,0,0,230.94,4.33,0.946,0.324,0.946,0.2365,517.68,4762.64,260,476.26,0.0,1.165,0.366,0.122,0.0,0.458,0,0,Normal,3.86,1.63,0.98,0.0,0,None
2026-04-15 00:45:00,22.86,1,0,0,233.07,3.56,0.769,0.312,0.927,0.1922,517.87,4764.41,260,476.44,0.0,1.165,0.353,0.02,0.0,0.396,0,0,Normal,2.71,1.12,0.26,0.0,0,None
2026-04-15 01:00:00,21.74,1,0,0,232.4,3.28,0.716,0.263,0.939,0.179,518.05,4766.06,260,476.61,0.0,1.165,0.354,0.02,0.0,0.342,0,0,Normal,4.24,1.72,0.26,0.0,0,None
2026-04-15 01:15:00,21.98,1,0,0,230.02,3.5,0.727,0.345,0.903,0.1818,518.23,4767.73,260,476.77,0.0,1.165,0.348,0.02,0.0,0.359,0,0,Normal,2.45,2.58,0.98,0.0,0,None
2026-04-15 01:30:00,22.73,1,0,0,231.22,3.04,0.648,0.271,0.923,0.162,518.39,4769.22,260,476.92,0.0,1.165,0.355,0.02,0.0,0.273,0,0,Normal,4.09,1.03,0.84,0.0,0,None
2026-04-15 01:45:00,22.44,1,0,0,232.25,4.4,0.915,0.454,0.896,0.2288,518.62,4771.32,260,477.13,0.0,1.165,0.357,0.122,0.0,0.436,0,0,Normal,3.82,2.23,0.41,0.0,0,None
2026-04-15 02:00:00,22.28,1,0,0,231.24,3.62,0.784,0.291,0.937,0.196,518.82,4773.13,260,477.31,0.0,1.165,0.349,0.122,0.0,0.313,0,0,Normal,2.52,3.04,0.52,0.0,0,None
2026-04-15 02:15:00,21.11,1,0,0,233.88,3.04,0.643,0.306,0.903,0.1608,518.98,4774.61,260,477.46,0.0,1.165,0.346,0.02,0.0,0.277,0,0,Normal,2.04,3.74,0.95,0.0,0,None
2026-04-15 02:30:00,22.92,1,0,0,233.75,3.14,0.675,0.29,0.919,0.1688,519.15,4776.16,260,477.62,0.0,1.165,0.347,0.02,0.0,0.308,0,0,Normal,3.63,1.39,0.54,0.0,0,None
2026-04-15 02:45:00,21.4,1,0,0,233.36,3.23,0.72,0.22,0.956,0.18,519.33,4777.82,260,477.78,0.0,1.165,0.354,0.02,0.0,0.346,0,0,Normal,2.68,3.87,0.3,0.0,0,None
2026-04-15 03:00:00,22.97,1,0,0,232.39,2.96,0.648,0.228,0.943,0.162,519.49,4779.31,260,477.93,0.0,1.165,0.358,0.02,0.0,0.27,0,0,Normal,4.16,2.36,0.65,0.0,0,None
2026-04-15 03:15:00,22.72,1,0,0,232.49,3.43,0.737,0.306,0.924,0.1843,519.67,4781.0,260,478.1,0.0,1.166,0.334,0.122,0.0,0.281,0,0,Normal,4.04,2.04,0.88,0.0,0,None
2026-04-15 03:30:00,22.49,1,0,0,234.12,4.28,0.956,0.297,0.955,0.239,519.91,4783.2,260,478.32,0.0,1.166,0.372,0.12,0.0,0.464,0,0,Normal,3.59,1.99,0.71,0.0,0,None
2026-04-15 03:45:00,21.78,1,0,0,234.01,3.58,0.775,0.318,0.925,0.1938,520.11,4784.98,260,478.5,0.0,1.166,0.338,0.02,0.0,0.417,0,0,Normal,3.0,3.36,0.76,0.0,0,None
2026-04-15 04:00:00,22.88,1,0,0,235.89,2.85,0.625,0.249,0.929,0.1562,520.26,4786.42,260,478.64,0.0,1.166,0.343,0.02,0.0,0.262,0,0,Normal,3.12,3.09,0.73,0.0,0,None
2026-04-15 04:15:00,22.57,1,0,0,233.14,3.34,0.734,0.257,0.944,0.1835,520.45,4788.11,260,478.81,0.0,1.166,0.338,0.02,0.0,0.376,0,0,Normal,3.44,3.28,0.28,0.0,0,None
2026-04-15 04:30:00,22.82,1,0,0,234.86,2.89,0.605,0.307,0.892,0.1512,520.6,4789.5,260,478.95,0.0,1.166,0.344,0.02,0.0,0.241,0,0,Normal,2.99,1.16,0.61,0.0,0,None
2026-04-15 04:45:00,22.68,1,0,0,233.83,4.79,0.987,0.528,0.882,0.2468,520.84,4791.77,260,479.18,0.0,1.166,0.376,0.122,0.0,0.489,0,0,Normal,3.48,2.87,0.25,0.0,0,None
2026-04-15 05:00:00,22.74,1,0,0,234.2,3.53,0.752,0.342,0.91,0.188,521.03,4793.5,260,479.35,0.0,1.166,0.327,0.12,0.0,0.305,0,0,Normal,2.39,3.54,0.36,0.0,0,None
2026-04-15 05:15:00,24.32,1,0,0,233.89,3.12,0.66,0.309,0.906,0.165,521.2,4795.02,260,479.5,0.0,1.166,0.345,0.02,0.0,0.295,0,0,Normal,3.74,3.19,0.94,0.0,0,None
2026-04-15 05:30:00,23.72,1,0,0,232.9,2.84,0.62,0.227,0.939,0.155,521.35,4796.44,260,479.64,0.0,1.166,0.346,0.02,0.0,0.254,0,0,Normal,4.01,1.21,0.28,0.0,0,None
2026-04-15 05:45:00,23.51,1,0,0,233.79,2.93,0.614,0.305,0.896,0.1535,521.51,4797.86,260,479.79,0.0,1.166,0.343,0.02,0.0,0.251,0,0,Normal,2.45,2.78,0.77,0.0,0,None
2026-04-15 06:00:00,24.72,1,0,0,235.07,9.93,2.128,0.961,0.911,0.532,522.04,4802.75,260,480.27,0.0,1.166,0.366,0.02,1.399,0.343,0,0,Normal,3.26,2.02,0.97,0.0,0,None
2026-04-15 06:15:00,25.18,1,0,0,235.22,13.22,2.738,1.475,0.88,0.6845,522.72,4809.05,260,480.9,0.0,1.166,0.351,0.119,1.953,0.315,0,0,Normal,4.29,3.41,0.85,0.0,0,None
2026-04-15 06:30:00,24.55,1,0,0,232.3,11.25,2.318,1.207,0.887,0.5795,523.3,4814.38,260,481.44,0.0,1.166,0.347,0.122,1.585,0.264,0,0,Normal,3.19,2.28,0.58,0.0,0,None
2026-04-15 06:45:00,23.87,1,0,0,233.21,10.78,2.395,0.768,0.952,0.5988,523.9,4819.89,260,481.99,0.0,1.166,0.342,0.02,1.679,0.354,0,0,Normal,3.96,1.48,0.55,0.0,0,None
2026-04-15 07:00:00,26.65,1,0,0,234.88,9.79,2.125,0.88,0.924,0.5312,524.43,4824.77,260,482.48,0.445,1.166,0.059,0.02,1.239,0.362,0,0,Normal,2.75,3.3,0.59,0.0,0,None
2026-04-15 07:15:00,26.71,1,0,0,233.07,14.44,3.028,1.472,0.899,0.757,525.19,4831.74,260,483.17,0.596,1.166,0.046,0.02,1.998,0.368,0,0,Normal,4.42,2.33,0.3,0.0,0,None
2026-04-15 07:30:00,26.35,1,0,0,232.98,11.74,2.543,1.01,0.929,0.6358,525.82,4837.59,260,483.76,0.342,1.166,0.063,0.02,1.833,0.285,0,0,Normal,4.14,1.2,0.64,0.0,0,None
2026-04-15 07:45:00,25.87,1,0,0,235.62,11.55,2.558,0.927,0.94,0.6395,526.46,4843.47,260,484.35,0.2,1.166,0.044,0.109,1.98,0.225,0,0,Normal,3.2,1.77,0.48,0.0,0,None
2026-04-15 08:00:00,28.04,1,0,0,234.07,16.49,3.552,1.511,0.92,0.888,527.35,4851.64,260,485.16,1.194,1.166,0.055,0.12,1.893,0.29,0,0,Normal,2.51,2.58,0.74,0.0,0,None
2026-04-15 08:15:00,27.27,1,0,0,234.61,13.68,2.916,1.341,0.908,0.729,528.08,4858.35,260,485.83,0.902,1.166,0.049,0.02,1.649,0.296,0,0,Normal,3.18,3.85,0.97,0.0,0,None
2026-04-15 08:30:00,27.49,1,0,0,230.6,15.79,3.35,1.428,0.92,0.8375,528.92,4866.05,260,486.61,0.917,1.166,0.058,0.02,1.962,0.393,0,0,Normal,2.6,1.87,0.79,0.0,0,None
2026-04-15 08:45:00,27.62,1,0,0,230.65,12.48,2.687,1.033,0.933,0.6718,529.59,4872.23,260,487.22,0.948,1.166,0.046,0.02,1.388,0.285,0,0,Normal,3.84,3.06,0.84,0.0,0,None
2026-04-15 09:00:00,29.97,0,0,0,232.28,0.94,0.199,0.09,0.912,0.0498,529.64,4872.69,260,487.27,0.0,1.166,0.074,0.02,0.0,0.105,0,0,Normal,4.37,3.53,0.91,0.0,0,None
2026-04-15 09:15:00,29.37,0,0,0,233.19,1.33,0.286,0.121,0.921,0.0715,529.71,4873.35,260,487.33,0.0,1.166,0.053,0.125,0.0,0.108,0,0,Normal,2.22,1.75,0.86,0.0,0,None
2026-04-15 09:30:00,29.33,0,0,0,233.05,1.27,0.284,0.086,0.957,0.071,529.78,4874.0,260,487.4,0.0,1.166,0.051,0.123,0.0,0.11,0,0,Normal,3.75,3.43,0.8,0.0,0,None
2026-04-15 09:45:00,30.53,0,0,0,232.37,1.04,0.229,0.074,0.951,0.0572,529.84,4874.53,260,487.45,0.0,1.167,0.057,0.02,0.0,0.152,0,0,Normal,3.63,3.14,0.75,0.0,0,None
2026-04-15 10:00:00,31.18,0,0,0,231.83,0.95,0.201,0.088,0.916,0.0503,529.89,4874.99,260,487.5,0.0,1.167,0.06,0.02,0.0,0.121,0,0,Normal,3.44,3.93,0.89,0.0,0,None
2026-04-15 10:15:00,31.17,0,0,0,232.36,0.81,0.171,0.078,0.91,0.0427,529.93,4875.38,260,487.54,0.0,1.167,0.049,0.02,0.0,0.102,0,0,Normal,3.74,1.47,0.9,0.0,0,None
2026-04-15 10:30:00,30.82,0,0,0,233.11,0.92,0.195,0.089,0.909,0.0488,529.98,4875.83,260,487.58,0.0,1.167,0.043,0.02,0.0,0.132,0,0,Normal,3.46,3.62,0.75,0.0,0,None
2026-04-15 10:45:00,30.7,0,0,0,232.72,1.79,0.398,0.125,0.954,0.0995,530.08,4876.75,260,487.67,0.0,1.167,0.051,0.115,0.0,0.232,0,0,Normal,3.66,3.93,0.3,0.0,0,None
2026-04-15 11:00:00,31.15,0,0,0,230.5,1.33,0.276,0.131,0.903,0.069,530.15,4877.38,260,487.74,0.0,1.167,0.045,0.119,0.0,0.112,0,0,Normal,3.49,2.95,0.51,0.0,0,None
2026-04-15 11:15:00,32.73,0,0,0,231.16,1.02,0.208,0.109,0.885,0.052,530.2,4877.86,260,487.79,0.0,1.167,0.053,0.02,0.0,0.135,0,0,Normal,2.94,1.64,0.79,0.0,0,None
2026-04-15 11:30:00,32.47,0,0,0,232.68,0.76,0.156,0.083,0.882,0.039,530.24,4878.22,260,487.82,0.0,1.167,0.055,0.02,0.0,0.081,0,0,Normal,3.91,2.91,0.53,0.0,0,None
2026-04-15 11:45:00,32.15,0,0,0,231.24,1.35,0.276,0.144,0.886,0.069,530.31,4878.85,260,487.89,0.0,1.167,0.047,0.02,0.0,0.209,0,0,Normal,3.42,3.94,0.43,0.0,0,None
2026-04-15 12:00:00,33.13,0,0,0,230.0,0.75,0.164,0.052,0.953,0.041,530.35,4879.23,260,487.92,0.0,1.167,0.05,0.02,0.0,0.094,0,0,Normal,2.74,3.06,0.3,0.0,0,None
2026-04-15 12:15:00,33.56,0,0,0,229.57,1.34,0.296,0.087,0.96,0.074,530.43,4879.91,260,487.99,0.0,1.167,0.071,0.118,0.0,0.107,0,0,Normal,3.95,2.82,0.75,0.0,0,None
2026-04-15 12:30:00,32.42,0,0,0,228.86,1.4,0.307,0.092,0.958,0.0768,530.5,4880.62,260,488.06,0.0,1.167,0.064,0.118,0.0,0.125,0,0,Normal,3.82,1.23,0.4,0.0,0,None
2026-04-15 12:45:00,32.9,0,0,0,229.7,0.82,0.179,0.055,0.956,0.0448,530.55,4881.03,260,488.1,0.0,1.167,0.042,0.02,0.0,0.117,0,0,Normal,2.4,3.65,0.64,0.0,0,None
2026-04-15 13:00:00,33.23,0,0,0,229.32,1.0,0.211,0.092,0.917,0.0528,530.6,4881.52,260,488.15,0.0,1.167,0.058,0.02,0.0,0.133,0,0,Normal,4.32,1.57,0.66,0.0,0,None
2026-04-15 13:15:00,34.68,0,0,0,231.08,0.89,0.19,0.078,0.924,0.0475,530.65,4881.95,260,488.2,0.0,1.167,0.051,0.02,0.0,0.119,0,0,Normal,2.01,3.39,0.84,0.0,0,None
2026-04-15 13:30:00,34.23,0,0,0,229.62,1.04,0.222,0.09,0.926,0.0555,530.7,4882.46,260,488.25,0.0,1.167,0.051,0.02,0.0,0.151,0,0,Normal,3.04,2.43,0.92,0.0,0,None
2026-04-15 13:45:00,32.69,0,0,0,229.36,1.39,0.297,0.117,0.931,0.0742,530.78,4883.15,260,488.31,0.0,1.167,0.039,0.115,0.0,0.143,0,0,Normal,4.44,3.35,0.91,0.0,0,None
2026-04-15 14:00:00,33.24,0,0,0,229.36,1.73,0.353,0.181,0.89,0.0882,530.86,4883.96,260,488.4,0.0,1.167,0.052,0.121,0.0,0.18,0,0,Normal,3.39,3.0,0.34,0.0,0,None
2026-04-15 14:15:00,33.93,0,0,0,227.25,1.19,0.258,0.083,0.952,0.0645,530.93,4884.55,260,488.46,0.0,1.167,0.051,0.02,0.0,0.187,0,0,Normal,3.82,3.02,0.21,0.0,0,None
2026-04-15 14:30:00,33.76,0,0,0,229.93,1.5,0.313,0.143,0.91,0.0782,531.01,4885.27,260,488.53,0.0,1.167,0.067,0.02,0.0,0.226,0,0,Normal,4.37,2.62,0.71,0.0,0,None
2026-04-15 14:45:00,33.34,0,0,0,228.01,0.8,0.168,0.073,0.918,0.042,531.05,4885.66,260,488.57,0.0,1.167,0.039,0.02,0.0,0.109,0,0,Normal,3.53,1.92,0.91,0.0,0,None
2026-04-15 15:00:00,34.77,0,0,0,227.98,1.58,0.326,0.155,0.903,0.0815,531.13,4886.41,260,488.64,0.0,1.167,0.067,0.02,0.0,0.239,0,0,Normal,3.93,3.47,0.9,0.0,0,None
2026-04-15 15:15:00,33.95,0,0,0,226.66,1.89,0.389,0.182,0.906,0.0972,531.23,4887.3,260,488.73,0.0,1.167,0.03,0.131,0.0,0.228,0,0,Normal,2.73,2.63,0.53,0.0,0,None
2026-04-15 15:30:00,34.03,0,0,0,226.12,1.8,0.36,0.189,0.885,0.09,531.32,4888.13,260,488.81,0.0,1.167,0.068,0.124,0.0,0.168,0,0,Normal,3.82,1.42,0.69,0.0,0,None
2026-04-15 15:45:00,33.45,0,0,0,226.03,1.06,0.213,0.111,0.886,0.0532,531.37,4888.62,260,488.86,0.0,1.167,0.044,0.02,0.0,0.149,0,0,Normal,3.72,2.34,0.94,0.0,0,None
2026-04-15 16:00:00,33.56,0,0,0,224.66,1.37,0.287,0.113,0.931,0.0718,531.44,4889.28,260,488.93,0.0,1.167,0.049,0.02,0.0,0.218,0,0,Normal,2.17,3.93,0.42,0.0,0,None
2026-04-15 16:15:00,33.01,0,0,0,225.89,0.72,0.155,0.048,0.955,0.0388,531.48,4889.64,260,488.96,0.0,1.168,0.026,0.02,0.0,0.109,0,0,Normal,4.39,2.98,0.75,0.0,0,None
2026-04-15 16:30:00,33.05,0,0,0,224.51,1.17,0.237,0.113,0.902,0.0592,531.54,4890.18,260,489.02,0.0,1.168,0.063,0.02,0.0,0.154,0,0,Normal,2.47,3.87,0.81,0.0,0,None
2026-04-15 16:45:00,33.5,0,0,0,228.02,1.91,0.401,0.171,0.919,0.1003,531.64,4891.1,260,489.11,0.0,1.168,0.055,0.12,0.0,0.226,0,0,Normal,4.32,1.35,0.93,0.0,0,None
2026-04-15 17:00:00,31.43,0,0,0,226.51,1.88,0.396,0.158,0.929,0.099,531.74,4892.01,260,489.2,0.0,1.168,0.057,0.118,0.0,0.221,0,0,Normal,2.68,3.93,0.29,0.0,0,None
2026-04-15 17:15:00,33.04,0,0,0,225.56,0.92,0.19,0.085,0.912,0.0475,531.79,4892.45,260,489.25,0.0,1.168,0.056,0.02,0.0,0.114,0,0,Normal,2.89,2.09,0.29,0.0,0,None
2026-04-15 17:30:00,32.33,0,0,0,224.96,1.16,0.246,0.087,0.943,0.0615,531.85,4893.02,260,489.3,0.0,1.168,0.04,0.02,0.0,0.186,0,0,Normal,4.34,2.62,0.64,0.0,0,None
2026-04-15 17:45:00,32.88,0,0,0,225.41,1.02,0.209,0.098,0.905,0.0522,531.9,4893.5,260,489.35,0.0,1.168,0.044,0.02,0.0,0.145,0,0,Normal,4.34,3.17,0.59,0.0,0,None
2026-04-15 18:00:00,30.46,1,0,1,227.62,14.48,3.069,1.204,0.931,0.7672,532.67,4900.56,260,490.06,2.397,1.168,0.333,0.02,0.0,0.319,0,0,Normal,4.25,1.63,0.76,0.0,0,None
2026-04-15 18:15:00,30.54,1,0,1,225.67,15.77,3.14,1.675,0.882,0.785,533.45,4907.78,260,490.78,2.371,1.168,0.35,0.122,0.0,0.297,0,0,Normal,3.64,1.36,0.57,0.0,0,None
2026-04-15 18:30:00,30.42,1,0,1,226.6,15.18,3.3,0.973,0.959,0.825,534.28,4915.37,260,491.54,2.354,1.168,0.346,0.111,0.0,0.489,0,0,Normal,3.06,3.86,0.79,0.0,0,None
2026-04-15 18:45:00,31.13,1,0,1,224.45,17.41,3.477,1.782,0.89,0.8692,535.15,4923.37,260,492.34,2.612,1.168,0.35,0.02,0.0,0.495,0,0,Normal,2.94,3.5,0.2,0.0,0,None
2026-04-15 19:00:00,29.59,1,0,1,226.47,18.07,3.853,1.382,0.941,0.9632,536.11,4932.23,260,493.22,1.925,1.168,0.342,0.02,1.321,0.245,0,0,Normal,3.84,3.33,0.31,0.0,0,None
2026-04-15 19:15:00,29.32,1,0,1,227.14,18.92,3.933,1.73,0.915,0.9832,537.1,4941.27,260,494.13,1.802,1.168,0.348,0.02,1.474,0.289,0,0,Normal,4.35,2.74,0.71,0.0,0,None
2026-04-15 19:30:00,29.05,1,0,1,225.78,21.15,4.489,1.63,0.94,1.1223,538.22,4951.6,260,495.16,1.735,1.168,0.343,0.02,1.899,0.492,0,0,Normal,3.21,1.61,0.38,0.0,0,None
2026-04-15 19:45:00,28.92,1,0,1,224.72,18.81,3.894,1.645,0.921,0.9735,539.19,4960.55,260,496.06,1.657,1.168,0.349,0.115,1.417,0.356,0,0,Normal,3.18,2.1,0.54,0.0,0,None
2026-04-15 20:00:00,27.98,1,0,1,225.0,17.11,3.656,1.209,0.949,0.914,540.1,4968.96,260,496.9,1.242,1.168,0.349,0.119,1.732,0.214,0,0,Normal,3.65,1.87,0.3,0.0,0,None
2026-04-15 20:15:00,27.77,1,0,1,224.95,15.11,3.252,0.985,0.957,0.813,540.92,4976.44,260,497.64,1.073,1.168,0.349,0.02,1.534,0.276,0,0,Normal,3.19,3.77,0.28,0.0,0,None
2026-04-15 20:30:00,27.66,1,0,1,225.85,15.35,3.11,1.532,0.897,0.7775,541.7,4983.6,260,498.36,0.864,1.168,0.335,0.02,1.544,0.347,0,0,Normal,3.2,1.66,0.51,0.0,0,None
2026-04-15 20:45:00,28.77,1,0,1,228.83,15.89,3.376,1.351,0.928,0.844,542.54,4991.36,260,499.14,1.404,1.168,0.35,0.02,1.301,0.301,0,0,Normal,3.68,2.12,0.99,0.0,0,None
2026-04-15 21:00:00,26.41,1,0,1,226.85,11.72,2.415,1.111,0.908,0.6038,543.14,4996.92,260,499.69,0.364,1.168,0.352,0.02,1.211,0.468,0,0,Normal,2.91,1.53,0.75,0.0,0,None
2026-04-15 21:15:00,27.08,1,0,1,226.36,14.02,2.961,1.14,0.933,0.7402,543.88,5003.73,260,500.37,0.747,1.168,0.359,0.116,1.336,0.403,0,0,Normal,2.1,2.24,0.83,0.0,0,None
2026-04-15 21:30:00,26.18,1,0,1,228.44,12.12,2.604,0.942,0.94,0.651,544.53,5009.72,260,500.97,0.212,1.168,0.358,0.126,1.631,0.277,0,0,Normal,3.53,2.32,0.36,0.0,0,None
2026-04-15 21:45:00,26.57,1,0,1,227.35,11.13,2.395,0.815,0.947,0.5988,545.13,5015.22,260,501.52,0.522,1.168,0.353,0.02,1.239,0.261,0,0,Normal,2.81,3.45,0.46,0.0,0,None
2026-04-15 22:00:00,24.97,1,0,1,228.0,3.63,0.775,0.292,0.936,0.1937,545.33,5017.01,260,501.7,0.0,1.168,0.345,0.02,0.0,0.41,0,0,Normal,3.62,1.51,0.25,0.0,0,None
2026-04-15 22:15:00,24.15,1,0,1,227.85,3.69,0.783,0.304,0.932,0.1958,545.52,5018.81,260,501.88,0.0,1.168,0.359,0.02,0.0,0.404,0,0,Normal,3.89,1.77,1.0,0.0,0,None
2026-04-15 22:30:00,25.71,1,0,1,227.13,3.83,0.83,0.258,0.955,0.2075,545.73,5020.72,260,502.07,0.054,1.168,0.35,0.02,0.0,0.406,0,0,Normal,3.52,1.69,0.58,0.0,0,None
2026-04-15 22:45:00,24.93,1,0,1,227.38,3.78,0.813,0.278,0.946,0.2032,545.93,5022.59,260,502.26,0.0,1.169,0.326,0.115,0.0,0.372,0,0,Normal,3.46,3.0,0.55,0.0,0,None
2026-04-15 23:00:00,24.13,1,0,1,227.38,4.16,0.9,0.291,0.952,0.225,546.16,5024.66,260,502.47,0.0,1.169,0.34,0.123,0.0,0.437,0,0,Normal,2.05,3.15,0.58,0.0,0,None
2026-04-15 23:15:00,23.38,1,0,1,229.1,3.78,0.764,0.408,0.882,0.191,546.35,5026.41,260,502.64,0.0,1.169,0.344,0.02,0.0,0.4,0,0,Normal,3.03,1.2,1.0,0.0,0,None
2026-04-15 23:30:00,23.67,1,0,1,229.88,3.86,0.794,0.394,0.896,0.1985,546.55,5028.24,260,502.82,0.0,1.169,0.351,0.02,0.0,0.423,0,0,Normal,3.18,3.8,0.34,0.0,0,None
2026-04-15 23:45:00,23.32,1,0,1,231.44,3.57,0.746,0.357,0.902,0.1865,546.73,5029.96,260,503.0,0.0,1.169,0.355,0.02,0.0,0.371,0,0,Normal,3.5,2.85,0.65,0.0,0,None
2026-04-16 00:00:00,23.42,1,0,0,228.98,3.68,0.785,0.305,0.932,0.1962,546.93,5031.76,260,503.18,0.0,1.169,0.36,0.02,0.0,0.405,0,0,Normal,2.68,1.67,0.53,0.0,0,None
2026-04-16 00:15:00,22.96,1,0,0,228.88,4.24,0.87,0.428,0.897,0.2175,547.15,5033.76,260,503.38,0.0,1.169,0.357,0.121,0.0,0.392,0,0,Normal,3.88,1.83,0.33,0.0,0,None
2026-04-16 00:30:00,22.99,1,0,0,232.41,3.93,0.858,0.313,0.94,0.2145,547.36,5035.73,260,503.57,0.0,1.169,0.352,0.123,0.0,0.383,0,0,Normal,2.65,2.89,0.38,0.0,0,None
2026-04-16 00:45:00,23.48,1,0,0,229.8,3.0,0.65,0.231,0.942,0.1625,547.52,5037.23,260,503.72,0.0,1.169,0.345,0.02,0.0,0.285,0,0,Normal,3.96,3.78,0.78,0.0,0,None
2026-04-16 01:00:00,22.78,1,0,0,229.49,3.1,0.675,0.222,0.95,0.1688,547.69,5038.78,260,503.88,0.0,1.169,0.353,0.02,0.0,0.302,0,0,Normal,2.53,2.6,0.83,0.0,0,None
2026-04-16 01:15:00,22.59,1,0,0,230.42,3.14,0.674,0.261,0.932,0.1685,547.86,5040.33,260,504.03,0.0,1.169,0.347,0.02,0.0,0.307,0,0,Normal,3.21,1.39,0.6,0.0,0,None
2026-04-16 01:30:00,21.49,1,0,0,229.83,4.04,0.853,0.367,0.919,0.2132,548.08,5042.29,260,504.23,0.0,1.169,0.334,0.02,0.0,0.499,0,0,Normal,2.01,3.0,0.4,0.0,0,None
2026-04-16 01:45:00,21.86,1,0,0,232.81,3.96,0.844,0.37,0.916,0.211,548.29,5044.24,260,504.42,0.0,1.169,0.354,0.119,0.0,0.371,0,0,Normal,2.1,2.15,0.56,0.0,0,None
2026-04-16 02:00:00,21.5,1,0,0,233.16,3.75,0.779,0.397,0.891,0.1948,548.48,5046.03,260,504.6,0.0,1.169,0.342,0.121,0.0,0.316,0,0,Normal,2.9,1.13,0.95,0.0,0,None
2026-04-16 02:15:00,22.36,1,0,0,232.93,3.27,0.68,0.345,0.892,0.17,548.65,5047.59,260,504.76,0.0,1.169,0.367,0.02,0.0,0.293,0,0,Normal,3.21,1.03,0.9,0.0,0,None
2026-04-16 02:30:00,22.09,1,0,0,232.13,3.46,0.759,0.26,0.946,0.1898,548.84,5049.34,260,504.93,0.0,1.169,0.337,0.02,0.0,0.402,0,0,Normal,3.53,1.07,0.73,0.0,0,None
2026-04-16 02:45:00,21.3,1,0,0,233.87,2.91,0.653,0.194,0.959,0.1632,549.0,5050.84,260,505.08,0.0,1.169,0.351,0.02,0.0,0.282,0,0,Normal,2.81,3.34,0.83,0.0,0,None
2026-04-16 03:00:00,22.11,1,0,0,233.0,3.41,0.712,0.352,0.897,0.178,549.18,5052.48,260,505.25,0.0,1.169,0.361,0.02,0.0,0.331,0,0,Normal,4.03,3.91,0.68,0.0,0,None
2026-04-16 03:15:00,21.46,1,0,0,232.51,3.9,0.867,0.263,0.957,0.2168,549.4,5054.47,260,505.45,0.0,1.169,0.356,0.113,0.0,0.398,0,0,Normal,3.66,2.87,0.63,0.0,0,None
2026-04-16 03:30:00,22.18,1,0,0,233.52,4.32,0.894,0.469,0.885,0.2235,549.62,5056.53,260,505.65,0.0,1.169,0.351,0.117,0.0,0.426,0,0,Normal,3.02,2.4,0.21,0.0,0,None
2026-04-16 03:45:00,21.38,1,0,0,233.63,3.15,0.676,0.291,0.919,0.169,549.79,5058.08,260,505.81,0.0,1.169,0.34,0.02,0.0,0.316,0,0,Normal,2.13,2.62,0.42,0.0,0,None
2026-04-16 04:00:00,23.07,1,0,0,234.95,3.63,0.767,0.374,0.899,0.1918,549.98,5059.85,260,505.98,0.0,1.169,0.35,0.02,0.0,0.397,0,0,Normal,2.84,3.28,0.27,0.0,0,None
2026-04-16 04:15:00,22.99,1,0,0,231.84,3.12,0.679,0.247,0.94,0.1698,550.15,5061.41,260,506.14,0.0,1.169,0.337,0.02,0.0,0.322,0,0,Normal,4.47,2.83,0.91,0.0,0,None
2026-04-16 04:30:00,23.76,1,0,0,233.06,2.54,0.559,0.198,0.942,0.1397,550.29,5062.69,260,506.27,0.0,1.169,0.347,0.02,0.0,0.192,0,0,Normal,2.4,3.22,0.48,0.0,0,None
2026-04-16 04:45:00,23.23,1,0,0,232.88,4.06,0.837,0.44,0.885,0.2092,550.5,5064.62,260,506.46,0.0,1.169,0.347,0.121,0.0,0.369,0,0,Normal,3.12,1.44,0.84,0.0,0,None
2026-04-16 05:00:00,23.55,1,0,0,234.15,4.42,0.979,0.333,0.947,0.2448,550.75,5066.87,260,506.69,0.0,1.169,0.344,0.123,0.0,0.512,0,0,Normal,2.33,2.3,0.68,0.0,0,None
2026-04-16 05:15:00,24.17,1,0,0,235.75,3.14,0.69,0.266,0.933,0.1725,550.92,5068.46,260,506.85,0.0,1.169,0.351,0.02,0.0,0.319,0,0,Normal,3.46,2.1,0.57,0.0,0,None
2026-04-16 05:30:00,23.06,1,0,0,233.74,3.18,0.66,0.342,0.888,0.165,551.08,5069.98,260,507.0,0.0,1.17,0.342,0.02,0.0,0.298,0,0,Normal,4.39,2.47,0.97,0.0,0,None
2026-04-16 05:45:00,23.28,1,0,0,233.78,3.45,0.762,0.263,0.945,0.1905,551.27,5071.73,260,507.17,0.0,1.17,0.335,0.02,0.0,0.407,0,0,Normal,4.31,2.51,0.44,0.0,0,None
2026-04-16 06:00:00,25.17,1,0,0,232.39,11.5,2.457,1.049,0.92,0.6142,551.89,5077.38,260,507.74,0.0,1.17,0.338,0.02,1.865,0.234,0,0,Normal,2.85,2.27,0.79,0.0,0,None
2026-04-16 06:15:00,23.92,1,0,0,232.69,10.88,2.424,0.729,0.958,0.606,552.5,5082.95,260,508.3,0.0,1.17,0.36,0.112,1.662,0.29,0,0,Normal,3.22,2.5,0.82,0.0,0,None
2026-04-16 06:30:00,24.98,1,0,0,234.96,12.08,2.705,0.862,0.953,0.6762,553.17,5089.18,260,508.92,0.0,1.17,0.353,0.127,1.959,0.266,0,0,Normal,2.11,2.37,0.31,0.0,0,None
2026-04-16 06:45:00,24.49,1,0,0,232.24,12.35,2.534,1.346,0.883,0.6335,553.8,5095.0,260,509.5,0.0,1.17,0.364,0.02,1.779,0.371,0,0,Normal,2.39,3.41,0.91,0.0,0,None
2026-04-16 07:00:00,26.5,1,0,0,234.3,12.81,2.745,1.217,0.914,0.6862,554.49,5101.32,260,510.13,0.416,1.17,0.059,0.02,1.825,0.425,0,0,Normal,4.11,2.36,0.42,0.0,0,None
2026-04-16 07:15:00,25.91,1,0,0,236.72,10.14,2.143,1.081,0.893,0.5357,555.03,5106.25,260,510.62,0.24,1.17,0.033,0.02,1.595,0.255,0,0,Normal,2.13,1.67,0.86,0.0,0,None
2026-04-16 07:30:00,26.66,1,0,0,234.49,10.9,2.387,0.913,0.934,0.5968,555.62,5111.74,260,511.17,0.512,1.17,0.064,0.02,1.385,0.406,0,0,Normal,3.17,3.24,0.2,0.0,0,None
2026-04-16 07:45:00,26.46,1,0,0,233.98,10.45,2.303,0.824,0.942,0.5758,556.2,5117.03,260,511.7,0.399,1.17,0.054,0.12,1.351,0.379,0,0,Normal,3.24,1.63,0.48,0.0,0,None
2026-04-16 08:00:00,28.7,1,0,0,233.27,17.93,3.815,1.717,0.912,0.9538,557.15,5125.81,260,512.58,1.461,1.17,0.037,0.119,1.819,0.379,0,0,Normal,2.82,3.47,0.25,0.0,0,None
2026-04-16 08:15:00,28.0,1,0,0,234.44,15.58,3.446,1.211,0.943,0.8615,558.01,5133.73,260,513.37,1.275,1.17,0.052,0.02,1.76,0.339,0,0,Normal,2.95,1.82,0.82,0.0,0,None
2026-04-16 08:30:00,27.62,1,0,0,231.49,14.48,3.009,1.479,0.897,0.7522,558.77,5140.65,260,514.07,1.015,1.17,0.034,0.02,1.725,0.215,0,0,Normal,4.48,1.27,0.36,0.0,0,None
2026-04-16 08:45:00,27.88,1,0,0,235.2,15.28,3.249,1.537,0.904,0.8122,559.58,5148.13,260,514.81,1.19,1.17,0.059,0.02,1.579,0.401,0,0,Normal,4.28,1.34,0.75,0.0,0,None
2026-04-16 09:00:00,28.88,0,0,0,235.46,0.79,0.167,0.081,0.899,0.0417,559.62,5148.51,260,514.85,0.0,1.17,0.061,0.02,0.0,0.086,0,0,Normal,3.08,3.07,0.98,0.0,0,None
2026-04-16 09:15:00,29.76,0,0,0,233.47,1.87,0.417,0.128,0.956,0.1042,559.72,5149.47,260,514.95,0.0,1.17,0.045,0.124,0.0,0.248,0,0,Normal,2.59,1.28,0.31,0.0,0,None
2026-04-16 09:30:00,29.85,0,0,0,230.87,1.89,0.386,0.205,0.883,0.0965,559.82,5150.36,260,515.04,0.0,1.17,0.045,0.125,0.0,0.216,0,0,Normal,3.54,2.64,0.52,0.0,0,None
2026-04-16 09:45:00,30.79,0,0,0,231.01,1.01,0.217,0.085,0.931,0.0543,559.88,5150.86,260,515.09,0.0,1.17,0.057,0.02,0.0,0.14,0,0,Normal,3.85,1.47,0.48,0.0,0,None
2026-04-16 10:00:00,30.69,0,0,0,230.5,1.29,0.281,0.1,0.942,0.0702,559.95,5151.5,260,515.15,0.0,1.17,0.051,0.02,0.0,0.21,0,0,Normal,3.09,3.02,0.81,0.0,0,None
2026-04-16 10:15:00,30.87,0,0,0,232.03,0.93,0.202,0.075,0.938,0.0505,560.0,5151.97,260,515.2,0.0,1.17,0.049,0.02,0.0,0.133,0,0,Normal,3.81,1.05,0.88,0.0,0,None
2026-04-16 10:30:00,30.71,0,0,0,232.24,1.43,0.312,0.113,0.941,0.078,560.07,5152.69,260,515.27,0.0,1.17,0.055,0.02,0.0,0.237,0,0,Normal,4.0,3.64,0.95,0.0,0,None
2026-04-16 10:45:00,31.11,0,0,0,231.26,1.6,0.342,0.14,0.926,0.0855,560.16,5153.47,260,515.35,0.0,1.17,0.054,0.11,0.0,0.178,0,0,Normal,3.94,3.34,0.65,0.0,0,None
2026-04-16 11:00:00,32.43,0,0,0,232.6,1.57,0.341,0.132,0.932,0.0852,560.25,5154.26,260,515.43,0.0,1.17,0.037,0.119,0.0,0.185,0,0,Normal,4.1,3.05,0.68,0.0,0,None
2026-04-16 11:15:00,32.22,0,0,0,230.02,1.31,0.28,0.11,0.93,0.07,560.32,5154.9,260,515.49,0.0,1.17,0.055,0.02,0.0,0.205,0,0,Normal,3.28,3.87,0.95,0.0,0,None
2026-04-16 11:30:00,32.79,0,0,0,231.95,1.34,0.288,0.119,0.924,0.072,560.39,5155.56,260,515.56,0.0,1.17,0.036,0.02,0.0,0.232,0,0,Normal,2.41,2.41,0.66,0.0,0,None
2026-04-16 11:45:00,31.93,0,0,0,227.53,1.16,0.249,0.091,0.94,0.0622,560.45,5156.14,260,515.61,0.0,1.17,0.026,0.02,0.0,0.203,0,0,Normal,4.49,3.37,0.26,0.0,0,None
2026-04-16 12:00:00,33.69,0,0,0,231.96,0.97,0.204,0.093,0.91,0.051,560.5,5156.6,260,515.66,0.0,1.171,0.044,0.02,0.0,0.14,0,0,Normal,4.26,3.5,0.36,0.0,0,None
2026-04-16 12:15:00,33.47,0,0,0,229.27,1.44,0.311,0.112,0.941,0.0778,560.58,5157.32,260,515.73,0.0,1.171,0.054,0.119,0.0,0.138,0,0,Normal,3.98,1.25,0.93,0.0,0,None
2026-04-16 12:30:00,33.19,0,0,0,231.78,1.94,0.414,0.175,0.921,0.1035,560.68,5158.27,260,515.83,0.0,1.171,0.053,0.133,0.0,0.228,0,0,Normal,2.32,2.87,0.81,0.0,0,None
2026-04-16 12:45:00,33.04,0,0,0,228.76,1.17,0.238,0.123,0.888,0.0595,560.74,5158.82,260,515.88,0.0,1.171,0.042,0.02,0.0,0.176,0,0,Normal,3.38,2.49,0.89,0.0,0,None
2026-04-16 13:00:00,35.01,0,0,0,229.11,1.18,0.246,0.112,0.91,0.0615,560.8,5159.39,260,515.94,0.0,1.171,0.051,0.02,0.0,0.175,0,0,Normal,2.95,1.61,0.56,0.0,0,None
2026-04-16 13:15:00,33.39,0,0,0,227.19,0.69,0.149,0.049,0.95,0.0372,560.84,5159.73,260,515.97,0.0,1.171,0.036,0.02,0.0,0.093,0,0,Normal,3.2,3.17,0.63,0.0,0,None
2026-04-16 13:30:00,33.94,0,0,0,227.59,0.74,0.157,0.063,0.928,0.0392,560.88,5160.09,260,516.01,0.0,1.171,0.036,0.02,0.0,0.101,0,0,Normal,3.5,3.72,0.48,0.0,0,None
2026-04-16 13:45:00,33.42,0,0,0,227.46,2.07,0.424,0.205,0.901,0.106,560.99,5161.06,260,516.11,0.0,1.171,0.055,0.123,0.0,0.246,0,0,Normal,2.67,1.95,0.26,0.0,0,None
2026-04-16 14:00:00,34.89,0,0,0,228.73,1.75,0.358,0.178,0.895,0.0895,561.07,5161.89,260,516.19,0.0,1.171,0.072,0.123,0.0,0.163,0,0,Normal,3.52,2.86,0.59,0.0,0,None
2026-04-16 14:15:00,34.44,0,0,0,227.12,0.91,0.192,0.076,0.93,0.048,561.12,5162.33,260,516.23,0.0,1.171,0.057,0.02,0.0,0.115,0,0,Normal,2.22,1.47,0.79,0.0,0,None
2026-04-16 14:30:00,33.66,0,0,0,227.47,0.8,0.161,0.084,0.888,0.0402,561.16,5162.7,260,516.27,0.0,1.171,0.058,0.02,0.0,0.083,0,0,Normal,4.23,3.09,0.83,0.0,0,None
2026-04-16 14:45:00,34.26,0,0,0,227.42,1.2,0.249,0.112,0.912,0.0622,561.23,5163.27,260,516.33,0.0,1.171,0.054,0.02,0.0,0.175,0,0,Normal,3.81,2.0,0.89,0.0,0,None
2026-04-16 15:00:00,33.92,0,0,0,228.54,1.13,0.242,0.091,0.936,0.0605,561.29,5163.83,260,516.38,0.0,1.171,0.075,0.02,0.0,0.147,0,0,Normal,4.46,1.92,0.35,0.0,0,None
2026-04-16 15:15:00,33.54,0,0,0,227.02,1.81,0.378,0.164,0.918,0.0945,561.38,5164.7,260,516.47,0.0,1.171,0.037,0.119,0.0,0.222,0,0,Normal,2.56,2.92,0.44,0.0,0,None
2026-04-16 15:30:00,34.17,0,0,0,228.16,1.77,0.364,0.174,0.902,0.091,561.47,5165.54,260,516.55,0.0,1.171,0.071,0.118,0.0,0.175,0,0,Normal,4.09,1.05,0.68,0.0,0,None
2026-04-16 15:45:00,33.99,0,0,0,224.07,1.04,0.213,0.096,0.912,0.0532,561.52,5166.03,260,516.6,0.0,1.171,0.061,0.02,0.0,0.132,0,0,Normal,2.22,3.59,0.77,0.0,0,None
2026-04-16 16:00:00,33.3,0,0,0,226.49,1.12,0.243,0.075,0.956,0.0608,561.59,5166.58,260,516.66,0.0,1.171,0.045,0.02,0.0,0.178,0,0,Normal,3.44,1.38,0.61,0.0,0,None
2026-04-16 16:15:00,33.18,0,0,0,227.21,0.71,0.149,0.062,0.924,0.0373,561.62,5166.93,260,516.69,0.0,1.171,0.048,0.02,0.0,0.081,0,0,Normal,4.4,2.13,0.28,0.0,0,None
2026-04-16 16:30:00,33.41,0,0,0,227.69,0.89,0.18,0.095,0.884,0.045,561.67,5167.34,260,516.73,0.0,1.171,0.031,0.02,0.0,0.129,0,0,Normal,3.1,1.12,0.59,0.0,0,None
2026-04-16 16:45:00,33.31,0,0,0,225.38,1.43,0.288,0.146,0.892,0.072,561.74,5168.0,260,516.8,0.0,1.171,0.054,0.112,0.0,0.122,0,0,Normal,2.94,1.38,0.23,0.0,0,None
2026-04-16 17:00:00,32.27,0,0,0,227.29,1.41,0.289,0.139,0.902,0.0722,561.81,5168.67,260,516.87,0.0,1.171,0.06,0.124,0.0,0.105,0,0,Normal,2.04,2.83,0.31,0.0,0,None
2026-04-16 17:15:00,31.92,0,0,0,225.19,0.86,0.185,0.054,0.959,0.0462,561.86,5169.09,260,516.91,0.0,1.171,0.051,0.02,0.0,0.114,0,0,Normal,3.65,2.46,0.37,0.0,0,None
2026-04-16 17:30:00,33.09,0,0,0,226.51,1.22,0.26,0.094,0.941,0.065,561.92,5169.69,260,516.97,0.0,1.171,0.061,0.02,0.0,0.179,0,0,Normal,2.61,1.92,0.74,0.0,0,None
2026-04-16 17:45:00,31.72,0,0,0,224.87,1.11,0.227,0.102,0.913,0.0568,561.98,5170.21,260,517.02,0.0,1.171,0.052,0.02,0.0,0.155,0,0,Normal,3.64,1.84,0.38,0.0,0,None
2026-04-16 18:00:00,31.21,1,0,1,225.67,15.72,3.295,1.316,0.929,0.8238,562.8,5177.79,260,517.78,2.568,1.171,0.352,0.02,0.0,0.355,0,0,Normal,2.64,2.91,0.73,0.0,0,None
2026-04-16 18:15:00,30.84,1,0,1,224.98,16.68,3.373,1.647,0.899,0.8433,563.65,5185.55,260,518.56,2.471,1.171,0.349,0.115,0.0,0.438,0,0,Normal,3.1,2.49,0.36,0.0,0,None
2026-04-16 18:30:00,31.88,1,0,1,226.21,17.96,3.737,1.594,0.92,0.9342,564.58,5194.15,260,519.41,2.955,1.172,0.347,0.105,0.0,0.33,0,0,Normal,2.99,3.02,0.6,0.0,0,None
2026-04-16 18:45:00,30.55,1,0,1,225.34,14.88,3.097,1.283,0.924,0.7742,565.36,5201.27,260,520.13,2.277,1.172,0.369,0.02,0.0,0.431,0,0,Normal,2.56,1.37,0.47,0.0,0,None
2026-04-16 19:00:00,29.19,1,0,1,225.21,20.37,4.191,1.868,0.913,1.0478,566.4,5210.91,260,521.09,1.809,1.172,0.349,0.02,1.703,0.31,0,0,Normal,4.31,2.3,0.37,0.0,0,None
2026-04-16 19:15:00,29.07,1,0,1,228.56,18.27,3.821,1.683,0.915,0.9552,567.36,5219.7,260,521.97,1.639,1.172,0.328,0.02,1.449,0.385,0,0,Normal,3.92,1.89,0.45,0.0,0,None
2026-04-16 19:30:00,29.71,1,0,1,228.32,20.66,4.23,2.086,0.897,1.0575,568.42,5229.42,260,522.94,2.028,1.172,0.347,0.02,1.624,0.211,0,0,Normal,3.36,2.07,0.88,0.0,0,None
2026-04-16 19:45:00,28.87,1,0,1,227.09,17.85,3.743,1.555,0.924,0.9358,569.35,5238.03,260,523.8,1.479,1.172,0.362,0.125,1.261,0.516,0,0,Normal,2.65,2.26,0.45,0.0,0,None
2026-04-16 20:00:00,27.76,1,0,1,225.29,17.62,3.66,1.535,0.922,0.915,570.27,5246.45,260,524.65,1.04,1.172,0.356,0.123,1.827,0.314,0,0,Normal,2.05,2.89,0.63,0.0,0,None
2026-04-16 20:15:00,26.92,1,0,1,227.93,15.35,3.309,1.135,0.946,0.8272,571.09,5254.06,260,525.41,0.68,1.172,0.344,0.02,1.92,0.345,0,0,Normal,3.15,3.02,0.64,0.0,0,None
2026-04-16 20:30:00,28.12,1,0,1,225.41,19.57,3.961,1.943,0.898,0.9902,572.08,5263.17,260,526.32,1.212,1.172,0.344,0.02,1.95,0.435,0,0,Normal,2.25,3.21,0.77,0.0,0,None
2026-04-16 20:45:00,27.75,1,0,1,226.06,17.92,3.77,1.482,0.931,0.9425,573.03,5271.84,260,527.18,1.032,1.172,0.349,0.02,1.947,0.422,0,0,Normal,2.02,2.81,0.47,0.0,0,None
2026-04-16 21:00:00,25.7,1,0,1,226.64,12.05,2.405,1.296,0.88,0.6013,573.63,5277.38,260,527.74,0.271,1.172,0.347,0.02,1.332,0.435,0,0,Normal,2.02,2.8,0.86,0.0,0,None
2026-04-16 21:15:00,26.99,1,0,1,226.45,12.78,2.757,0.883,0.952,0.6892,574.32,5283.72,260,528.37,0.783,1.172,0.368,0.12,1.214,0.272,0,0,Normal,3.97,3.99,0.21,0.0,0,None
2026-04-16 21:30:00,25.79,1,0,1,227.12,12.09,2.614,0.841,0.952,0.6535,574.97,5289.73,260,528.97,0.25,1.172,0.357,0.123,1.468,0.416,0,0,Normal,3.74,1.43,0.63,0.0,0,None
2026-04-16 21:45:00,26.85,1,0,1,228.73,11.38,2.475,0.807,0.951,0.6187,575.59,5295.42,260,529.54,0.594,1.172,0.355,0.02,1.206,0.3,0,0,Normal,3.11,3.22,0.86,0.0,0,None
2026-04-16 22:00:00,24.65,1,0,1,227.28,3.61,0.781,0.25,0.952,0.1952,575.78,5297.22,260,529.72,0.0,1.172,0.355,0.02,0.0,0.406,0,0,Normal,3.29,2.58,0.88,0.0,0,None
2026-04-16 22:15:00,25.8,1,0,1,227.88,4.49,0.946,0.388,0.925,0.2365,576.02,5299.39,260,529.94,0.108,1.172,0.339,0.02,0.0,0.479,0,0,Normal,2.99,1.62,0.77,0.0,0,None
2026-04-16 22:30:00,25.37,1,0,1,228.61,3.57,0.763,0.287,0.936,0.1908,576.21,5301.15,260,530.11,0.0,1.172,0.353,0.02,0.0,0.39,0,0,Normal,3.47,3.42,0.99,0.0,0,None
2026-04-16 22:45:00,24.5,1,0,1,229.23,3.12,0.676,0.236,0.944,0.169,576.38,5302.7,260,530.27,0.0,1.172,0.333,0.112,0.0,0.231,0,0,Normal,2.67,2.82,0.74,0.0,0,None
2026-04-16 23:00:00,23.3,1,0,1,227.79,4.07,0.823,0.425,0.888,0.2058,576.59,5304.6,260,530.46,0.0,1.172,0.373,0.111,0.0,0.339,0,0,Normal,2.32,2.72,0.56,0.0,0,None
2026-04-16 23:15:00,24.06,1,0,1,229.76,2.95,0.608,0.302,0.896,0.152,576.74,5305.99,260,530.6,0.0,1.172,0.371,0.02,0.0,0.217,0,0,Normal,2.68,3.31,0.71,0.0,0,None
2026-04-16 23:30:00,23.63,1,0,1,227.58,3.44,0.709,0.33,0.907,0.1773,576.92,5307.62,260,530.76,0.0,1.172,0.37,0.02,0.0,0.319,0,0,Normal,4.47,2.73,0.23,0.0,0,None
2026-04-16 23:45:00,23.67,1,0,1,228.54,2.89,0.628,0.207,0.95,0.157,577.07,5309.07,260,530.91,0.0,1.172,0.339,0.02,0.0,0.269,0,0,Normal,2.47,1.06,0.81,0.0,0,None
2026-04-17 00:00:00,23.44,1,0,0,227.06,3.54,0.758,0.267,0.943,0.1895,577.26,5310.81,260,531.08,0.0,1.172,0.338,0.02,0.0,0.4,0,0,Normal,2.13,2.56,0.67,0.0,0,None
2026-04-17 00:15:00,22.43,1,0,0,229.39,3.94,0.812,0.397,0.899,0.203,577.47,5312.68,260,531.27,0.0,1.172,0.357,0.125,0.0,0.33,0,0,Normal,3.0,3.17,0.57,0.0,0,None
2026-04-17 00:30:00,22.85,1,0,0,229.57,4.51,0.938,0.436,0.907,0.2345,577.7,5314.84,260,531.48,0.0,1.172,0.363,0.123,0.0,0.452,0,0,Normal,4.13,2.38,0.35,0.0,0,None
2026-04-17 00:45:00,23.28,1,0,0,231.7,3.23,0.707,0.244,0.945,0.1768,577.88,5316.46,260,531.65,0.0,1.172,0.337,0.02,0.0,0.35,0,0,Normal,2.77,2.87,0.94,0.0,0,None
2026-04-17 01:00:00,22.61,1,0,0,230.41,11.46,2.341,1.221,0.887,0.5853,578.46,5321.85,260,532.18,1.6,1.173,0.34,0.02,0.0,0.381,1,1,Unnecessary Night HVAC,3.68,3.57,0.69,0.0,0,None
2026-04-17 01:15:00,22.12,1,0,0,230.65,11.15,2.334,1.081,0.907,0.5835,579.05,5327.22,260,532.72,1.6,1.173,0.346,0.02,0.0,0.368,1,1,Unnecessary Night HVAC,3.49,1.69,0.71,0.0,0,None
2026-04-17 01:30:00,22.06,1,0,0,233.47,10.63,2.239,1.071,0.902,0.5598,579.6,5332.37,260,533.24,1.6,1.173,0.347,0.02,0.0,0.272,1,1,Unnecessary Night HVAC,3.98,2.07,0.65,0.0,0,None
2026-04-17 01:45:00,21.34,1,0,0,230.87,11.82,2.48,1.141,0.909,0.62,580.22,5338.07,260,533.81,1.6,1.173,0.362,0.128,0.0,0.39,1,1,Unnecessary Night HVAC,3.44,2.51,0.34,0.0,0,None
2026-04-17 02:00:00,21.47,1,0,0,233.24,10.98,2.299,1.126,0.898,0.5748,580.8,5343.36,260,534.34,1.6,1.173,0.362,0.12,0.0,0.217,1,1,Unnecessary Night HVAC,2.89,1.17,0.98,0.0,0,None
2026-04-17 02:15:00,22.16,1,0,0,230.89,10.55,2.3,0.8,0.944,0.575,581.37,5348.65,260,534.86,1.6,1.173,0.344,0.02,0.0,0.336,1,1,Unnecessary Night HVAC,2.3,1.16,0.78,0.0,0,None
2026-04-17 02:30:00,21.93,1,0,0,232.49,10.88,2.36,0.909,0.933,0.59,581.96,5354.08,260,535.41,1.6,1.173,0.342,0.02,0.0,0.398,1,1,Unnecessary Night HVAC,3.09,2.89,0.23,0.0,0,None
2026-04-17 02:45:00,22.04,1,0,0,233.57,10.55,2.282,0.932,0.926,0.5705,582.54,5359.32,260,535.93,1.6,1.173,0.354,0.02,0.0,0.308,1,1,Unnecessary Night HVAC,4.37,2.81,0.81,0.0,0,None
2026-04-17 03:00:00,22.72,1,0,0,231.57,10.63,2.348,0.74,0.954,0.587,583.12,5364.72,260,536.47,1.6,1.173,0.361,0.02,0.0,0.367,1,1,Unnecessary Night HVAC,2.39,1.49,0.81,0.0,0,None
2026-04-17 03:15:00,21.61,1,0,0,233.41,11.25,2.325,1.219,0.886,0.5812,583.7,5370.07,260,537.01,1.6,1.173,0.345,0.121,0.0,0.259,1,1,Unnecessary Night HVAC,2.28,1.44,0.93,0.0,0,None
2026-04-17 03:30:00,22.09,1,0,0,233.4,11.52,2.461,1.08,0.916,0.6152,584.32,5375.73,260,537.57,1.6,1.173,0.329,0.124,0.0,0.408,1,1,Unnecessary Night HVAC,4.05,3.27,0.23,0.0,0,None
2026-04-17 03:45:00,22.3,1,0,0,232.04,10.83,2.344,0.903,0.933,0.586,584.9,5381.12,260,538.11,1.6,1.173,0.349,0.02,0.0,0.375,1,1,Unnecessary Night HVAC,2.61,1.04,0.73,0.0,0,None
2026-04-17 04:00:00,22.45,1,0,0,232.31,11.59,2.465,1.085,0.915,0.6163,585.52,5386.79,260,538.68,1.6,1.173,0.362,0.02,0.0,0.483,1,1,Unnecessary Night HVAC,3.46,2.48,0.57,0.0,0,None
2026-04-17 04:15:00,23.52,1,0,0,234.53,11.36,2.431,1.089,0.913,0.6078,586.13,5392.38,260,539.24,1.6,1.173,0.335,0.02,0.0,0.476,1,1,Unnecessary Night HVAC,3.34,2.12,0.45,0.0,0,None
2026-04-17 04:30:00,23.26,1,0,0,234.64,10.64,2.323,0.918,0.93,0.5808,586.71,5397.73,260,539.77,1.6,1.173,0.339,0.02,0.0,0.364,1,1,Unnecessary Night HVAC,2.51,3.45,0.82,0.0,0,None
2026-04-17 04:45:00,22.95,1,0,0,232.46,10.92,2.421,0.763,0.954,0.6053,587.31,5403.3,260,540.33,1.6,1.173,0.359,0.12,0.0,0.342,1,1,Unnecessary Night HVAC,2.42,3.2,0.63,0.0,0,None
2026-04-17 05:00:00,24.65,1,0,0,233.68,3.59,0.798,0.256,0.952,0.1995,587.51,5405.13,260,540.51,0.0,1.173,0.345,0.125,0.0,0.328,0,0,Normal,4.01,2.96,0.25,0.0,0,None
2026-04-17 05:15:00,23.01,1,0,0,232.69,3.7,0.79,0.343,0.917,0.1975,587.71,5406.95,260,540.69,0.0,1.173,0.347,0.02,0.0,0.423,0,0,Normal,2.59,2.63,0.74,0.0,0,None
2026-04-17 05:30:00,23.75,1,0,0,231.14,3.1,0.677,0.231,0.946,0.1693,587.88,5408.51,260,540.85,0.0,1.173,0.36,0.02,0.0,0.297,0,0,Normal,3.33,3.84,0.25,0.0,0,None
2026-04-17 05:45:00,23.94,1,0,0,233.41,3.26,0.698,0.301,0.918,0.1745,588.06,5410.11,260,541.01,0.0,1.173,0.356,0.02,0.0,0.322,0,0,Normal,2.85,3.89,0.37,0.0,0,None
2026-04-17 06:00:00,24.54,1,0,0,234.77,10.44,2.311,0.818,0.943,0.5778,588.63,5415.43,260,541.54,0.0,1.173,0.354,0.02,1.621,0.316,0,0,Normal,2.2,3.62,0.9,0.0,0,None
2026-04-17 06:15:00,25.15,1,0,0,234.55,9.96,2.226,0.712,0.952,0.5565,589.19,5420.55,260,542.05,0.0,1.173,0.34,0.115,1.451,0.32,0,0,Normal,4.41,2.38,0.54,0.0,0,None
2026-04-17 06:30:00,24.45,1,0,0,232.94,10.65,2.231,1.086,0.899,0.5578,589.75,5425.68,260,542.57,0.0,1.173,0.349,0.124,1.225,0.533,0,0,Normal,3.01,2.58,0.75,0.0,0,None
2026-04-17 06:45:00,25.35,1,0,0,234.42,10.31,2.17,1.064,0.898,0.5425,590.29,5430.67,260,543.07,0.0,1.173,0.328,0.02,1.412,0.41,0,0,Normal,3.6,2.03,0.55,0.0,0,None
2026-04-17 07:00:00,26.98,1,0,0,236.88,10.43,2.226,1.072,0.901,0.5565,590.85,5435.79,260,543.58,0.577,1.173,0.048,0.02,1.202,0.379,0,0,Normal,3.19,3.73,0.35,0.0,0,None
2026-04-17 07:15:00,26.58,1,0,0,234.05,13.43,2.878,1.265,0.915,0.7195,591.57,5442.41,260,544.24,0.486,1.173,0.064,0.02,1.858,0.45,0,0,Normal,4.35,3.66,0.63,0.0,0,None
2026-04-17 07:30:00,25.52,1,0,0,232.89,9.22,2.011,0.752,0.937,0.5028,592.07,5447.03,260,544.7,0.071,1.174,0.044,0.02,1.5,0.376,0,0,Normal,2.05,1.61,0.58,0.0,0,None
2026-04-17 07:45:00,25.96,1,0,0,233.0,12.62,2.59,1.391,0.881,0.6475,592.72,5452.99,260,545.3,0.274,1.174,0.057,0.125,1.716,0.418,0,0,Normal,2.1,3.24,0.21,0.0,0,None
2026-04-17 08:00:00,28.28,1,0,0,232.07,16.68,3.415,1.823,0.882,0.8538,593.57,5460.84,260,546.08,1.416,1.174,0.04,0.109,1.589,0.261,0,0,Normal,2.09,3.6,0.85,0.0,0,None
2026-04-17 08:15:00,28.01,1,0,0,233.38,15.54,3.199,1.711,0.882,0.7998,594.37,5468.2,260,546.82,1.079,1.174,0.036,0.02,1.717,0.347,0,0,Normal,4.11,2.91,0.51,0.0,0,None
2026-04-17 08:30:00,26.65,1,0,0,232.14,13.65,2.927,1.212,0.924,0.7317,595.1,5474.93,260,547.49,0.564,1.174,0.063,0.02,1.895,0.385,0,0,Normal,3.32,2.67,0.96,0.0,0,None
2026-04-17 08:45:00,28.62,1,0,0,233.1,16.54,3.508,1.599,0.91,0.877,595.98,5483.0,260,548.3,1.466,1.174,0.064,0.02,1.62,0.338,0,0,Normal,3.92,2.27,0.48,0.0,0,None
2026-04-17 09:00:00,29.62,0,0,0,232.01,1.22,0.251,0.13,0.887,0.0628,596.04,5483.58,260,548.36,0.0,1.174,0.04,0.02,0.0,0.191,0,0,Normal,2.08,3.18,0.41,0.0,0,None
2026-04-17 09:15:00,29.14,0,0,0,233.95,1.52,0.338,0.107,0.953,0.0845,596.13,5484.36,260,548.44,0.0,1.174,0.031,0.118,0.0,0.189,0,0,Normal,3.8,2.7,0.6,0.0,0,None
2026-04-17 09:30:00,30.05,0,0,0,232.09,1.4,0.306,0.108,0.943,0.0765,596.2,5485.06,260,548.51,0.0,1.174,0.051,0.122,0.0,0.133,0,0,Normal,3.92,1.02,0.7,0.0,0,None
2026-04-17 09:45:00,29.21,0,0,0,231.3,1.03,0.227,0.074,0.951,0.0568,596.26,5485.58,260,548.56,0.0,1.174,0.056,0.02,0.0,0.151,0,0,Normal,3.17,2.94,0.65,0.0,0,None
2026-04-17 10:00:00,30.66,0,0,0,232.37,1.34,0.295,0.102,0.945,0.0738,596.33,5486.26,260,548.63,0.0,1.174,0.054,0.02,0.0,0.221,0,0,Normal,2.71,2.32,0.72,0.0,0,None
2026-04-17 10:15:00,31.18,0,0,0,232.05,1.32,0.275,0.134,0.899,0.0688,596.4,5486.89,260,548.69,0.0,1.174,0.047,0.02,0.0,0.208,0,0,Normal,3.14,2.28,0.66,0.0,0,None
2026-04-17 10:30:00,31.89,0,0,0,232.19,0.71,0.15,0.068,0.91,0.0375,596.44,5487.24,260,548.72,0.0,1.174,0.043,0.02,0.0,0.087,0,0,Normal,3.91,2.36,0.65,0.0,0,None
2026-04-17 10:45:00,31.81,0,0,0,229.48,1.71,0.349,0.178,0.891,0.0872,596.53,5488.04,260,548.8,0.0,1.174,0.058,0.111,0.0,0.18,0,0,Normal,2.41,3.93,0.56,0.0,0,None
2026-04-17 11:00:00,32.42,0,0,0,228.86,1.68,0.354,0.153,0.918,0.0885,596.61,5488.86,260,548.89,0.0,1.174,0.035,0.121,0.0,0.198,0,0,Normal,2.92,3.89,0.84,0.0,0,None
2026-04-17 11:15:00,32.47,0,0,0,229.66,1.38,0.283,0.145,0.891,0.0707,596.69,5489.51,260,548.95,0.0,1.174,0.055,0.02,0.0,0.208,0,0,Normal,2.07,2.23,0.33,0.0,0,None
2026-04-17 11:30:00,32.64,0,0,0,231.83,1.09,0.231,0.101,0.917,0.0578,596.74,5490.04,260,549.0,0.0,1.174,0.034,0.02,0.0,0.177,0,0,Normal,3.51,2.02,0.95,0.0,0,None
2026-04-17 11:45:00,31.61,0,0,0,230.47,1.47,0.299,0.16,0.882,0.0748,596.82,5490.73,260,549.07,0.0,1.174,0.053,0.02,0.0,0.226,0,0,Normal,2.36,1.45,0.69,0.0,0,None
2026-04-17 12:00:00,33.52,0,0,0,229.88,1.15,0.247,0.092,0.937,0.0618,596.88,5491.29,260,549.13,0.0,1.174,0.042,0.02,0.0,0.185,0,0,Normal,3.25,3.1,0.47,0.0,0,None
2026-04-17 12:15:00,32.83,0,0,0,228.99,1.96,0.42,0.16,0.934,0.105,596.98,5492.26,260,549.23,0.0,1.174,0.055,0.133,0.0,0.232,0,0,Normal,4.03,1.41,0.97,0.0,0,None
2026-04-17 12:30:00,33.36,0,0,0,231.13,1.91,0.393,0.204,0.888,0.0982,597.08,5493.16,260,549.32,0.0,1.174,0.033,0.121,0.0,0.239,0,0,Normal,2.87,1.7,0.39,0.0,0,None
2026-04-17 12:45:00,33.08,0,0,0,230.36,1.15,0.253,0.082,0.951,0.0632,597.15,5493.75,260,549.37,0.0,1.174,0.055,0.02,0.0,0.178,0,0,Normal,2.76,1.2,0.4,0.0,0,None
2026-04-17 13:00:00,34.05,0,0,0,230.65,1.03,0.211,0.109,0.888,0.0528,597.2,5494.23,260,549.42,0.0,1.174,0.051,0.02,0.0,0.14,0,0,Normal,3.69,3.17,0.86,0.0,0,None
2026-04-17 13:15:00,33.85,0,0,0,228.28,1.12,0.235,0.1,0.921,0.0588,597.26,5494.77,260,549.48,0.0,1.174,0.042,0.02,0.0,0.173,0,0,Normal,3.0,2.85,0.41,0.0,0,None
2026-04-17 13:30:00,32.26,0,0,0,229.74,1.0,0.218,0.07,0.952,0.0545,597.31,5495.27,260,549.53,0.0,1.174,0.041,0.02,0.0,0.157,0,0,Normal,2.82,2.6,0.53,0.0,0,None
2026-04-17 13:45:00,33.89,0,0,0,229.06,1.11,0.236,0.093,0.931,0.059,597.37,5495.82,260,549.58,0.0,1.174,0.039,0.116,0.0,0.081,0,0,Normal,3.43,1.7,0.83,0.0,0,None
2026-04-17 14:00:00,34.32,0,0,0,227.57,1.37,0.288,0.122,0.921,0.072,597.44,5496.48,260,549.65,0.0,1.175,0.048,0.116,0.0,0.124,0,0,Normal,3.37,3.01,0.88,0.0,0,None
2026-04-17 14:15:00,34.22,0,0,0,227.8,1.42,0.301,0.117,0.932,0.0752,597.52,5497.17,260,549.72,0.0,1.175,0.036,0.02,0.0,0.245,0,0,Normal,2.97,1.49,0.91,0.0,0,None
2026-04-17 14:30:00,33.95,0,0,0,227.19,1.39,0.288,0.128,0.914,0.072,597.59,5497.83,260,549.78,0.0,1.175,0.057,0.02,0.0,0.211,0,0,Normal,3.31,1.45,0.95,0.0,0,None
2026-04-17 14:45:00,34.82,0,0,0,228.5,0.8,0.166,0.079,0.902,0.0415,597.63,5498.21,260,549.82,0.0,1.175,0.041,0.02,0.0,0.105,0,0,Normal,3.65,3.7,0.44,0.0,0,None
2026-04-17 15:00:00,33.95,0,0,0,228.1,1.1,0.236,0.086,0.94,0.059,597.69,5498.76,260,549.88,0.0,1.175,0.047,0.02,0.0,0.169,0,0,Normal,3.1,3.2,0.96,0.0,0,None
2026-04-17 15:15:00,34.01,0,0,0,227.33,1.51,0.324,0.114,0.943,0.081,597.77,5499.5,260,549.95,0.0,1.175,0.05,0.121,0.0,0.153,0,0,Normal,2.93,2.09,0.95,0.0,0,None
2026-04-17 15:30:00,34.32,0,0,0,227.56,1.28,0.275,0.094,0.946,0.0687,597.84,5500.13,260,550.01,0.0,1.175,0.053,0.118,0.0,0.104,0,0,Normal,2.66,3.63,0.58,0.0,0,None
2026-04-17 15:45:00,33.98,0,0,0,227.22,1.36,0.295,0.09,0.957,0.0738,597.91,5500.81,260,550.08,0.0,1.175,0.044,0.02,0.0,0.231,0,0,Normal,3.75,2.35,0.55,0.0,0,None
2026-04-17 16:00:00,32.75,0,0,0,226.48,1.07,0.22,0.102,0.907,0.055,597.97,5501.32,260,550.13,0.0,1.175,0.058,0.02,0.0,0.142,0,0,Normal,3.56,1.39,0.5,0.0,0,None
2026-04-17 16:15:00,31.98,0,0,0,226.92,1.43,0.296,0.132,0.913,0.074,598.04,5502.0,260,550.2,0.0,1.175,0.036,0.02,0.0,0.24,0,0,Normal,2.97,1.84,0.65,0.0,0,None
2026-04-17 16:30:00,32.96,0,0,0,227.78,0.83,0.18,0.058,0.951,0.045,598.09,5502.41,260,550.24,0.0,1.175,0.046,0.02,0.0,0.114,0,0,Normal,2.6,2.59,0.28,0.0,0,None
2026-04-17 16:45:00,33.58,0,0,0,226.68,1.46,0.307,0.124,0.927,0.0768,598.17,5503.12,260,550.31,0.0,1.175,0.039,0.122,0.0,0.146,0,0,Normal,3.26,3.06,0.39,0.0,0,None
2026-04-17 17:00:00,32.07,0,0,0,225.55,1.38,0.275,0.145,0.884,0.0687,598.23,5503.75,260,550.38,0.0,1.175,0.055,0.118,0.0,0.102,0,0,Normal,4.11,3.3,0.99,0.0,0,None
2026-04-17 17:15:00,32.64,0,0,0,225.23,1.29,0.263,0.125,0.903,0.0658,598.3,5504.36,260,550.44,0.0,1.175,0.049,0.02,0.0,0.194,0,0,Normal,2.6,2.35,0.49,0.0,0,None
2026-04-17 17:30:00,32.32,0,0,0,225.52,1.34,0.276,0.123,0.914,0.069,598.37,5504.99,260,550.5,0.0,1.175,0.05,0.02,0.0,0.206,0,0,Normal,2.85,3.39,0.3,0.0,0,None
2026-04-17 17:45:00,32.89,0,0,0,226.71,1.44,0.3,0.128,0.92,0.075,598.44,5505.68,260,550.57,0.0,1.175,0.052,0.02,0.0,0.228,0,0,Normal,2.87,1.8,0.47,0.0,0,None
2026-04-17 18:00:00,30.85,1,0,1,225.72,15.89,3.343,1.296,0.932,0.8358,599.28,5513.37,260,551.34,2.491,1.175,0.348,0.02,0.0,0.484,0,0,Normal,3.94,2.58,0.62,0.0,0,None
2026-04-17 18:15:00,31.23,1,0,1,226.47,16.02,3.385,1.303,0.933,0.8462,600.13,5521.16,260,552.12,2.676,1.175,0.344,0.118,0.0,0.247,0,0,Normal,4.29,3.71,0.55,0.0,0,None
2026-04-17 18:30:00,31.25,1,0,1,226.84,18.23,3.653,1.939,0.883,0.9132,601.04,5529.56,260,552.96,2.751,1.175,0.354,0.123,0.0,0.425,0,0,Normal,4.05,2.92,0.87,0.0,0,None
2026-04-17 18:45:00,31.75,1,0,1,224.4,17.26,3.605,1.413,0.931,0.9013,601.94,5537.85,260,553.79,2.966,1.175,0.333,0.02,0.0,0.286,0,0,Normal,3.95,1.93,0.31,0.0,0,None
2026-04-17 19:00:00,28.7,1,0,1,226.93,16.53,3.495,1.365,0.931,0.8738,602.81,5545.89,260,554.59,1.51,1.175,0.346,0.02,1.209,0.41,0,0,Normal,3.06,1.09,0.38,0.0,0,None
2026-04-17 19:15:00,29.32,1,0,1,226.44,17.0,3.638,1.256,0.945,0.9095,603.72,5554.26,260,555.43,1.692,1.175,0.365,0.02,1.345,0.216,0,0,Normal,3.74,2.38,0.32,0.0,0,None
2026-04-17 19:30:00,29.98,1,0,1,224.24,24.4,4.829,2.571,0.883,1.2072,604.93,5565.36,260,556.54,2.139,1.175,0.342,0.02,1.861,0.467,0,0,Normal,2.49,1.82,0.39,0.0,0,None
2026-04-17 19:45:00,30.33,1,0,1,226.3,24.57,5.146,2.103,0.926,1.2865,606.22,5577.2,260,557.72,2.284,1.175,0.366,0.123,1.983,0.39,0,0,Normal,3.98,1.76,0.8,0.0,0,None
2026-04-17 20:00:00,28.12,1,0,1,226.39,16.4,3.333,1.633,0.898,0.8332,607.05,5584.86,260,558.49,1.174,1.175,0.337,0.125,1.378,0.319,0,0,Normal,3.16,2.16,0.76,0.0,0,None
2026-04-17 20:15:00,27.85,1,0,1,224.01,18.48,3.892,1.412,0.94,0.973,608.02,5593.82,260,559.38,1.104,1.175,0.349,0.02,1.956,0.463,0,0,Normal,3.13,1.3,0.26,0.0,0,None
2026-04-17 20:30:00,28.38,1,0,1,226.17,16.91,3.662,1.104,0.957,0.9155,608.94,5602.24,260,560.22,1.381,1.175,0.357,0.02,1.654,0.25,0,0,Normal,4.09,3.46,0.4,0.0,0,None
2026-04-17 20:45:00,28.43,1,0,1,226.58,18.37,3.905,1.438,0.938,0.9762,609.92,5611.22,260,561.12,1.241,1.176,0.331,0.02,1.963,0.35,0,0,Normal,2.64,1.45,0.63,0.0,0,None
2026-04-17 21:00:00,26.27,1,0,1,229.37,12.73,2.614,1.302,0.895,0.6535,610.57,5617.23,260,561.72,0.385,1.176,0.354,0.02,1.439,0.416,0,0,Normal,3.38,2.57,0.39,0.0,0,None
2026-04-17 21:15:00,26.61,1,0,1,227.84,13.62,2.753,1.432,0.887,0.6882,611.26,5623.56,260,562.36,0.541,1.176,0.344,0.119,1.389,0.36,0,0,Normal,4.41,1.49,0.34,0.0,0,None
2026-04-17 21:30:00,27.04,1,0,1,226.06,14.62,2.94,1.509,0.89,0.735,611.99,5630.33,260,563.03,0.796,1.176,0.346,0.121,1.456,0.221,0,0,Normal,3.3,3.51,0.93,0.0,0,None
2026-04-17 21:45:00,27.39,1,0,1,228.09,16.34,3.525,1.212,0.946,0.8812,612.87,5638.43,260,563.84,0.914,1.176,0.372,0.02,1.773,0.446,0,0,Normal,4.05,2.57,0.59,0.0,0,None
2026-04-17 22:00:00,25.37,1,0,1,226.76,3.29,0.692,0.277,0.928,0.173,613.05,5640.03,260,564.0,0.0,1.176,0.349,0.02,0.0,0.323,0,0,Normal,2.09,3.34,0.67,0.0,0,None
2026-04-17 22:15:00,25.02,1,0,1,227.33,3.5,0.737,0.298,0.927,0.1842,613.23,5641.72,260,564.17,0.0,1.176,0.349,0.02,0.0,0.368,0,0,Normal,4.15,3.13,0.68,0.0,0,None
2026-04-17 22:30:00,24.97,1,0,1,227.53,3.37,0.675,0.363,0.881,0.1688,613.4,5643.27,260,564.33,0.0,1.176,0.348,0.02,0.0,0.307,0,0,Normal,3.11,1.51,0.42,0.0,0,None
2026-04-17 22:45:00,25.28,1,0,1,228.48,3.52,0.712,0.375,0.885,0.178,613.58,5644.91,260,564.49,0.0,1.176,0.337,0.125,0.0,0.25,0,0,Normal,2.55,2.09,0.86,0.0,0,None
2026-04-17 23:00:00,23.7,1,0,1,227.6,4.33,0.897,0.41,0.91,0.2242,613.8,5646.97,260,564.7,0.0,1.176,0.342,0.115,0.0,0.44,0,0,Normal,4.0,1.1,0.85,0.0,0,None
2026-04-17 23:15:00,23.85,1,0,1,229.24,3.84,0.776,0.414,0.883,0.194,614.0,5648.76,260,564.88,0.0,1.176,0.338,0.02,0.0,0.418,0,0,Normal,2.81,3.04,0.41,0.0,0,None
2026-04-17 23:30:00,23.23,1,0,1,229.4,3.73,0.768,0.377,0.898,0.192,614.19,5650.52,260,565.05,0.0,1.176,0.355,0.02,0.0,0.393,0,0,Normal,2.38,3.06,0.44,0.0,0,None
2026-04-17 23:45:00,24.41,1,0,1,231.16,3.36,0.723,0.282,0.932,0.1808,614.37,5652.19,260,565.22,0.0,1.176,0.341,0.02,0.0,0.362,0,0,Normal,2.74,2.97,0.9,0.0,0,None
2026-04-18 00:00:00,22.23,1,1,0,227.89,3.46,0.735,0.288,0.931,0.1838,614.55,5653.88,260,565.39,0.0,1.176,0.355,0.02,0.0,0.36,0,0,Normal,3.54,1.84,0.28,0.0,0,None
2026-04-18 00:15:00,22.59,1,1,0,229.45,3.95,0.847,0.324,0.934,0.2118,614.76,5655.83,260,565.58,0.0,1.176,0.353,0.121,0.0,0.373,0,0,Normal,2.45,3.77,0.36,0.0,0,None
2026-04-18 00:30:00,22.85,1,1,0,229.12,4.14,0.85,0.423,0.895,0.2125,614.98,5657.78,260,565.78,0.0,1.176,0.345,0.128,0.0,0.377,0,0,Normal,3.45,3.73,0.77,0.0,0,None
2026-04-18 00:45:00,23.8,1,1,0,231.86,3.32,0.69,0.34,0.897,0.1725,615.15,5659.37,260,565.94,0.0,1.176,0.356,0.02,0.0,0.314,0,0,Normal,4.08,1.37,0.44,0.0,0,None
2026-04-18 01:00:00,21.99,1,1,0,232.54,3.71,0.788,0.353,0.913,0.197,615.35,5661.18,260,566.12,0.0,1.176,0.367,0.02,0.0,0.401,0,0,Normal,2.99,1.21,0.47,0.0,0,None
2026-04-18 01:15:00,21.87,1,1,0,231.49,2.88,0.622,0.241,0.932,0.1555,615.5,5662.61,260,566.26,0.0,1.176,0.354,0.02,0.0,0.248,0,0,Normal,4.44,2.05,0.51,0.0,0,None
2026-04-18 01:30:00,21.93,1,1,0,230.29,3.37,0.706,0.321,0.91,0.1765,615.68,5664.24,260,566.42,0.0,1.176,0.347,0.02,0.0,0.339,0,0,Normal,4.0,2.22,0.6,0.0,0,None
2026-04-18 01:45:00,23.03,1,1,0,232.68,4.31,0.901,0.439,0.899,0.2252,615.9,5666.31,260,566.63,0.0,1.176,0.339,0.124,0.0,0.438,0,0,Normal,3.34,1.57,0.44,0.0,0,None
2026-04-18 02:00:00,20.59,1,1,0,232.23,4.51,0.965,0.408,0.921,0.2412,616.14,5668.53,260,566.85,0.0,1.176,0.329,0.13,0.0,0.506,0,0,Normal,3.37,2.65,0.49,0.0,0,None
2026-04-18 02:15:00,21.5,1,1,0,230.29,3.92,0.801,0.416,0.887,0.2002,616.34,5670.37,260,567.04,0.0,1.176,0.346,0.02,0.0,0.435,0,0,Normal,4.3,3.96,0.32,0.0,0,None
2026-04-18 02:30:00,23.37,1,1,0,230.27,4.27,0.882,0.436,0.896,0.2205,616.57,5672.4,260,567.24,0.0,1.176,0.327,0.02,0.0,0.535,0,0,Normal,2.88,2.44,0.27,0.0,0,None
2026-04-18 02:45:00,22.3,1,1,0,232.6,3.77,0.79,0.379,0.901,0.1975,616.76,5674.22,260,567.42,0.0,1.176,0.356,0.02,0.0,0.414,0,0,Normal,3.86,3.03,0.67,0.0,0,None
2026-04-18 03:00:00,21.65,1,1,0,231.79,3.13,0.679,0.255,0.936,0.1698,616.93,5675.78,260,567.58,0.0,1.176,0.336,0.02,0.0,0.323,0,0,Normal,3.4,3.37,0.63,0.0,0,None
2026-04-18 03:15:00,22.18,1,1,0,234.63,3.17,0.702,0.243,0.945,0.1755,617.11,5677.39,260,567.74,0.0,1.177,0.341,0.117,0.0,0.244,0,0,Normal,2.49,1.25,0.43,0.0,0,None
2026-04-18 03:30:00,22.24,1,1,0,232.4,3.45,0.711,0.372,0.886,0.1778,617.29,5679.03,260,567.9,0.0,1.177,0.342,0.125,0.0,0.244,0,0,Normal,3.12,3.05,0.81,0.0,0,None
2026-04-18 03:45:00,22.63,1,1,0,234.46,3.61,0.788,0.306,0.932,0.197,617.48,5680.84,260,568.08,0.0,1.177,0.35,0.02,0.0,0.418,0,0,Normal,2.37,3.21,0.95,0.0,0,None
2026-04-18 04:00:00,23.72,1,1,0,231.14,4.2,0.903,0.357,0.93,0.2258,617.71,5682.92,260,568.29,0.0,1.177,0.363,0.02,0.0,0.52,0,0,Normal,2.59,1.61,0.73,0.0,0,None
2026-04-18 04:15:00,23.0,1,1,0,233.54,3.62,0.75,0.389,0.888,0.1875,617.9,5684.64,260,568.46,0.0,1.177,0.343,0.02,0.0,0.387,0,0,Normal,3.95,3.99,0.84,0.0,0,None
2026-04-18 04:30:00,22.53,1,1,0,233.75,3.06,0.652,0.292,0.912,0.163,618.06,5686.14,260,568.61,0.0,1.177,0.341,0.02,0.0,0.291,0,0,Normal,3.4,2.27,0.75,0.0,0,None
2026-04-18 04:45:00,23.2,1,1,0,232.82,4.31,0.904,0.438,0.9,0.226,618.28,5688.22,260,568.82,0.0,1.177,0.355,0.115,0.0,0.434,0,0,Normal,3.11,3.17,0.27,0.0,0,None
2026-04-18 05:00:00,23.41,1,1,0,233.52,3.84,0.845,0.3,0.943,0.2112,618.5,5690.16,260,569.02,0.0,1.177,0.34,0.125,0.0,0.38,0,0,Normal,2.23,2.09,0.46,0.0,0,None
2026-04-18 05:15:00,23.24,1,1,0,235.3,3.5,0.766,0.303,0.93,0.1915,618.69,5691.92,260,569.19,0.0,1.177,0.355,0.02,0.0,0.391,0,0,Normal,2.75,2.31,0.69,0.0,0,None
2026-04-18 05:30:00,22.88,1,1,0,234.52,2.95,0.657,0.215,0.95,0.1642,618.85,5693.44,260,569.34,0.0,1.177,0.352,0.02,0.0,0.285,0,0,Normal,2.05,1.09,0.72,0.0,0,None
2026-04-18 05:45:00,22.97,1,1,0,234.44,3.53,0.765,0.317,0.924,0.1912,619.04,5695.2,260,569.52,0.0,1.177,0.359,0.02,0.0,0.386,0,0,Normal,2.52,3.51,0.71,0.0,0,None
2026-04-18 06:00:00,24.55,1,1,0,232.88,12.07,2.657,0.917,0.945,0.6642,619.71,5701.31,260,570.13,0.0,1.177,0.37,0.02,1.853,0.414,0,0,Normal,2.27,3.08,0.48,0.0,0,None
2026-04-18 06:15:00,24.41,1,1,0,233.26,12.99,2.7,1.376,0.891,0.675,620.38,5707.52,260,570.75,0.0,1.177,0.338,0.108,1.78,0.474,0,0,Normal,2.19,2.52,0.83,0.0,0,None
2026-04-18 06:30:00,25.16,1,1,0,233.7,12.97,2.762,1.246,0.912,0.6905,621.07,5713.87,260,571.39,0.0,1.177,0.341,0.118,1.969,0.334,0,0,Normal,4.04,1.95,0.23,0.0,0,None
2026-04-18 06:45:00,24.4,1,1,0,233.63,12.26,2.562,1.279,0.895,0.6405,621.71,5719.76,260,571.98,0.0,1.177,0.352,0.02,1.755,0.435,0,0,Normal,4.27,2.18,0.45,0.0,0,None
2026-04-18 07:00:00,24.88,1,1,0,233.96,9.48,1.977,1.004,0.892,0.4942,622.21,5724.31,260,572.43,0.0,1.177,0.048,0.02,1.572,0.337,0,0,Normal,2.81,1.0,0.84,0.0,0,None
2026-04-18 07:15:00,25.93,1,1,0,232.88,10.02,2.182,0.83,0.935,0.5455,622.75,5729.33,260,572.93,0.146,1.177,0.037,0.02,1.624,0.355,0,0,Normal,4.21,2.56,0.64,0.0,0,None
2026-04-18 07:30:00,26.21,1,1,0,232.62,8.85,1.873,0.857,0.909,0.4682,623.22,5733.64,260,573.36,0.274,1.177,0.059,0.02,1.266,0.254,0,0,Normal,2.29,3.26,0.32,0.0,0,None
2026-04-18 07:45:00,26.14,1,1,0,232.72,13.33,2.729,1.473,0.88,0.6822,623.9,5739.91,260,573.99,0.331,1.177,0.053,0.121,1.839,0.385,0,0,Normal,3.44,3.44,0.47,0.0,0,None
2026-04-18 08:00:00,28.76,1,1,0,233.94,14.55,3.227,1.079,0.948,0.8068,624.71,5747.33,260,574.73,1.486,1.177,0.038,0.128,1.322,0.253,0,0,Normal,4.48,1.66,0.84,0.0,0,None
2026-04-18 08:15:00,27.69,1,1,0,233.55,15.42,3.19,1.67,0.886,0.7975,625.51,5754.67,260,575.47,1.075,1.177,0.058,0.02,1.577,0.46,0,0,Normal,2.63,1.28,0.43,0.0,0,None
2026-04-18 08:30:00,28.44,1,1,0,232.43,14.35,2.958,1.543,0.887,0.7395,626.25,5761.47,260,576.15,1.242,1.177,0.021,0.02,1.456,0.219,0,0,Normal,2.32,2.17,0.34,0.0,0,None
2026-04-18 08:45:00,27.99,1,1,0,234.17,13.5,2.823,1.421,0.893,0.7058,626.95,5767.97,260,576.8,1.094,1.177,0.05,0.02,1.299,0.36,0,0,Normal,3.34,1.81,0.68,0.0,0,None
2026-04-18 09:00:00,29.53,1,1,0,234.7,10.26,2.305,0.693,0.958,0.5762,627.53,5773.27,260,577.33,1.856,1.177,0.057,0.02,0.0,0.372,0,0,Normal,3.88,1.07,0.9,0.0,0,None
2026-04-18 09:15:00,29.14,1,1,0,231.87,9.91,2.195,0.683,0.955,0.5488,628.08,5778.32,260,577.83,1.763,1.177,0.07,0.12,0.0,0.242,0,0,Normal,4.07,2.72,0.47,0.0,0,None
2026-04-18 09:30:00,29.52,1,1,0,231.33,11.12,2.424,0.862,0.942,0.606,628.68,5783.89,260,578.39,1.884,1.177,0.059,0.118,0.0,0.363,0,0,Normal,2.98,1.42,0.55,0.0,0,None
2026-04-18 09:45:00,29.17,1,1,0,232.89,10.6,2.248,1.021,0.911,0.562,629.25,5789.06,260,578.91,1.774,1.178,0.036,0.02,0.0,0.418,0,0,Normal,4.1,2.53,0.93,0.0,0,None
2026-04-18 10:00:00,31.09,1,1,0,231.41,14.62,3.064,1.433,0.906,0.766,630.01,5796.11,260,579.61,2.677,1.178,0.048,0.02,0.0,0.319,0,0,Normal,2.73,3.51,0.36,0.0,0,None
2026-04-18 10:15:00,30.88,1,1,0,229.87,13.64,2.949,1.066,0.94,0.7373,630.75,5802.89,260,580.29,2.568,1.178,0.052,0.02,0.0,0.309,0,0,Normal,3.04,3.08,0.97,0.0,0,None
2026-04-18 10:30:00,30.53,1,1,0,233.9,12.77,2.81,1.012,0.941,0.7025,631.45,5809.36,260,580.94,2.3,1.178,0.074,0.02,0.0,0.416,0,0,Normal,4.37,2.89,0.75,0.0,0,None
2026-04-18 10:45:00,31.5,1,1,0,232.18,15.61,3.47,1.049,0.957,0.8675,632.32,5817.34,260,581.73,2.863,1.178,0.056,0.122,0.0,0.429,0,0,Normal,3.71,1.76,0.9,0.0,0,None
2026-04-18 11:00:00,32.46,0,1,0,229.69,1.68,0.365,0.127,0.945,0.0912,632.41,5818.18,260,581.82,0.0,1.178,0.047,0.133,0.0,0.185,0,0,Normal,2.68,2.23,0.59,0.0,0,None
2026-04-18 11:15:00,32.02,0,1,0,231.29,1.17,0.239,0.126,0.885,0.0598,632.47,5818.73,260,581.87,0.0,1.178,0.059,0.02,0.0,0.16,0,0,Normal,4.41,3.29,0.31,0.0,0,None
2026-04-18 11:30:00,32.32,0,1,0,231.88,0.66,0.143,0.053,0.938,0.0358,632.51,5819.06,260,581.91,0.0,1.178,0.041,0.02,0.0,0.082,0,0,Normal,3.35,1.56,0.95,0.0,0,None
2026-04-18 11:45:00,32.2,0,1,0,229.17,1.36,0.299,0.089,0.958,0.0748,632.58,5819.74,260,581.97,0.0,1.178,0.042,0.02,0.0,0.237,0,0,Normal,2.37,2.37,0.68,0.0,0,None
2026-04-18 12:00:00,32.76,0,1,0,228.85,4.13,0.893,0.311,0.944,0.2232,632.8,5821.8,260,582.18,0.3,1.178,0.055,0.02,0.0,0.518,1,0,Weekend Guest Spike (context-explained),4.24,1.87,0.9,0.0,0,None
2026-04-18 12:15:00,33.23,0,1,0,231.4,5.1,1.109,0.402,0.94,0.2772,633.08,5824.35,260,582.43,0.3,1.178,0.049,0.116,0.0,0.644,1,0,Weekend Guest Spike (context-explained),2.78,2.2,1.0,0.0,0,None
2026-04-18 12:30:00,32.89,0,1,0,229.49,4.91,1.045,0.424,0.927,0.2612,633.34,5826.75,260,582.68,0.3,1.178,0.056,0.12,0.0,0.569,1,0,Weekend Guest Spike (context-explained),3.6,1.32,0.46,0.0,0,None
2026-04-18 12:45:00,32.72,0,1,0,228.82,4.47,0.946,0.388,0.925,0.2365,633.58,5828.93,260,582.89,0.3,1.178,0.039,0.02,0.0,0.587,1,0,Weekend Guest Spike (context-explained),2.52,2.53,0.74,0.0,0,None
2026-04-18 13:00:00,32.98,0,1,0,227.48,4.7,0.963,0.464,0.901,0.2408,633.82,5831.14,260,583.11,0.3,1.178,0.061,0.02,0.0,0.582,1,0,Weekend Guest Spike (context-explained),3.58,2.86,0.84,0.0,0,None
2026-04-18 13:15:00,33.62,0,1,0,229.1,4.04,0.848,0.371,0.916,0.212,634.03,5833.09,260,583.31,0.3,1.178,0.028,0.02,0.0,0.5,1,0,Weekend Guest Spike (context-explained),2.36,3.25,0.97,0.0,0,None
2026-04-18 13:30:00,34.08,0,1,0,230.73,4.4,0.902,0.466,0.888,0.2255,634.26,5835.17,260,583.52,0.3,1.178,0.052,0.02,0.0,0.53,1,0,Weekend Guest Spike (context-explained),2.26,1.31,0.59,0.0,0,None
2026-04-18 13:45:00,33.45,0,1,0,229.44,4.73,1.006,0.409,0.926,0.2515,634.51,5837.48,260,583.75,0.3,1.178,0.036,0.121,0.0,0.549,1,0,Weekend Guest Spike (context-explained),4.05,3.37,0.34,0.0,0,None
2026-04-18 14:00:00,35.26,0,1,0,229.75,4.58,0.964,0.421,0.916,0.241,634.75,5839.7,260,583.97,0.3,1.178,0.047,0.136,0.0,0.481,1,0,Weekend Guest Spike (context-explained),4.22,2.97,0.29,0.0,0,None
2026-04-18 14:15:00,34.44,0,1,0,226.95,4.87,1.015,0.437,0.918,0.2538,635.0,5842.03,260,584.2,0.3,1.178,0.056,0.02,0.0,0.639,1,0,Weekend Guest Spike (context-explained),3.86,3.58,0.55,0.0,0,None
2026-04-18 14:30:00,34.65,0,1,0,228.34,4.46,0.904,0.467,0.889,0.226,635.23,5844.11,260,584.41,0.3,1.178,0.027,0.02,0.0,0.557,1,0,Weekend Guest Spike (context-explained),2.83,3.57,0.67,0.0,0,None
2026-04-18 14:45:00,34.4,0,1,0,227.49,4.27,0.923,0.299,0.951,0.2308,635.46,5846.23,260,584.62,0.3,1.178,0.061,0.02,0.0,0.542,1,0,Weekend Guest Spike (context-explained),4.36,3.93,0.61,0.0,0,None
2026-04-18 15:00:00,34.72,1,1,0,227.04,26.36,5.582,2.16,0.933,1.3955,636.86,5859.07,260,585.91,4.71,1.178,0.052,0.02,0.0,0.8,1,0,Weekend Guest Spike (context-explained),2.48,3.23,0.34,0.0,0,None
2026-04-18 15:15:00,33.4,1,1,0,227.35,24.59,4.973,2.555,0.89,1.2432,638.1,5870.51,260,587.05,3.95,1.178,0.062,0.129,0.0,0.832,1,0,Weekend Guest Spike (context-explained),2.22,2.75,0.66,0.0,0,None
2026-04-18 15:30:00,32.52,1,1,0,227.25,22.84,4.574,2.455,0.881,1.1435,639.24,5881.03,260,588.1,3.613,1.178,0.04,0.122,0.0,0.799,1,0,Weekend Guest Spike (context-explained),3.54,1.62,0.78,0.0,0,None
2026-04-18 15:45:00,33.57,1,1,0,225.73,23.18,5.001,1.54,0.956,1.2502,640.49,5892.53,260,589.25,4.061,1.178,0.055,0.02,0.0,0.865,1,0,Weekend Guest Spike (context-explained),3.31,1.6,0.47,0.0,0,None
2026-04-18 16:00:00,33.48,1,1,0,224.04,23.84,4.857,2.224,0.909,1.2142,641.71,5903.7,260,590.37,4.034,1.178,0.042,0.02,0.0,0.761,1,0,Weekend Guest Spike (context-explained),4.42,2.72,0.28,0.0,0,None
2026-04-18 16:15:00,33.27,1,1,0,227.16,21.99,4.689,1.722,0.939,1.1722,642.88,5914.49,260,591.45,4.009,1.179,0.042,0.02,0.0,0.618,1,0,Weekend Guest Spike (context-explained),3.39,2.16,0.96,0.0,0,None
2026-04-18 16:30:00,33.33,1,1,0,226.84,24.15,4.86,2.526,0.887,1.215,644.09,5925.67,260,592.57,4.023,1.179,0.033,0.02,0.0,0.784,1,0,Weekend Guest Spike (context-explained),3.18,3.24,0.46,0.0,0,None
2026-04-18 16:45:00,33.86,1,1,0,226.59,23.88,5.171,1.593,0.956,1.2928,645.39,5937.56,260,593.76,4.234,1.179,0.032,0.113,0.0,0.792,1,0,Weekend Guest Spike (context-explained),3.53,2.31,0.67,0.0,0,None
2026-04-18 17:00:00,32.43,1,1,0,228.06,20.48,4.297,1.833,0.92,1.0743,646.46,5947.44,260,594.74,3.451,1.179,0.043,0.121,0.0,0.682,1,0,Weekend Guest Spike (context-explained),3.48,2.7,0.37,0.0,0,None
2026-04-18 17:15:00,32.64,1,1,0,226.87,20.66,4.451,1.468,0.95,1.1127,647.57,5957.68,260,595.77,3.663,1.179,0.06,0.02,0.0,0.708,1,0,Weekend Guest Spike (context-explained),4.36,2.57,0.55,0.0,0,None
2026-04-18 17:30:00,31.77,1,1,0,226.14,19.35,3.881,2.021,0.887,0.9702,648.54,5966.61,260,596.66,3.183,1.179,0.053,0.02,0.0,0.625,1,0,Weekend Guest Spike (context-explained),3.82,2.68,0.7,0.0,0,None
2026-04-18 17:45:00,31.69,1,1,0,227.64,19.27,4.039,1.709,0.921,1.0098,649.55,5975.9,260,597.59,3.223,1.179,0.045,0.02,0.0,0.751,1,0,Weekend Guest Spike (context-explained),3.79,1.7,0.5,0.0,0,None
2026-04-18 18:00:00,31.81,1,1,1,224.62,22.09,4.41,2.275,0.889,1.1025,650.66,5986.04,260,598.6,3.241,1.179,0.341,0.02,0.0,0.808,1,0,Weekend Guest Spike (context-explained),3.23,1.95,0.9,0.0,0,None
2026-04-18 18:15:00,31.05,1,1,1,225.03,19.2,4.125,1.288,0.955,1.0312,651.69,5995.53,260,599.55,2.809,1.179,0.327,0.114,0.0,0.875,1,0,Weekend Guest Spike (context-explained),3.72,2.23,0.75,0.0,0,None
2026-04-18 18:30:00,30.69,1,1,1,227.04,19.2,4.064,1.576,0.932,1.016,652.7,6004.87,260,600.49,2.732,1.179,0.357,0.116,0.0,0.859,1,0,Weekend Guest Spike (context-explained),3.9,1.66,0.53,0.0,0,None
2026-04-18 18:45:00,30.69,1,1,1,225.69,19.05,3.941,1.721,0.916,0.9852,653.69,6013.94,260,601.39,2.768,1.179,0.346,0.02,0.0,0.807,1,0,Weekend Guest Spike (context-explained),4.19,2.61,0.39,0.0,0,None
2026-04-18 19:00:00,29.23,1,1,1,226.64,22.28,4.757,1.691,0.942,1.1893,654.88,6024.88,260,602.49,2.209,1.179,0.337,0.02,1.528,0.663,1,0,Weekend Guest Spike (context-explained),4.05,3.37,0.62,0.0,0,None
2026-04-18 19:15:00,29.2,1,1,1,225.96,22.34,4.624,2.024,0.916,1.156,656.03,6035.52,260,603.55,1.931,1.179,0.345,0.02,1.682,0.646,1,0,Weekend Guest Spike (context-explained),2.54,2.24,0.92,0.0,0,None
2026-04-18 19:30:00,28.91,1,1,1,227.19,23.07,4.857,1.972,0.927,1.2142,657.25,6046.69,260,604.67,1.998,1.179,0.353,0.02,1.774,0.712,1,0,Weekend Guest Spike (context-explained),3.95,1.82,0.84,0.0,0,None
2026-04-18 19:45:00,28.8,1,1,1,227.68,22.23,4.855,1.429,0.959,1.2137,658.46,6057.85,260,605.79,1.821,1.179,0.335,0.12,1.843,0.736,1,0,Weekend Guest Spike (context-explained),3.24,3.71,0.89,0.0,0,None
2026-04-18 20:00:00,27.9,1,1,1,227.45,21.2,4.589,1.479,0.952,1.1473,659.61,6068.41,260,606.84,1.468,1.179,0.347,0.121,1.976,0.677,1,0,Weekend Guest Spike (context-explained),2.26,2.2,0.27,0.0,0,None
2026-04-18 20:15:00,27.7,1,1,1,226.12,18.9,3.883,1.783,0.909,0.9708,660.58,6077.34,260,607.73,1.361,1.179,0.352,0.02,1.236,0.914,1,0,Weekend Guest Spike (context-explained),3.15,3.06,0.56,0.0,0,None
2026-04-18 20:30:00,28.55,1,1,1,226.66,22.7,4.699,2.095,0.913,1.1748,661.76,6088.15,260,608.81,1.694,1.179,0.362,0.02,1.795,0.828,1,0,Weekend Guest Spike (context-explained),3.5,3.2,0.9,0.0,0,None
2026-04-18 20:45:00,28.15,1,1,1,227.74,20.39,4.27,1.825,0.92,1.0675,662.82,6097.97,260,609.8,1.627,1.179,0.348,0.02,1.54,0.735,1,0,Weekend Guest Spike (context-explained),2.46,1.22,0.52,0.0,0,None
2026-04-18 21:00:00,26.58,1,1,1,227.19,15.61,3.153,1.625,0.889,0.7882,663.61,6105.22,260,610.52,0.799,1.179,0.334,0.02,1.254,0.746,1,0,Weekend Guest Spike (context-explained),4.22,1.43,0.96,0.0,0,None
2026-04-18 21:15:00,26.08,1,1,1,224.94,16.51,3.388,1.519,0.913,0.847,664.46,6113.01,260,611.3,0.525,1.179,0.354,0.12,1.598,0.791,1,0,Weekend Guest Spike (context-explained),2.86,3.8,0.4,0.0,0,None
2026-04-18 21:30:00,26.39,1,1,1,227.47,16.76,3.557,1.374,0.933,0.8892,665.35,6121.19,260,612.12,0.698,1.179,0.337,0.12,1.619,0.783,1,0,Weekend Guest Spike (context-explained),4.03,1.64,0.3,0.0,0,None
2026-04-18 21:45:00,26.63,1,1,1,228.88,17.42,3.629,1.653,0.91,0.9072,666.25,6129.54,260,612.95,0.752,1.179,0.342,0.02,1.72,0.795,1,0,Weekend Guest Spike (context-explained),3.17,2.89,0.76,0.0,0,None
2026-04-18 22:00:00,25.36,1,1,1,227.13,4.27,0.861,0.444,0.889,0.2152,666.47,6131.52,260,613.15,0.0,1.179,0.357,0.02,0.0,0.484,0,0,Normal,3.58,1.56,0.51,0.0,0,None
2026-04-18 22:15:00,24.95,1,1,1,227.66,3.37,0.7,0.316,0.911,0.175,666.64,6133.13,260,613.31,0.0,1.179,0.355,0.02,0.0,0.325,0,0,Normal,2.04,3.72,0.39,0.0,0,None
2026-04-18 22:30:00,25.54,1,1,1,226.86,4.02,0.805,0.43,0.882,0.2012,666.85,6134.98,260,613.5,0.0,1.179,0.349,0.02,0.0,0.436,0,0,Normal,3.45,3.6,0.38,0.0,0,None
2026-04-18 22:45:00,25.0,1,1,1,228.54,3.28,0.694,0.283,0.926,0.1735,667.02,6136.58,260,613.66,0.0,1.18,0.345,0.115,0.0,0.234,0,0,Normal,2.98,3.61,0.41,0.0,0,None
2026-04-18 23:00:00,24.15,1,1,1,230.33,3.64,0.739,0.396,0.881,0.1848,667.2,6138.28,260,613.83,0.0,1.18,0.341,0.123,0.0,0.275,0,0,Normal,3.27,2.92,0.47,0.0,0,None
2026-04-18 23:15:00,23.51,1,1,1,228.01,3.35,0.681,0.347,0.891,0.1703,667.37,6139.84,260,613.98,0.0,1.18,0.344,0.02,0.0,0.317,0,0,Normal,2.86,3.15,0.63,0.0,0,None
2026-04-18 23:30:00,22.85,1,1,1,229.1,2.83,0.599,0.246,0.925,0.1498,667.52,6141.22,260,614.12,0.0,1.18,0.341,0.02,0.0,0.238,0,0,Normal,2.62,1.06,0.29,0.0,0,None
2026-04-18 23:45:00,23.89,1,1,1,229.99,3.76,0.795,0.341,0.919,0.1987,667.72,6143.05,260,614.3,0.0,1.18,0.356,0.02,0.0,0.419,0,0,Normal,2.83,3.6,0.46,0.0,0,None
2026-04-19 00:00:00,23.17,1,1,0,230.68,3.2,0.699,0.236,0.948,0.1748,667.9,6144.66,260,614.47,0.0,1.18,0.368,0.02,0.0,0.311,0,0,Normal,2.06,1.07,0.93,0.0,0,None
2026-04-19 00:15:00,23.09,1,1,0,230.16,4.42,0.929,0.412,0.914,0.2322,668.13,6146.79,260,614.68,0.0,1.18,0.342,0.115,0.0,0.472,0,0,Normal,2.53,1.0,0.79,0.0,0,None
2026-04-19 00:30:00,23.01,1,1,0,229.79,3.64,0.791,0.269,0.947,0.1977,668.33,6148.61,260,614.86,0.0,1.18,0.362,0.115,0.0,0.314,0,0,Normal,4.36,1.6,0.69,0.0,0,None
2026-04-19 00:45:00,22.63,1,1,0,232.89,3.87,0.83,0.352,0.921,0.2075,668.54,6150.52,260,615.05,0.0,1.18,0.36,0.02,0.0,0.45,0,0,Normal,3.54,1.26,0.21,0.0,0,None
2026-04-19 01:00:00,21.8,1,1,0,232.05,3.27,0.684,0.327,0.902,0.171,668.71,6152.1,260,615.21,0.0,1.18,0.347,0.02,0.0,0.317,0,0,Normal,2.23,2.92,0.68,0.0,0,None
2026-04-19 01:15:00,22.48,1,1,0,230.84,3.58,0.741,0.364,0.898,0.1852,668.89,6153.8,260,615.38,0.0,1.18,0.352,0.02,0.0,0.369,0,0,Normal,2.33,3.0,0.77,0.0,0,None
2026-04-19 01:30:00,22.42,1,1,0,230.91,3.48,0.734,0.329,0.912,0.1835,669.07,6155.49,260,615.55,0.0,1.18,0.353,0.02,0.0,0.361,0,0,Normal,4.08,3.65,0.82,0.0,0,None
2026-04-19 01:45:00,21.92,1,1,0,231.42,4.08,0.854,0.401,0.905,0.2135,669.29,6157.45,260,615.75,0.0,1.18,0.358,0.125,0.0,0.371,0,0,Normal,4.07,1.38,0.61,0.0,0,None
2026-04-19 02:00:00,22.55,1,1,0,232.72,3.67,0.774,0.362,0.906,0.1935,669.48,6159.23,260,615.92,0.0,1.18,0.355,0.127,0.0,0.292,0,0,Normal,2.47,1.25,0.48,0.0,0,None
2026-04-19 02:15:00,21.56,1,1,0,233.93,3.45,0.764,0.262,0.946,0.191,669.67,6160.99,260,616.1,0.0,1.18,0.342,0.02,0.0,0.402,0,0,Normal,3.44,3.76,0.23,0.0,0,None
2026-04-19 02:30:00,21.71,1,1,0,231.31,3.77,0.789,0.374,0.904,0.1972,669.87,6162.8,260,616.28,0.0,1.18,0.332,0.02,0.0,0.437,0,0,Normal,2.49,1.92,0.76,0.0,0,None
2026-04-19 02:45:00,22.82,1,1,0,231.38,3.29,0.676,0.349,0.889,0.169,670.04,6164.36,260,616.44,0.0,1.18,0.356,0.02,0.0,0.3,0,0,Normal,2.9,1.56,0.33,0.0,0,None
2026-04-19 03:00:00,22.64,1,1,0,233.09,2.93,0.654,0.194,0.959,0.1635,670.2,6165.86,260,616.59,0.0,1.18,0.36,0.02,0.0,0.274,0,0,Normal,4.02,1.15,0.91,0.0,0,None
2026-04-19 03:15:00,22.03,1,1,0,231.49,3.55,0.779,0.259,0.949,0.1948,670.4,6167.65,260,616.77,0.0,1.18,0.334,0.12,0.0,0.325,0,0,Normal,3.31,3.85,0.56,0.0,0,None
2026-04-19 03:30:00,22.35,1,1,0,232.21,3.52,0.758,0.307,0.927,0.1895,670.59,6169.4,260,616.94,0.0,1.18,0.346,0.123,0.0,0.289,0,0,Normal,2.91,3.87,0.28,0.0,0,None
2026-04-19 03:45:00,22.28,1,1,0,234.6,3.57,0.752,0.37,0.897,0.188,670.77,6171.13,260,617.11,0.0,1.18,0.337,0.02,0.0,0.395,0,0,Normal,2.6,1.9,0.67,0.0,0,None
2026-04-19 04:00:00,21.43,1,1,0,234.01,3.45,0.769,0.248,0.952,0.1922,670.97,6172.9,260,617.29,0.0,1.18,0.354,0.02,0.0,0.395,0,0,Normal,4.23,3.58,0.31,0.0,0,None
2026-04-19 04:15:00,22.35,1,1,0,233.62,3.36,0.719,0.315,0.916,0.1798,671.15,6174.55,260,617.46,0.0,1.18,0.354,0.02,0.0,0.345,0,0,Normal,3.73,1.23,0.84,0.0,0,None
2026-04-19 04:30:00,22.78,1,1,0,235.58,3.02,0.662,0.259,0.931,0.1655,671.31,6176.07,260,617.61,0.0,1.18,0.351,0.02,0.0,0.291,0,0,Normal,2.29,1.68,0.2,0.0,0,None
2026-04-19 04:45:00,22.63,1,1,0,234.01,3.69,0.796,0.335,0.922,0.199,671.51,6177.9,260,617.79,0.0,1.18,0.349,0.119,0.0,0.328,0,0,Normal,4.37,1.22,0.33,0.0,0,None
2026-04-19 05:00:00,23.88,1,1,0,234.51,3.41,0.714,0.36,0.893,0.1785,671.69,6179.55,260,617.95,0.0,1.18,0.351,0.116,0.0,0.247,0,0,Normal,3.17,2.34,0.83,0.0,0,None
2026-04-19 05:15:00,24.32,1,1,0,232.4,3.56,0.733,0.384,0.886,0.1832,671.87,6181.23,260,618.12,0.0,1.181,0.355,0.02,0.0,0.358,0,0,Normal,2.96,2.03,0.56,0.0,0,None
2026-04-19 05:30:00,23.6,1,1,0,234.48,2.72,0.613,0.179,0.96,0.1532,672.03,6182.64,260,618.26,0.0,1.181,0.358,0.02,0.0,0.235,0,0,Normal,4.41,3.7,0.8,0.0,0,None
2026-04-19 05:45:00,23.23,1,1,0,234.38,3.08,0.66,0.294,0.914,0.165,672.19,6184.16,260,618.42,0.0,1.181,0.348,0.02,0.0,0.292,0,0,Normal,2.38,3.5,0.99,0.0,0,None
2026-04-19 06:00:00,25.16,1,1,0,233.04,10.05,2.177,0.862,0.93,0.5442,672.74,6189.17,260,618.92,0.0,1.181,0.346,0.02,1.508,0.303,0,0,Normal,2.03,3.64,0.54,0.0,0,None
2026-04-19 06:15:00,24.84,1,1,0,233.82,10.5,2.189,1.11,0.892,0.5472,673.28,6194.2,260,619.42,0.0,1.181,0.346,0.126,1.448,0.269,0,0,Normal,2.24,3.94,0.23,0.0,0,None
2026-04-19 06:30:00,24.92,1,1,0,233.61,12.45,2.725,1.017,0.937,0.6812,673.96,6200.47,260,620.05,0.0,1.181,0.358,0.116,1.891,0.36,0,0,Normal,2.92,3.96,0.53,0.0,0,None
2026-04-19 06:45:00,24.85,1,1,0,235.55,10.28,2.318,0.699,0.957,0.5795,674.54,6205.8,260,620.58,0.0,1.181,0.333,0.02,1.504,0.461,0,0,Normal,2.28,2.97,0.65,0.0,0,None
2026-04-19 07:00:00,27.57,1,1,0,233.07,15.97,3.451,1.396,0.927,0.8628,675.41,6213.74,260,621.37,0.99,1.181,0.046,0.02,1.991,0.404,0,0,Normal,4.33,2.17,0.99,0.0,0,None
2026-04-19 07:15:00,25.33,1,1,0,234.38,8.95,1.875,0.942,0.894,0.4688,675.88,6218.05,260,621.8,0.0,1.181,0.042,0.02,1.499,0.314,0,0,Normal,4.27,1.89,0.33,0.0,0,None
2026-04-19 07:30:00,26.25,1,1,0,233.85,10.14,2.204,0.874,0.93,0.551,676.43,6223.12,260,622.31,0.242,1.181,0.037,0.02,1.493,0.412,0,0,Normal,4.2,2.68,0.91,0.0,0,None
2026-04-19 07:45:00,26.45,1,1,0,233.87,10.41,2.184,1.078,0.897,0.546,676.97,6228.14,260,622.81,0.421,1.181,0.061,0.119,1.236,0.347,0,0,Normal,2.98,3.14,0.62,0.0,0,None
2026-04-19 08:00:00,27.61,1,1,0,232.76,13.35,2.947,0.982,0.949,0.7368,677.71,6234.92,260,623.49,0.959,1.181,0.056,0.119,1.516,0.297,0,0,Normal,2.79,2.28,0.83,0.0,0,None
2026-04-19 08:15:00,28.45,1,1,0,235.28,15.5,3.35,1.442,0.919,0.8375,678.55,6242.63,260,624.26,1.455,1.181,0.055,0.02,1.435,0.385,0,0,Normal,2.33,2.92,0.52,0.0,0,None
2026-04-19 08:30:00,28.41,1,1,0,231.5,16.49,3.376,1.783,0.884,0.844,679.39,6250.39,260,625.04,1.349,1.181,0.061,0.02,1.535,0.411,0,0,Normal,3.37,3.08,0.58,0.0,0,None
2026-04-19 08:45:00,27.98,1,1,0,232.55,15.09,3.182,1.478,0.907,0.7955,680.19,6257.71,260,625.77,1.159,1.181,0.061,0.02,1.477,0.465,0,0,Normal,2.71,2.94,0.77,0.0,0,None
2026-04-19 09:00:00,29.42,1,1,0,232.76,11.42,2.357,1.23,0.887,0.5893,680.78,6263.13,260,626.31,1.804,1.181,0.04,0.02,0.0,0.493,0,0,Normal,4.49,3.67,0.97,0.0,0,None
2026-04-19 09:15:00,29.5,1,1,0,232.23,11.13,2.469,0.764,0.955,0.6172,681.39,6268.81,260,626.88,1.82,1.181,0.058,0.118,0.0,0.473,0,0,Normal,4.3,3.53,0.97,0.0,0,None
2026-04-19 09:30:00,29.5,1,1,0,232.3,12.35,2.562,1.29,0.893,0.6405,682.03,6274.7,260,627.47,1.922,1.181,0.046,0.117,0.0,0.477,0,0,Normal,3.41,2.51,0.38,0.0,0,None
2026-04-19 09:45:00,29.51,1,1,0,231.86,10.64,2.189,1.138,0.887,0.5472,682.58,6279.74,260,627.97,1.842,1.181,0.066,0.02,0.0,0.261,0,0,Normal,3.31,3.38,0.72,0.0,0,None
2026-04-19 10:00:00,30.91,1,1,0,233.45,13.86,2.913,1.411,0.9,0.7282,683.31,6286.44,260,628.64,2.526,1.181,0.053,0.02,0.0,0.314,0,0,Normal,3.27,3.88,0.66,0.0,0,None
2026-04-19 10:15:00,31.13,1,1,0,232.15,13.51,2.933,1.109,0.935,0.7332,684.04,6293.18,260,629.32,2.629,1.181,0.048,0.02,0.0,0.236,0,0,Normal,2.17,2.17,0.45,0.0,0,None
2026-04-19 10:30:00,31.38,1,1,0,232.82,15.39,3.343,1.287,0.933,0.8358,684.88,6300.87,260,630.09,2.743,1.181,0.062,0.02,0.0,0.518,0,0,Normal,3.24,1.8,0.61,0.0,0,None
2026-04-19 10:45:00,30.38,1,1,0,231.14,13.44,2.738,1.466,0.882,0.6845,685.56,6307.17,260,630.72,2.263,1.181,0.043,0.126,0.0,0.306,0,0,Normal,2.71,3.61,0.78,0.0,0,None
2026-04-19 11:00:00,31.72,0,1,0,231.96,1.54,0.337,0.119,0.943,0.0842,685.65,6307.94,260,630.79,0.0,1.181,0.045,0.118,0.0,0.174,0,0,Normal,2.14,1.42,0.88,0.0,0,None
2026-04-19 11:15:00,31.37,0,1,0,231.98,1.42,0.304,0.126,0.924,0.076,685.72,6308.64,260,630.86,0.0,1.181,0.067,0.02,0.0,0.217,0,0,Normal,2.4,2.45,0.7,0.0,0,None
2026-04-19 11:30:00,32.68,0,1,0,231.88,1.29,0.266,0.137,0.889,0.0665,685.79,6309.25,260,630.93,0.0,1.181,0.042,0.02,0.0,0.204,0,0,Normal,2.17,2.04,0.94,0.0,0,None
2026-04-19 11:45:00,32.37,0,1,0,229.26,0.74,0.156,0.064,0.925,0.039,685.83,6309.61,260,630.96,0.0,1.181,0.026,0.02,0.0,0.11,0,0,Normal,3.73,1.8,0.58,0.0,0,None
2026-04-19 12:00:00,33.45,0,1,0,232.29,1.22,0.266,0.095,0.941,0.0665,685.89,6310.22,260,631.02,0.0,1.182,0.061,0.02,0.0,0.185,0,0,Normal,2.23,1.04,0.71,0.0,0,None
2026-04-19 12:15:00,32.48,0,1,0,229.28,1.74,0.363,0.163,0.912,0.0908,685.98,6311.06,260,631.11,0.0,1.182,0.057,0.121,0.0,0.185,0,0,Normal,4.07,1.14,0.99,0.0,0,None
2026-04-19 12:30:00,34.09,0,1,0,228.34,1.18,0.247,0.109,0.915,0.0618,686.05,6311.63,260,631.16,0.0,1.182,0.037,0.118,0.0,0.092,0,0,Normal,4.21,2.54,0.79,0.0,0,None
2026-04-19 12:45:00,32.89,0,1,0,228.56,1.22,0.255,0.111,0.918,0.0638,686.11,6312.21,260,631.22,0.0,1.182,0.062,0.02,0.0,0.173,0,0,Normal,4.42,2.57,0.35,0.0,0,None
2026-04-19 13:00:00,33.88,0,1,0,230.63,1.47,0.313,0.13,0.923,0.0782,686.19,6312.93,260,631.29,0.0,1.182,0.053,0.02,0.0,0.24,0,0,Normal,2.53,1.68,0.42,0.0,0,None
2026-04-19 13:15:00,34.22,0,1,0,228.36,0.79,0.169,0.065,0.934,0.0422,686.23,6313.32,260,631.33,0.0,1.182,0.049,0.02,0.0,0.1,0,0,Normal,3.16,2.34,0.93,0.0,0,None
2026-04-19 13:30:00,33.3,0,1,0,227.4,1.41,0.286,0.143,0.895,0.0715,686.3,6313.98,260,631.4,0.0,1.182,0.042,0.02,0.0,0.224,0,0,Normal,4.37,2.77,0.33,0.0,0,None
2026-04-19 13:45:00,33.52,0,1,0,226.77,1.77,0.354,0.188,0.883,0.0885,686.39,6314.79,260,631.48,0.0,1.182,0.058,0.12,0.0,0.176,0,0,Normal,2.83,1.04,0.62,0.0,0,None
2026-04-19 14:00:00,34.09,0,1,0,227.56,1.35,0.293,0.092,0.954,0.0733,686.46,6315.47,260,631.55,0.0,1.182,0.049,0.116,0.0,0.128,0,0,Normal,3.03,1.22,0.54,0.0,0,None
2026-04-19 14:15:00,35.43,0,1,0,226.96,0.99,0.209,0.08,0.934,0.0522,686.52,6315.95,260,631.59,0.0,1.182,0.035,0.02,0.0,0.154,0,0,Normal,4.41,3.15,0.46,0.0,0,None
2026-04-19 14:30:00,34.15,0,1,0,228.06,1.11,0.229,0.11,0.901,0.0572,686.57,6316.48,260,631.65,0.0,1.182,0.034,0.02,0.0,0.175,0,0,Normal,3.96,2.05,0.51,0.0,0,None
2026-04-19 14:45:00,34.8,0,1,0,226.95,1.06,0.229,0.075,0.95,0.0572,686.63,6317.0,260,631.7,0.0,1.182,0.06,0.02,0.0,0.149,0,0,Normal,4.36,2.54,0.84,0.0,0,None
2026-04-19 15:00:00,34.4,1,1,0,226.29,21.52,4.663,1.401,0.958,1.1657,687.8,6327.73,260,632.77,4.233,1.182,0.036,0.02,0.0,0.374,0,0,Normal,2.32,3.42,0.48,0.0,0,None
2026-04-19 15:15:00,33.98,1,1,0,227.6,22.8,4.604,2.394,0.887,1.151,688.95,6338.32,260,633.83,4.067,1.182,0.05,0.109,0.0,0.378,0,0,Normal,2.17,1.93,0.69,0.0,0,None
2026-04-19 15:30:00,33.3,1,1,0,228.26,20.14,4.398,1.342,0.956,1.0995,690.05,6348.43,260,634.84,3.747,1.182,0.064,0.117,0.0,0.47,0,0,Normal,4.3,2.16,0.62,0.0,0,None
2026-04-19 15:45:00,34.33,1,1,0,226.72,22.19,4.482,2.287,0.891,1.1205,691.17,6358.74,260,635.87,4.158,1.182,0.053,0.02,0.0,0.251,0,0,Normal,3.72,2.39,0.79,0.0,0,None
2026-04-19 16:00:00,32.45,1,1,0,224.78,17.1,3.591,1.368,0.935,0.8978,692.07,6367.0,260,636.7,3.293,1.182,0.042,0.02,0.0,0.236,0,0,Normal,4.29,2.57,0.36,0.0,0,None
2026-04-19 16:15:00,34.0,1,1,0,224.95,21.63,4.471,1.92,0.919,1.1177,693.18,6377.28,260,637.73,3.961,1.182,0.048,0.02,0.0,0.442,0,0,Normal,3.39,3.79,0.39,0.0,0,None
2026-04-19 16:30:00,33.3,1,1,0,226.58,19.67,4.01,1.945,0.9,1.0025,694.19,6386.51,260,638.65,3.627,1.182,0.055,0.02,0.0,0.308,0,0,Normal,2.59,2.39,0.82,0.0,0,None
2026-04-19 16:45:00,31.87,1,1,0,225.67,17.53,3.673,1.467,0.929,0.9182,695.1,6394.95,260,639.5,3.064,1.182,0.036,0.126,0.0,0.447,0,0,Normal,3.71,1.11,0.5,0.0,0,None
2026-04-19 17:00:00,32.07,1,1,0,224.21,17.96,3.688,1.615,0.916,0.922,696.03,6403.44,260,640.34,3.173,1.182,0.057,0.115,0.0,0.343,0,0,Normal,2.39,3.6,0.28,0.0,0,None
2026-04-19 17:15:00,32.57,1,1,0,227.9,17.09,3.681,1.273,0.945,0.9202,696.95,6411.9,260,641.19,3.326,1.182,0.06,0.02,0.0,0.275,0,0,Normal,3.61,2.32,0.94,0.0,0,None
2026-04-19 17:30:00,32.12,1,1,0,226.04,16.8,3.621,1.142,0.954,0.9052,697.85,6420.23,260,642.02,3.035,1.182,0.058,0.02,0.0,0.508,0,0,Normal,3.0,1.06,0.99,0.0,0,None
2026-04-19 17:45:00,32.6,1,1,0,226.73,19.23,3.975,1.791,0.912,0.9938,698.84,6429.37,260,642.94,3.417,1.182,0.051,0.02,0.0,0.487,0,0,Normal,4.47,3.22,0.58,0.0,0,None
2026-04-19 18:00:00,30.57,1,1,1,226.8,15.38,3.179,1.436,0.911,0.7948,699.64,6436.69,260,643.67,2.417,1.182,0.335,0.02,0.0,0.407,0,0,Normal,2.68,1.62,0.36,0.0,0,None
2026-04-19 18:15:00,30.35,1,1,1,226.91,15.4,3.157,1.496,0.904,0.7892,700.43,6443.95,260,644.39,2.349,1.182,0.348,0.129,0.0,0.331,0,0,Normal,4.07,3.27,0.77,0.0,0,None
2026-04-19 18:30:00,30.96,1,1,1,225.74,17.14,3.415,1.817,0.883,0.8538,701.28,6451.8,260,645.18,2.575,1.183,0.354,0.116,0.0,0.37,0,0,Normal,3.7,2.55,0.21,0.0,0,None
2026-04-19 18:45:00,31.02,1,1,1,226.71,15.41,3.282,1.198,0.939,0.8205,702.1,6459.35,260,645.93,2.594,1.183,0.353,0.02,0.0,0.315,0,0,Normal,2.87,3.52,0.93,0.0,0,None
2026-04-19 19:00:00,29.38,1,1,1,226.28,18.09,3.801,1.52,0.928,0.9502,703.05,6468.09,260,646.81,1.825,1.183,0.366,0.02,1.205,0.385,0,0,Normal,3.04,2.04,0.91,0.0,0,None
2026-04-19 19:15:00,30.17,1,1,1,225.66,22.09,4.457,2.234,0.894,1.1142,704.17,6478.34,260,647.83,2.194,1.183,0.345,0.02,1.667,0.231,0,0,Normal,3.87,2.37,0.5,0.0,0,None
2026-04-19 19:30:00,29.13,1,1,1,225.84,17.91,3.696,1.641,0.914,0.924,705.09,6486.84,260,648.68,1.749,1.183,0.356,0.02,1.303,0.268,0,0,Normal,2.49,3.92,0.7,0.0,0,None
2026-04-19 19:45:00,29.71,1,1,1,226.44,21.14,4.36,1.974,0.911,1.09,706.18,6496.87,260,649.69,2.01,1.183,0.344,0.124,1.388,0.494,0,0,Normal,2.82,3.58,0.42,0.0,0,None
2026-04-19 20:00:00,28.03,1,1,1,225.19,16.45,3.332,1.621,0.899,0.833,707.01,6504.54,260,650.45,1.237,1.183,0.321,0.128,1.23,0.416,0,0,Normal,4.48,2.57,0.56,0.0,0,None
2026-04-19 20:15:00,27.22,1,1,1,225.86,13.4,2.809,1.128,0.928,0.7022,707.72,6511.0,260,651.1,0.784,1.183,0.368,0.02,1.331,0.306,0,0,Normal,4.43,3.82,0.33,0.0,0,None
2026-04-19 20:30:00,27.34,1,1,1,229.56,15.09,3.238,1.231,0.935,0.8095,708.53,6518.44,260,651.84,0.809,1.183,0.346,0.02,1.625,0.438,0,0,Normal,4.42,2.13,0.29,0.0,0,None
2026-04-19 20:45:00,28.01,1,1,1,227.47,14.83,3.206,1.051,0.95,0.8015,709.33,6525.82,260,652.58,1.241,1.183,0.342,0.02,1.346,0.257,0,0,Normal,2.34,3.9,0.26,0.0,0,None
2026-04-19 21:00:00,27.44,1,1,1,227.48,15.57,3.26,1.385,0.92,0.815,710.14,6533.32,260,653.33,0.803,1.183,0.351,0.02,1.719,0.367,0,0,Normal,3.93,2.56,0.72,0.0,0,None
2026-04-19 21:15:00,26.74,1,1,1,227.95,14.97,3.23,1.101,0.947,0.8075,710.95,6540.74,260,654.07,0.566,1.183,0.344,0.117,1.765,0.438,0,0,Normal,3.41,1.33,0.67,0.0,0,None
2026-04-19 21:30:00,25.58,1,1,1,228.08,12.93,2.669,1.253,0.905,0.6672,711.62,6546.88,260,654.69,0.076,1.183,0.362,0.114,1.771,0.346,0,0,Normal,4.35,1.12,0.91,0.0,0,None
2026-04-19 21:45:00,24.89,1,1,1,224.89,9.24,1.943,0.736,0.935,0.4858,712.1,6551.35,260,655.14,0.0,1.183,0.347,0.02,1.358,0.218,0,0,Normal,3.59,1.54,0.99,0.0,0,None
2026-04-19 22:00:00,25.37,1,1,1,226.69,3.33,0.701,0.281,0.928,0.1753,712.28,6552.96,260,655.3,0.0,1.183,0.346,0.02,0.0,0.335,0,0,Normal,3.98,2.73,0.54,0.0,0,None
2026-04-19 22:15:00,24.95,1,1,1,228.46,3.77,0.769,0.386,0.894,0.1922,712.47,6554.73,260,655.47,0.0,1.183,0.361,0.02,0.0,0.388,0,0,Normal,3.94,1.65,0.75,0.0,0,None
2026-04-19 22:30:00,25.57,1,1,1,228.09,4.01,0.807,0.429,0.883,0.2017,712.67,6556.59,260,655.66,0.058,1.183,0.356,0.02,0.0,0.373,0,0,Normal,3.7,2.79,0.3,0.0,0,None
2026-04-19 22:45:00,24.56,1,1,1,227.79,4.49,0.916,0.454,0.896,0.229,712.9,6558.7,260,655.87,0.0,1.183,0.356,0.118,0.0,0.442,0,0,Normal,3.83,3.95,0.57,0.0,0,None
2026-04-19 23:00:00,23.93,1,1,1,229.08,3.37,0.702,0.319,0.911,0.1755,713.08,6560.31,260,656.03,0.0,1.183,0.361,0.119,0.0,0.222,0,0,Normal,2.33,3.61,0.23,0.0,0,None
2026-04-19 23:15:00,24.18,1,1,1,230.12,3.21,0.656,0.338,0.889,0.164,713.24,6561.82,260,656.18,0.0,1.183,0.363,0.02,0.0,0.273,0,0,Normal,2.03,3.05,0.35,0.0,0,None
2026-04-19 23:30:00,23.53,1,1,1,227.05,3.9,0.819,0.339,0.924,0.2047,713.45,6563.7,260,656.37,0.0,1.183,0.354,0.02,0.0,0.445,0,0,Normal,4.13,1.31,0.69,0.0,0,None
2026-04-19 23:45:00,23.54,1,1,1,231.55,2.88,0.608,0.274,0.912,0.152,713.6,6565.1,260,656.51,0.0,1.183,0.345,0.02,0.0,0.243,0,0,Normal,4.41,2.28,0.24,0.0,0,None
2026-04-20 00:00:00,22.82,1,0,0,230.11,3.29,0.713,0.256,0.941,0.1782,713.78,6566.74,260,656.67,0.0,1.183,0.346,0.02,0.0,0.347,0,0,Normal,3.85,2.68,0.63,0.0,0,None
2026-04-20 00:15:00,23.08,1,0,0,231.41,4.75,0.967,0.52,0.881,0.2418,714.02,6568.97,260,656.9,0.0,1.183,0.372,0.118,0.0,0.477,0,0,Normal,2.21,2.84,0.49,0.0,0,None
2026-04-20 00:30:00,22.8,1,0,0,229.93,3.44,0.752,0.247,0.95,0.188,714.21,6570.7,260,657.07,0.0,1.183,0.342,0.117,0.0,0.293,0,0,Normal,2.62,3.48,0.82,0.0,0,None
2026-04-20 00:45:00,23.29,1,0,0,230.94,2.85,0.613,0.239,0.931,0.1532,714.36,6572.11,260,657.21,0.0,1.183,0.349,0.02,0.0,0.244,0,0,Normal,3.0,3.81,0.85,0.0,0,None
2026-04-20 01:00:00,21.97,1,0,0,230.21,3.34,0.691,0.337,0.899,0.1728,714.53,6573.69,260,657.37,0.0,1.184,0.34,0.02,0.0,0.331,0,0,Normal,3.05,3.73,0.38,0.0,0,None
2026-04-20 01:15:00,21.54,1,0,0,230.35,3.59,0.772,0.294,0.934,0.193,714.72,6575.47,260,657.55,0.0,1.184,0.331,0.02,0.0,0.421,0,0,Normal,3.59,2.34,0.79,0.0,0,None
2026-04-20 01:30:00,23.19,1,0,0,232.14,3.2,0.67,0.323,0.901,0.1675,714.89,6577.01,260,657.7,0.0,1.184,0.367,0.02,0.0,0.283,0,0,Normal,3.81,1.22,0.36,0.0,0,None
2026-04-20 01:45:00,21.9,1,0,0,232.14,3.98,0.866,0.324,0.937,0.2165,715.11,6579.0,260,657.9,0.0,1.184,0.353,0.125,0.0,0.388,0,0,Normal,2.76,2.82,0.31,0.0,0,None
2026-04-20 02:00:00,21.72,1,0,0,231.51,3.93,0.811,0.415,0.89,0.2027,715.31,6580.87,260,658.09,0.0,1.184,0.329,0.12,0.0,0.362,0,0,Normal,2.24,2.38,0.2,0.0,0,None
2026-04-20 02:15:00,21.97,1,0,0,232.01,3.78,0.786,0.388,0.897,0.1965,715.51,6582.68,260,658.27,0.0,1.184,0.338,0.02,0.0,0.428,0,0,Normal,2.64,1.43,0.73,0.0,0,None
2026-04-20 02:30:00,22.03,1,0,0,234.36,3.13,0.695,0.234,0.948,0.1738,715.68,6584.27,260,658.43,0.0,1.184,0.347,0.02,0.0,0.328,0,0,Normal,4.17,2.19,0.97,0.0,0,None
2026-04-20 02:45:00,21.81,1,0,0,233.81,4.06,0.859,0.406,0.904,0.2148,715.9,6586.25,260,658.63,0.0,1.184,0.356,0.02,0.0,0.483,0,0,Normal,3.41,1.12,0.77,0.0,0,None
2026-04-20 03:00:00,22.2,1,0,0,231.11,3.92,0.831,0.359,0.918,0.2078,716.1,6588.16,260,658.82,0.0,1.184,0.357,0.02,0.0,0.454,0,0,Normal,3.02,3.9,0.81,0.0,0,None
2026-04-20 03:15:00,22.18,1,0,0,235.64,3.88,0.872,0.273,0.954,0.218,716.32,6590.17,260,659.02,0.0,1.184,0.36,0.117,0.0,0.395,0,0,Normal,3.55,2.28,0.89,0.0,0,None
2026-04-20 03:30:00,22.29,1,0,0,231.92,4.04,0.826,0.441,0.882,0.2065,716.53,6592.07,260,659.21,0.0,1.184,0.351,0.121,0.0,0.354,0,0,Normal,4.49,1.81,0.6,0.0,0,None
2026-04-20 03:45:00,21.03,1,0,0,233.91,3.91,0.849,0.337,0.929,0.2122,716.74,6594.02,260,659.4,0.0,1.184,0.333,0.02,0.0,0.496,0,0,Normal,2.63,1.7,0.5,0.0,0,None
2026-04-20 04:00:00,23.74,1,0,0,233.38,3.6,0.768,0.341,0.914,0.192,716.93,6595.79,260,659.58,0.0,1.184,0.352,0.02,0.0,0.396,0,0,Normal,3.36,3.73,0.27,0.0,0,None
2026-04-20 04:15:00,22.73,1,0,0,232.22,3.96,0.827,0.4,0.9,0.2068,717.14,6597.69,260,659.77,0.0,1.184,0.329,0.02,0.0,0.478,0,0,Normal,4.16,1.38,0.45,0.0,0,None
2026-04-20 04:30:00,23.09,1,0,0,232.47,3.98,0.837,0.397,0.904,0.2092,717.35,6599.61,260,659.96,0.0,1.184,0.36,0.02,0.0,0.457,0,0,Normal,3.0,1.82,0.61,0.0,0,None
2026-04-20 04:45:00,22.11,1,0,0,233.3,4.46,0.937,0.455,0.9,0.2342,717.58,6601.77,260,660.18,0.0,1.184,0.358,0.115,0.0,0.464,0,0,Normal,2.27,1.56,0.88,0.0,0,None
2026-04-20 05:00:00,23.52,1,0,0,231.42,4.58,0.934,0.502,0.881,0.2335,717.82,6603.92,260,660.39,0.0,1.184,0.357,0.121,0.0,0.456,0,0,Normal,2.09,1.03,0.68,0.0,0,None
2026-04-20 05:15:00,23.42,1,0,0,236.23,2.91,0.647,0.234,0.94,0.1618,717.98,6605.4,260,660.54,0.0,1.184,0.347,0.02,0.0,0.28,0,0,Normal,3.5,2.77,0.52,0.0,0,None
2026-04-20 05:30:00,24.49,1,0,0,234.32,3.13,0.665,0.307,0.908,0.1662,718.14,6606.93,260,660.69,0.0,1.184,0.344,0.02,0.0,0.301,0,0,Normal,2.42,3.81,0.45,0.0,0,None
2026-04-20 05:45:00,23.46,1,0,0,234.2,3.37,0.703,0.359,0.89,0.1758,718.32,6608.55,260,660.86,0.0,1.184,0.345,0.02,0.0,0.338,0,0,Normal,2.39,2.35,0.77,0.0,0,None
2026-04-20 06:00:00,25.38,1,0,0,236.05,11.13,2.35,1.176,0.894,0.5875,718.91,6613.96,260,661.4,0.0,1.184,0.349,0.02,1.694,0.287,0,0,Normal,2.35,3.51,0.32,0.0,0,None
2026-04-20 06:15:00,24.67,1,0,0,233.1,11.16,2.316,1.186,0.89,0.579,719.49,6619.28,260,661.93,0.0,1.184,0.342,0.122,1.477,0.375,0,0,Normal,3.64,3.78,0.41,0.0,0,None
2026-04-20 06:30:00,24.77,1,0,0,233.67,12.27,2.671,1.043,0.931,0.6678,720.16,6625.43,260,662.54,0.0,1.184,0.348,0.113,1.911,0.299,0,0,Normal,3.36,2.0,0.73,0.0,0,None
2026-04-20 06:45:00,24.88,1,0,0,233.82,9.72,2.005,1.071,0.882,0.5012,720.66,6630.04,260,663.0,0.0,1.184,0.334,0.02,1.26,0.391,0,0,Normal,2.59,2.56,0.81,0.0,0,None
2026-04-20 07:00:00,27.09,1,0,0,234.46,12.55,2.67,1.237,0.907,0.6675,721.32,6636.18,260,663.62,0.726,1.184,0.054,0.02,1.518,0.352,0,0,Normal,2.8,2.7,0.52,0.0,0,None
2026-04-20 07:15:00,25.5,1,0,0,231.84,10.79,2.259,1.076,0.903,0.5648,721.89,6641.37,260,664.14,0.0,1.184,0.053,0.02,1.791,0.395,0,0,Normal,2.65,3.88,0.8,0.0,0,None
2026-04-20 07:30:00,25.79,1,0,0,232.85,9.93,2.211,0.679,0.956,0.5528,722.44,6646.46,260,664.65,0.11,1.185,0.058,0.02,1.673,0.35,0,0,Normal,2.71,3.98,0.65,0.0,0,None
2026-04-20 07:45:00,25.47,1,0,0,233.64,10.1,2.224,0.79,0.942,0.556,723.0,6651.57,260,665.16,0.0,1.185,0.047,0.121,1.573,0.483,0,0,Normal,3.25,1.99,0.75,0.0,0,None
2026-04-20 08:00:00,27.46,1,0,0,231.72,14.08,2.929,1.439,0.897,0.7322,723.73,6658.31,260,665.83,0.898,1.185,0.051,0.116,1.536,0.328,0,0,Normal,3.21,2.59,0.75,0.0,0,None
2026-04-20 08:15:00,27.59,1,0,0,233.38,14.01,2.903,1.503,0.888,0.7258,724.46,6664.99,260,666.5,1.144,1.185,0.04,0.02,1.341,0.358,0,0,Normal,4.37,2.78,0.77,0.0,0,None
2026-04-20 08:30:00,27.19,1,0,0,233.44,14.68,3.226,1.153,0.942,0.8065,725.26,6672.41,260,667.24,0.87,1.185,0.044,0.02,1.954,0.338,0,0,Normal,2.59,3.92,0.28,0.0,0,None
2026-04-20 08:45:00,27.63,1,0,0,232.2,15.67,3.225,1.684,0.886,0.8062,726.07,6679.83,260,667.98,1.007,1.185,0.039,0.02,1.867,0.292,0,0,Normal,2.63,1.87,0.89,0.0,0,None
2026-04-20 09:00:00,28.55,0,0,0,232.45,0.76,0.16,0.072,0.911,0.04,726.11,6680.19,260,668.02,0.0,1.185,0.05,0.02,0.0,0.09,0,0,Normal,3.53,3.46,0.76,0.0,0,None
2026-04-20 09:15:00,29.04,0,0,0,231.67,1.7,0.379,0.111,0.96,0.0948,726.2,6681.07,260,668.11,0.0,1.185,0.05,0.116,0.0,0.213,0,0,Normal,4.18,1.51,0.48,0.0,0,None
2026-04-20 09:30:00,30.15,0,0,0,231.53,1.5,0.311,0.154,0.896,0.0778,726.28,6681.78,260,668.18,0.0,1.185,0.03,0.113,0.0,0.168,0,0,Normal,3.04,2.57,0.71,0.0,0,None
2026-04-20 09:45:00,29.75,0,0,0,232.03,0.8,0.173,0.065,0.937,0.0432,726.32,6682.18,260,668.22,0.0,1.185,0.061,0.02,0.0,0.092,0,0,Normal,4.41,3.37,0.45,0.0,0,None
2026-04-20 10:00:00,31.09,0,0,0,229.08,0.71,0.151,0.06,0.929,0.0378,726.36,6682.53,260,668.25,0.0,1.185,0.041,0.02,0.0,0.09,0,0,Normal,2.95,3.17,0.65,0.0,0,None
2026-04-20 10:15:00,30.5,0,0,0,231.66,1.31,0.291,0.087,0.958,0.0728,726.43,6683.2,260,668.32,0.0,1.185,0.053,0.02,0.0,0.218,0,0,Normal,2.18,3.57,0.6,0.0,0,None
2026-04-20 10:30:00,30.23,0,0,0,231.62,0.84,0.175,0.085,0.899,0.0438,726.48,6683.6,260,668.36,0.0,1.185,0.063,0.02,0.0,0.092,0,0,Normal,2.13,1.32,0.79,0.0,0,None
2026-04-20 10:45:00,30.43,0,0,0,231.19,1.46,0.3,0.156,0.887,0.075,726.55,6684.29,260,668.43,0.0,1.185,0.066,0.107,0.0,0.127,0,0,Normal,3.36,3.61,0.37,0.0,0,None
2026-04-20 11:00:00,32.22,0,0,0,231.81,1.53,0.336,0.113,0.948,0.084,726.64,6685.06,260,668.51,0.0,1.185,0.042,0.129,0.0,0.165,0,0,Normal,3.01,3.74,0.39,0.0,0,None
2026-04-20 11:15:00,32.68,0,0,0,230.9,1.15,0.234,0.124,0.884,0.0585,726.7,6685.6,260,668.56,0.0,1.185,0.046,0.02,0.0,0.168,0,0,Normal,2.99,2.82,0.35,0.0,0,None
2026-04-20 11:30:00,32.69,0,0,0,230.12,1.02,0.219,0.081,0.937,0.0548,726.75,6686.1,260,668.61,0.0,1.185,0.05,0.02,0.0,0.149,0,0,Normal,3.63,1.7,0.87,0.0,0,None
2026-04-20 11:45:00,32.56,0,0,0,230.57,0.93,0.203,0.07,0.946,0.0508,726.8,6686.57,260,668.66,0.0,1.185,0.045,0.02,0.0,0.138,0,0,Normal,3.26,2.29,0.43,0.0,0,None
2026-04-20 12:00:00,32.83,0,0,0,231.3,1.34,0.292,0.103,0.943,0.073,726.87,6687.24,260,668.72,0.0,1.185,0.033,0.02,0.0,0.239,0,0,Normal,2.82,2.37,0.32,0.0,0,None
2026-04-20 12:15:00,33.21,0,0,0,231.05,1.29,0.265,0.137,0.889,0.0662,726.94,6687.85,260,668.79,0.0,1.185,0.068,0.116,0.0,0.081,0,0,Normal,2.65,2.3,0.26,0.0,0,None
2026-04-20 12:30:00,33.04,0,0,0,230.39,1.28,0.281,0.087,0.956,0.0703,727.01,6688.5,260,668.85,0.0,1.185,0.039,0.116,0.0,0.126,0,0,Normal,4.21,3.42,0.71,0.0,0,None
2026-04-20 12:45:00,33.1,0,0,0,228.68,1.39,0.287,0.137,0.902,0.0718,727.08,6689.16,260,668.92,0.0,1.185,0.043,0.02,0.0,0.224,0,0,Normal,3.88,2.14,0.72,0.0,0,None
2026-04-20 13:00:00,34.81,0,0,0,226.36,1.24,0.247,0.133,0.881,0.0618,727.14,6689.72,260,668.97,0.0,1.185,0.056,0.02,0.0,0.171,0,0,Normal,4.47,1.96,0.65,0.0,0,None
2026-04-20 13:15:00,32.91,0,0,0,228.06,1.1,0.225,0.11,0.898,0.0562,727.2,6690.24,260,669.02,0.0,1.185,0.048,0.02,0.0,0.157,0,0,Normal,2.96,2.33,0.97,0.0,0,None
2026-04-20 13:30:00,33.68,0,0,0,227.98,1.34,0.291,0.096,0.95,0.0728,727.27,6690.91,260,669.09,0.0,1.185,0.061,0.02,0.0,0.21,0,0,Normal,3.88,3.65,0.99,0.0,0,None
2026-04-20 13:45:00,34.4,0,0,0,226.67,1.72,0.368,0.131,0.942,0.092,727.36,6691.76,260,669.18,0.0,1.185,0.031,0.107,0.0,0.23,0,0,Normal,4.41,1.61,0.66,0.0,0,None
2026-04-20 14:00:00,33.27,0,0,0,227.88,1.53,0.317,0.145,0.909,0.0792,727.44,6692.49,260,669.25,0.0,1.186,0.051,0.115,0.0,0.151,0,0,Normal,3.8,3.17,0.82,0.0,0,None
2026-04-20 14:15:00,33.68,0,0,0,227.29,0.88,0.187,0.072,0.933,0.0468,727.49,6692.92,260,669.29,0.0,1.186,0.047,0.02,0.0,0.12,0,0,Normal,2.33,3.05,0.92,0.0,0,None
2026-04-20 14:30:00,33.74,0,0,0,226.62,1.1,0.223,0.112,0.894,0.0558,727.55,6693.43,260,669.34,0.0,1.186,0.038,0.02,0.0,0.165,0,0,Normal,3.35,2.58,0.88,0.0,0,None
2026-04-20 14:45:00,33.89,0,0,0,224.32,0.84,0.176,0.064,0.939,0.044,727.59,6693.83,260,669.38,0.0,1.186,0.063,0.02,0.0,0.093,0,0,Normal,3.54,2.12,0.37,0.0,0,None
2026-04-20 15:00:00,33.0,0,0,0,226.61,1.49,0.316,0.12,0.935,0.079,727.67,6694.56,260,669.46,0.0,1.186,0.059,0.02,0.0,0.237,0,0,Normal,4.3,1.72,0.73,0.0,0,None
2026-04-20 15:15:00,34.09,0,0,0,227.49,1.56,0.319,0.155,0.9,0.0798,727.75,6695.3,260,669.53,0.0,1.186,0.059,0.124,0.0,0.136,0,0,Normal,4.5,3.64,0.63,0.0,0,None
2026-04-20 15:30:00,34.13,0,0,0,227.8,1.84,0.375,0.185,0.897,0.0938,727.84,6696.16,260,669.62,0.0,1.186,0.057,0.123,0.0,0.195,0,0,Normal,4.06,1.26,0.51,0.0,0,None
2026-04-20 15:45:00,34.05,0,0,0,227.49,0.97,0.212,0.063,0.959,0.053,727.9,6696.65,260,669.66,0.0,1.186,0.06,0.02,0.0,0.132,0,0,Normal,4.22,3.55,0.74,0.0,0,None
2026-04-20 16:00:00,32.76,0,0,0,225.19,1.37,0.277,0.138,0.895,0.0693,727.97,6697.28,260,669.73,0.0,1.186,0.063,0.02,0.0,0.194,0,0,Normal,2.76,2.7,0.45,0.0,0,None
2026-04-20 16:15:00,33.24,0,0,0,226.7,1.51,0.32,0.122,0.934,0.08,728.05,6698.02,260,669.8,0.0,1.186,0.051,0.02,0.0,0.249,0,0,Normal,4.09,2.63,0.25,0.0,0,None
2026-04-20 16:30:00,32.75,0,0,0,226.3,1.22,0.261,0.089,0.946,0.0652,728.11,6698.62,260,669.86,0.0,1.186,0.056,0.02,0.0,0.185,0,0,Normal,2.23,1.65,0.74,0.0,0,None
2026-04-20 16:45:00,33.03,0,0,0,226.04,1.59,0.33,0.141,0.92,0.0825,728.19,6699.38,260,669.94,0.0,1.186,0.044,0.12,0.0,0.166,0,0,Normal,2.59,2.5,0.3,0.0,0,None
2026-04-20 17:00:00,33.32,0,0,0,224.25,1.66,0.33,0.174,0.884,0.0825,728.28,6700.14,260,670.01,0.0,1.186,0.056,0.111,0.0,0.163,0,0,Normal,2.9,2.96,0.89,0.0,0,None
2026-04-20 17:15:00,32.29,0,0,0,225.2,0.71,0.15,0.055,0.939,0.0375,728.31,6700.48,260,670.05,0.0,1.186,0.037,0.02,0.0,0.093,0,0,Normal,3.73,3.54,0.47,0.0,0,None
2026-04-20 17:30:00,31.65,0,0,0,225.87,0.81,0.171,0.064,0.936,0.0427,728.36,6700.88,260,670.09,0.0,1.186,0.028,0.02,0.0,0.123,0,0,Normal,2.97,3.46,0.58,0.0,0,None
2026-04-20 17:45:00,32.33,0,0,0,223.1,1.15,0.226,0.12,0.883,0.0565,728.41,6701.4,260,670.14,0.0,1.186,0.057,0.02,0.0,0.149,0,0,Normal,2.52,2.27,0.6,0.0,0,None
2026-04-20 18:00:00,30.32,1,0,1,226.03,14.38,2.928,1.411,0.901,0.732,729.14,6708.13,260,670.81,2.205,1.186,0.352,0.02,0.0,0.351,0,0,Normal,4.21,1.4,0.96,0.0,0,None
2026-04-20 18:15:00,30.4,1,0,1,225.89,15.21,3.181,1.301,0.926,0.7952,729.94,6715.45,260,671.54,2.396,1.186,0.342,0.123,0.0,0.32,0,0,Normal,4.24,3.35,0.71,0.0,0,None
2026-04-20 18:30:00,30.48,1,0,1,225.78,15.64,3.139,1.615,0.889,0.7848,730.72,6722.67,260,672.27,2.39,1.186,0.36,0.116,0.0,0.273,0,0,Normal,3.61,1.23,0.83,0.0,0,None
2026-04-20 18:45:00,30.78,1,0,1,223.91,15.15,3.246,0.984,0.957,0.8115,731.54,6730.13,260,673.01,2.459,1.186,0.368,0.02,0.0,0.399,0,0,Normal,4.21,3.47,0.22,0.0,0,None
2026-04-20 19:00:00,30.02,1,0,1,223.51,21.27,4.358,1.899,0.917,1.0895,732.63,6740.15,260,674.02,2.09,1.186,0.371,0.02,1.424,0.453,0,0,Normal,3.56,3.2,1.0,0.0,0,None
2026-04-20 19:15:00,29.84,1,0,1,226.75,18.98,4.042,1.478,0.939,1.0105,733.64,6749.45,260,674.95,1.971,1.186,0.356,0.02,1.414,0.281,0,0,Normal,3.32,1.01,0.84,0.0,0,None
2026-04-20 19:30:00,29.81,1,0,1,226.35,20.86,4.307,1.934,0.912,1.0768,734.71,6759.36,260,675.94,2.041,1.186,0.354,0.02,1.62,0.272,0,0,Normal,3.54,1.97,0.47,0.0,0,None
2026-04-20 19:45:00,29.0,1,0,1,226.11,21.76,4.444,2.113,0.903,1.111,735.82,6769.58,260,676.96,1.648,1.186,0.349,0.119,1.895,0.433,0,0,Normal,3.27,2.15,0.58,0.0,0,None
2026-04-20 20:00:00,27.73,1,0,1,227.06,16.81,3.651,1.112,0.957,0.9128,736.74,6777.98,260,677.8,0.976,1.186,0.332,0.12,1.942,0.281,0,0,Normal,3.41,3.26,0.55,0.0,0,None
2026-04-20 20:15:00,28.14,1,0,1,225.9,15.9,3.204,1.625,0.892,0.801,737.54,6785.34,260,678.53,1.218,1.186,0.356,0.02,1.276,0.334,0,0,Normal,2.18,1.98,0.58,0.0,0,None
2026-04-20 20:30:00,27.69,1,0,1,225.49,18.21,3.76,1.649,0.916,0.94,738.48,6793.99,260,679.4,1.117,1.186,0.344,0.02,1.89,0.389,0,0,Normal,2.62,1.13,0.44,0.0,0,None
2026-04-20 20:45:00,27.86,1,0,1,224.91,14.71,3.155,0.996,0.954,0.7887,739.27,6801.25,260,680.12,1.013,1.187,0.328,0.02,1.531,0.263,0,0,Normal,2.48,1.87,0.4,0.0,0,None
2026-04-20 21:00:00,26.67,1,0,1,228.56,12.52,2.6,1.193,0.909,0.65,739.92,6807.23,260,680.72,0.558,1.187,0.35,0.02,1.417,0.255,0,0,Normal,2.74,3.98,0.77,0.0,0,None
2026-04-20 21:15:00,26.27,1,0,1,227.46,13.67,2.916,1.08,0.938,0.729,740.65,6813.94,260,681.39,0.343,1.187,0.354,0.118,1.708,0.393,0,0,Normal,3.69,1.03,0.62,0.0,0,None
2026-04-20 21:30:00,26.56,1,0,1,226.06,13.31,2.872,0.894,0.955,0.718,741.36,6820.54,260,682.05,0.536,1.187,0.351,0.114,1.427,0.444,0,0,Normal,2.91,3.67,0.27,0.0,0,None
2026-04-20 21:45:00,27.24,1,0,1,226.23,15.6,3.381,1.013,0.958,0.8452,742.21,6828.32,260,682.83,0.709,1.187,0.351,0.02,1.905,0.396,0,0,Normal,2.53,2.28,0.22,0.0,0,None
2026-04-20 22:00:00,24.91,1,0,1,227.27,3.83,0.775,0.399,0.889,0.1938,742.4,6830.1,260,683.01,0.0,1.187,0.342,0.02,0.0,0.413,0,0,Normal,3.22,2.5,0.74,0.0,0,None
2026-04-20 22:15:00,25.59,1,0,1,228.28,3.68,0.764,0.348,0.91,0.191,742.59,6831.86,260,683.19,0.081,1.187,0.353,0.02,0.0,0.31,0,0,Normal,3.74,3.55,0.9,0.0,0,None
2026-04-20 22:30:00,25.28,1,0,1,228.22,3.22,0.663,0.32,0.901,0.1658,742.76,6833.38,260,683.34,0.0,1.187,0.345,0.02,0.0,0.298,0,0,Normal,3.28,2.13,0.54,0.0,0,None
2026-04-20 22:45:00,24.27,1,0,1,229.54,4.14,0.853,0.421,0.897,0.2132,742.97,6835.34,260,683.53,0.0,1.187,0.354,0.119,0.0,0.38,0,0,Normal,2.99,2.02,0.94,0.0,0,None
2026-04-20 23:00:00,23.21,1,0,1,229.4,3.21,0.659,0.326,0.896,0.1648,743.14,6836.86,260,683.69,0.0,1.187,0.334,0.121,0.0,0.204,0,0,Normal,2.37,1.66,0.21,0.0,0,None
2026-04-20 23:15:00,23.34,1,0,1,227.79,3.48,0.73,0.31,0.92,0.1825,743.32,6838.54,260,683.85,0.0,1.187,0.346,0.02,0.0,0.364,0,0,Normal,4.25,1.78,0.62,0.0,0,None
2026-04-20 23:30:00,23.33,1,0,1,227.39,3.86,0.799,0.361,0.911,0.1997,743.52,6840.38,260,684.04,0.0,1.187,0.354,0.02,0.0,0.425,0,0,Normal,2.52,1.22,0.75,0.0,0,None
2026-04-20 23:45:00,23.71,1,0,1,231.13,3.25,0.664,0.35,0.885,0.166,743.69,6841.9,260,684.19,0.0,1.187,0.358,0.02,0.0,0.286,0,0,Normal,3.94,3.16,0.25,0.0,0,None
2026-04-21 00:00:00,23.11,1,0,0,230.39,3.63,0.78,0.299,0.934,0.195,743.88,6843.7,260,684.37,0.0,1.187,0.358,0.02,0.0,0.402,0,0,Normal,3.17,3.87,0.78,0.0,0,None
2026-04-21 00:15:00,23.43,1,0,0,228.12,3.07,0.668,0.211,0.954,0.167,744.05,6845.23,260,684.52,0.0,1.187,0.336,0.119,0.0,0.213,0,0,Normal,2.22,3.94,0.44,0.0,0,None
2026-04-21 00:30:00,22.96,1,0,0,229.57,3.69,0.794,0.293,0.938,0.1985,744.25,6847.06,260,684.71,0.0,1.187,0.344,0.126,0.0,0.324,0,0,Normal,4.39,1.25,0.64,0.0,0,None
2026-04-21 00:45:00,22.58,1,0,0,230.9,3.64,0.788,0.293,0.937,0.197,744.44,6848.87,260,684.89,0.0,1.187,0.335,0.02,0.0,0.433,0,0,Normal,2.73,1.22,0.32,0.0,0,None
2026-04-21 01:00:00,21.16,1,0,0,231.1,3.66,0.791,0.3,0.935,0.1977,744.64,6850.69,260,685.07,0.0,1.187,0.364,0.02,0.0,0.407,0,0,Normal,2.59,2.44,0.74,0.0,0,None
2026-04-21 01:15:00,22.24,1,0,0,231.32,2.96,0.62,0.293,0.904,0.155,744.8,6852.12,260,685.21,0.0,1.187,0.363,0.02,0.0,0.237,0,0,Normal,2.09,3.4,0.32,0.0,0,None
2026-04-21 01:30:00,22.22,1,0,0,231.86,2.82,0.604,0.25,0.924,0.151,744.95,6853.51,260,685.35,0.0,1.187,0.359,0.02,0.0,0.225,0,0,Normal,4.01,2.45,0.62,0.0,0,None
2026-04-21 01:45:00,22.3,1,0,0,231.66,3.86,0.813,0.371,0.91,0.2032,745.15,6855.38,260,685.54,0.0,1.187,0.358,0.121,0.0,0.334,0,0,Normal,4.11,1.7,0.58,0.0,0,None
2026-04-21 02:00:00,23.05,1,0,0,233.51,4.37,0.924,0.43,0.906,0.231,745.38,6857.5,260,685.75,0.0,1.187,0.37,0.123,0.0,0.431,0,0,Normal,2.42,3.81,0.89,0.0,0,None
2026-04-21 02:15:00,22.62,1,0,0,232.17,2.77,0.601,0.231,0.933,0.1502,745.53,6858.89,260,685.89,0.0,1.187,0.358,0.02,0.0,0.223,0,0,Normal,3.89,1.85,0.83,0.0,0,None
2026-04-21 02:30:00,22.39,1,0,0,232.59,3.23,0.665,0.352,0.884,0.1662,745.7,6860.41,260,686.04,0.0,1.187,0.341,0.02,0.0,0.304,0,0,Normal,3.33,3.56,0.67,0.0,0,None
2026-04-21 02:45:00,21.52,1,0,0,230.72,2.99,0.632,0.275,0.917,0.158,745.86,6861.87,260,686.19,0.0,1.187,0.355,0.02,0.0,0.257,0,0,Normal,4.28,2.02,0.26,0.0,0,None
2026-04-21 03:00:00,21.95,1,0,0,234.11,3.38,0.716,0.335,0.906,0.179,746.03,6863.52,260,686.35,0.0,1.187,0.345,0.02,0.0,0.351,0,0,Normal,3.15,1.81,0.76,0.0,0,None
2026-04-21 03:15:00,22.16,1,0,0,233.49,3.27,0.728,0.234,0.952,0.182,746.22,6865.19,260,686.52,0.0,1.188,0.348,0.12,0.0,0.26,0,0,Normal,3.04,2.02,0.74,0.0,0,None
2026-04-21 03:30:00,21.82,1,0,0,233.39,4.07,0.859,0.404,0.905,0.2148,746.43,6867.17,260,686.72,0.0,1.188,0.35,0.126,0.0,0.383,0,0,Normal,3.88,3.41,0.79,0.0,0,None
2026-04-21 03:45:00,22.45,1,0,0,234.61,3.08,0.648,0.318,0.898,0.162,746.59,6868.66,260,686.87,0.0,1.188,0.343,0.02,0.0,0.285,0,0,Normal,3.63,3.87,0.7,0.0,0,None
2026-04-21 04:00:00,22.98,1,0,0,233.38,3.48,0.715,0.385,0.881,0.1788,746.77,6870.3,260,687.03,0.0,1.188,0.362,0.02,0.0,0.333,0,0,Normal,2.0,3.94,0.6,0.0,0,None
2026-04-21 04:15:00,22.26,1,0,0,233.64,4.13,0.884,0.388,0.916,0.221,746.99,6872.33,260,687.23,0.0,1.188,0.357,0.02,0.0,0.507,0,0,Normal,3.69,3.04,0.64,0.0,0,None
2026-04-21 04:30:00,23.4,1,0,0,232.61,3.28,0.702,0.298,0.92,0.1755,747.17,6873.95,260,687.39,0.0,1.188,0.343,0.02,0.0,0.339,0,0,Normal,2.87,2.88,0.69,0.0,0,None
2026-04-21 04:45:00,22.86,1,0,0,233.79,3.71,0.805,0.323,0.928,0.2012,747.37,6875.8,260,687.58,0.0,1.188,0.355,0.126,0.0,0.324,0,0,Normal,3.19,3.12,0.36,0.0,0,None
2026-04-21 05:00:00,22.89,1,0,0,234.1,4.05,0.899,0.305,0.947,0.2248,747.59,6877.87,260,687.79,0.0,1.188,0.363,0.118,0.0,0.418,0,0,Normal,3.31,1.23,0.42,0.0,0,None
2026-04-21 05:15:00,23.73,1,0,0,234.94,3.5,0.729,0.379,0.888,0.1823,747.78,6879.54,260,687.95,0.0,1.188,0.342,0.02,0.0,0.367,0,0,Normal,2.74,3.15,0.31,0.0,0,None
2026-04-21 05:30:00,23.9,1,0,0,234.79,3.14,0.688,0.266,0.933,0.172,747.95,6881.13,260,688.11,0.0,1.188,0.338,0.02,0.0,0.33,0,0,Normal,2.6,3.92,0.21,0.0,0,None
2026-04-21 05:45:00,24.24,1,0,0,234.53,3.77,0.834,0.297,0.942,0.2085,748.16,6883.04,260,688.3,0.0,1.188,0.364,0.02,0.0,0.45,0,0,Normal,4.02,2.92,0.41,0.0,0,None
2026-04-21 06:00:00,24.83,1,0,0,232.54,9.13,1.933,0.879,0.91,0.4832,748.64,6887.49,260,688.75,0.0,1.188,0.367,0.02,1.206,0.34,0,0,Normal,2.7,3.33,0.4,0.0,0,None
2026-04-21 06:15:00,25.41,1,0,0,233.43,12.15,2.58,1.18,0.909,0.645,749.29,6893.42,260,689.34,0.0,1.188,0.348,0.127,1.672,0.433,0,0,Normal,3.31,3.48,0.69,0.0,0,None
2026-04-21 06:30:00,25.09,1,0,0,234.27,12.72,2.645,1.374,0.887,0.6612,749.95,6899.51,260,689.95,0.0,1.188,0.338,0.122,1.866,0.319,0,0,Normal,2.86,2.9,0.48,0.0,0,None
2026-04-21 06:45:00,24.34,1,0,0,233.87,9.9,2.174,0.794,0.939,0.5435,750.49,6904.51,260,690.45,0.0,1.188,0.361,0.02,1.464,0.329,0,0,Normal,2.92,3.47,0.36,0.0,0,None
2026-04-21 07:00:00,25.74,1,0,0,232.28,10.71,2.216,1.131,0.891,0.554,751.04,6909.6,260,690.96,0.117,1.188,0.046,0.02,1.71,0.323,0,0,Normal,2.56,3.17,0.96,0.0,0,None
2026-04-21 07:15:00,27.01,1,0,0,236.41,11.18,2.482,0.909,0.939,0.6205,751.66,6915.31,260,691.53,0.721,1.188,0.065,0.02,1.425,0.251,0,0,Normal,3.18,1.44,0.6,0.0,0,None
2026-04-21 07:30:00,27.05,1,0,0,234.48,14.69,3.129,1.437,0.909,0.7822,752.45,6922.51,260,692.25,0.772,1.188,0.04,0.02,1.994,0.303,0,0,Normal,2.32,2.61,0.6,0.0,0,None
2026-04-21 07:45:00,26.61,1,0,0,235.02,10.89,2.393,0.907,0.935,0.5982,753.04,6928.01,260,692.8,0.537,1.188,0.051,0.115,1.283,0.407,0,0,Normal,2.02,1.27,0.89,0.0,0,None
2026-04-21 08:00:00,28.75,1,0,0,235.92,17.09,3.862,1.16,0.958,0.9655,754.01,6936.9,260,693.69,1.626,1.188,0.051,0.116,1.652,0.417,0,0,Normal,2.76,3.02,0.3,0.0,0,None
2026-04-21 08:15:00,28.53,1,0,0,233.71,15.18,3.254,1.414,0.917,0.8135,754.82,6944.38,260,694.44,1.441,1.188,0.059,0.02,1.382,0.352,0,0,Normal,4.47,1.47,0.9,0.0,0,None
2026-04-21 08:30:00,28.34,1,0,0,232.73,14.99,3.16,1.479,0.906,0.79,755.61,6951.65,260,695.16,1.314,1.188,0.046,0.02,1.352,0.428,0,0,Normal,2.2,2.37,0.38,0.0,0,None
2026-04-21 08:45:00,27.54,1,0,0,234.02,13.5,2.824,1.414,0.894,0.706,756.32,6958.14,260,695.81,0.988,1.188,0.055,0.02,1.402,0.359,0,0,Normal,3.36,3.54,0.84,0.0,0,None
2026-04-21 09:00:00,30.42,0,0,0,234.11,0.83,0.185,0.062,0.949,0.0462,756.37,6958.57,260,695.86,0.0,1.188,0.058,0.02,0.0,0.107,0,0,Normal,4.02,3.33,0.63,0.0,0,None
2026-04-21 09:15:00,29.82,0,0,0,233.02,1.35,0.302,0.09,0.958,0.0755,756.44,6959.26,260,695.93,0.0,1.188,0.059,0.127,0.0,0.116,0,0,Normal,4.21,1.67,0.3,0.0,0,None
2026-04-21 09:30:00,29.36,0,0,0,231.89,1.32,0.287,0.107,0.936,0.0718,756.51,6959.92,260,695.99,0.0,1.188,0.044,0.121,0.0,0.122,0,0,Normal,2.42,3.59,0.51,0.0,0,None
2026-04-21 09:45:00,29.22,0,0,0,231.71,0.66,0.139,0.065,0.905,0.0348,756.55,6960.24,260,696.02,0.0,1.189,0.037,0.02,0.0,0.082,0,0,Normal,4.25,1.21,0.23,0.0,0,None
2026-04-21 10:00:00,31.13,0,0,0,231.37,0.83,0.181,0.065,0.941,0.0452,756.59,6960.66,260,696.07,0.0,1.189,0.046,0.02,0.0,0.115,0,0,Normal,2.26,3.95,0.54,0.0,0,None
2026-04-21 10:15:00,30.16,0,0,0,229.73,1.31,0.269,0.135,0.894,0.0672,756.66,6961.28,260,696.13,0.0,1.189,0.054,0.02,0.0,0.195,0,0,Normal,2.86,1.2,0.89,0.0,0,None
2026-04-21 10:30:00,31.35,0,0,0,231.91,1.03,0.225,0.078,0.945,0.0562,756.72,6961.8,260,696.18,0.0,1.189,0.057,0.02,0.0,0.148,0,0,Normal,3.61,2.03,0.54,0.0,0,None
2026-04-21 10:45:00,30.52,0,0,0,230.61,1.64,0.362,0.108,0.958,0.0905,756.81,6962.63,260,696.26,0.0,1.189,0.028,0.113,0.0,0.221,0,0,Normal,3.45,3.46,0.41,0.0,0,None
2026-04-21 11:00:00,32.43,0,0,0,230.61,2.06,0.422,0.218,0.888,0.1055,756.91,6963.6,260,696.36,0.0,1.189,0.057,0.116,0.0,0.249,0,0,Normal,4.27,2.15,0.25,0.0,0,None
2026-04-21 11:15:00,31.98,0,0,0,231.51,0.94,0.197,0.09,0.909,0.0492,756.96,6964.05,260,696.41,0.0,1.189,0.065,0.02,0.0,0.112,0,0,Normal,4.17,1.89,0.37,0.0,0,None
2026-04-21 11:30:00,32.11,0,0,0,229.44,1.33,0.272,0.139,0.891,0.068,757.03,6964.68,260,696.47,0.0,1.189,0.052,0.02,0.0,0.2,0,0,Normal,2.92,2.49,0.25,0.0,0,None
2026-04-21 11:45:00,31.86,0,0,0,230.26,1.12,0.241,0.091,0.936,0.0602,757.09,6965.23,260,696.52,0.0,1.189,0.055,0.02,0.0,0.166,0,0,Normal,3.77,2.84,0.44,0.0,0,None
2026-04-21 12:00:00,33.12,0,0,0,229.1,1.54,0.317,0.157,0.896,0.0792,757.17,6965.96,260,696.6,0.0,1.189,0.054,0.02,0.0,0.243,0,0,Normal,4.24,2.53,0.43,0.0,0,None
2026-04-21 12:15:00,34.14,0,0,0,228.11,1.34,0.282,0.117,0.923,0.0705,757.24,6966.61,260,696.66,0.0,1.189,0.046,0.113,0.0,0.123,0,0,Normal,2.72,3.76,0.54,0.0,0,None
2026-04-21 12:30:00,33.89,0,0,0,228.89,1.76,0.366,0.167,0.91,0.0915,757.33,6967.45,260,696.75,0.0,1.189,0.049,0.124,0.0,0.193,0,0,Normal,2.44,3.98,0.32,0.0,0,None
2026-04-21 12:45:00,33.37,0,0,0,230.57,0.95,0.209,0.068,0.951,0.0522,757.38,6967.93,260,696.79,0.0,1.189,0.051,0.02,0.0,0.138,0,0,Normal,4.05,2.84,0.46,0.0,0,None
2026-04-21 13:00:00,33.78,0,0,0,229.16,1.03,0.212,0.102,0.901,0.053,757.44,6968.42,260,696.84,0.0,1.189,0.04,0.02,0.0,0.152,0,0,Normal,3.33,2.51,0.83,0.0,0,None
2026-04-21 13:15:00,34.22,0,0,0,230.13,1.03,0.209,0.113,0.88,0.0522,757.49,6968.9,260,696.89,0.0,1.189,0.053,0.02,0.0,0.136,0,0,Normal,2.92,2.84,0.41,0.0,0,None
2026-04-21 13:30:00,34.36,0,0,0,229.2,1.17,0.241,0.119,0.897,0.0602,757.55,6969.46,260,696.95,0.0,1.189,0.043,0.02,0.0,0.178,0,0,Normal,4.5,2.08,0.46,0.0,0,None
2026-04-21 13:45:00,33.38,0,0,0,230.15,2.16,0.44,0.233,0.884,0.11,757.66,6970.47,260,697.05,0.0,1.189,0.076,0.119,0.0,0.245,0,0,Normal,2.41,3.08,0.54,0.0,0,None
2026-04-21 14:00:00,33.96,0,0,0,227.95,1.18,0.257,0.077,0.958,0.0642,757.72,6971.06,260,697.11,0.0,1.189,0.038,0.119,0.0,0.1,0,0,Normal,3.23,2.68,0.3,0.0,0,None
2026-04-21 14:15:00,33.09,0,0,0,229.88,1.06,0.234,0.069,0.959,0.0585,757.78,6971.6,260,697.16,0.0,1.189,0.056,0.02,0.0,0.158,0,0,Normal,3.02,1.2,0.81,0.0,0,None
2026-04-21 14:30:00,34.56,0,0,0,229.1,0.85,0.184,0.064,0.945,0.046,757.83,6972.02,260,697.2,0.0,1.189,0.04,0.02,0.0,0.124,0,0,Normal,2.65,2.08,0.51,0.0,0,None
2026-04-21 14:45:00,35.03,0,0,0,228.53,0.96,0.21,0.063,0.958,0.0525,757.88,6972.5,260,697.25,0.0,1.189,0.043,0.02,0.0,0.147,0,0,Normal,2.3,3.36,0.52,0.0,0,None
2026-04-21 15:00:00,33.84,0,0,0,229.08,1.08,0.225,0.105,0.906,0.0562,757.94,6973.02,260,697.3,0.0,1.189,0.05,0.02,0.0,0.155,0,0,Normal,3.34,1.42,0.52,0.0,0,None
2026-04-21 15:15:00,32.73,0,0,0,229.08,1.9,0.386,0.2,0.887,0.0965,758.03,6973.91,260,697.39,0.0,1.189,0.061,0.111,0.0,0.214,0,0,Normal,2.5,1.26,0.64,0.0,0,None
2026-04-21 15:30:00,34.1,0,0,0,227.63,1.53,0.326,0.122,0.937,0.0815,758.12,6974.66,260,697.47,0.0,1.189,0.067,0.123,0.0,0.136,0,0,Normal,3.95,3.78,0.78,0.0,0,None
2026-04-21 15:45:00,33.34,0,0,0,225.0,1.19,0.245,0.111,0.912,0.0612,758.18,6975.22,260,697.52,0.0,1.189,0.037,0.02,0.0,0.188,0,0,Normal,3.48,3.36,0.9,0.0,0,None
2026-04-21 16:00:00,32.86,0,0,0,225.28,1.41,0.3,0.105,0.944,0.075,758.25,6975.91,260,697.59,0.0,1.189,0.063,0.02,0.0,0.217,0,0,Normal,3.28,3.23,0.41,0.0,0,None
2026-04-21 16:15:00,33.51,0,0,0,224.75,0.76,0.151,0.081,0.88,0.0378,758.29,6976.26,260,697.63,0.0,1.19,0.047,0.02,0.0,0.084,0,0,Normal,3.54,3.98,0.94,0.0,0,None
2026-04-21 16:30:00,33.32,0,0,0,225.61,0.83,0.18,0.054,0.957,0.045,758.33,6976.67,260,697.67,0.0,1.19,0.041,0.02,0.0,0.119,0,0,Normal,2.46,1.45,0.8,0.0,0,None
2026-04-21 16:45:00,32.95,0,0,0,227.76,1.8,0.386,0.137,0.943,0.0965,758.43,6977.56,260,697.76,0.0,1.19,0.054,0.116,0.0,0.216,0,0,Normal,3.4,2.79,0.42,0.0,0,None
2026-04-21 17:00:00,31.92,0,0,0,226.76,1.67,0.358,0.125,0.944,0.0895,758.52,6978.38,260,697.84,0.0,1.19,0.041,0.118,0.0,0.199,0,0,Normal,3.74,1.64,0.51,0.0,0,None
2026-04-21 17:15:00,32.31,0,0,0,228.05,1.4,0.294,0.125,0.921,0.0735,758.59,6979.06,260,697.91,0.0,1.19,0.062,0.02,0.0,0.212,0,0,Normal,2.7,1.72,0.97,0.0,0,None
2026-04-21 17:30:00,32.04,0,0,0,224.88,1.58,0.324,0.143,0.914,0.081,758.67,6979.81,260,697.98,0.0,1.19,0.065,0.02,0.0,0.239,0,0,Normal,3.44,2.01,0.82,0.0,0,None
2026-04-21 17:45:00,31.69,0,0,0,225.4,0.81,0.173,0.058,0.949,0.0433,758.72,6980.2,260,698.02,0.0,1.19,0.07,0.02,0.0,0.083,0,0,Normal,3.19,3.87,0.5,0.0,0,None
2026-04-21 18:00:00,30.83,1,0,1,225.7,14.35,3.1,0.939,0.957,0.775,759.49,6987.33,260,698.73,2.487,1.19,0.353,0.02,0.0,0.24,0,0,Normal,3.12,3.58,0.82,0.0,0,None
2026-04-21 18:15:00,31.17,1,0,1,223.85,16.69,3.583,1.056,0.959,0.8958,760.39,6995.57,260,699.56,2.669,1.19,0.356,0.116,0.0,0.442,0,0,Normal,4.28,2.43,0.33,0.0,0,None
2026-04-21 18:30:00,30.91,1,0,1,225.6,16.22,3.41,1.33,0.932,0.8525,761.24,7003.42,260,700.34,2.606,1.19,0.353,0.117,0.0,0.334,0,0,Normal,2.15,2.62,0.32,0.0,0,None
2026-04-21 18:45:00,30.29,1,0,1,226.97,14.36,3.028,1.204,0.929,0.757,762.0,7010.38,260,701.04,2.286,1.19,0.348,0.02,0.0,0.374,0,0,Normal,2.65,2.93,0.67,0.0,0,None
2026-04-21 19:00:00,30.05,1,0,1,227.74,20.22,4.155,1.985,0.902,1.0388,763.04,7019.94,260,701.99,2.173,1.19,0.345,0.02,1.297,0.32,0,0,Normal,3.04,1.58,0.92,0.0,0,None
2026-04-21 19:15:00,28.18,1,0,1,226.16,16.66,3.451,1.512,0.916,0.8627,763.9,7027.88,260,702.79,1.265,1.19,0.345,0.02,1.406,0.415,0,0,Normal,2.03,3.97,0.45,0.0,0,None
2026-04-21 19:30:00,29.33,1,0,1,225.98,17.98,3.835,1.344,0.944,0.9588,764.86,7036.7,260,703.67,1.76,1.19,0.357,0.02,1.318,0.38,0,0,Normal,2.4,3.29,0.32,0.0,0,None
2026-04-21 19:45:00,29.24,1,0,1,227.3,20.72,4.388,1.712,0.932,1.097,765.96,7046.79,260,704.68,1.809,1.19,0.341,0.12,1.639,0.479,0,0,Normal,4.31,3.17,0.55,0.0,0,None
2026-04-21 20:00:00,28.07,1,0,1,227.39,17.6,3.585,1.781,0.896,0.8963,766.85,7055.03,260,705.5,1.246,1.19,0.35,0.112,1.628,0.249,0,0,Normal,3.64,1.26,0.38,0.0,0,None
2026-04-21 20:15:00,28.28,1,0,1,227.14,16.52,3.437,1.508,0.916,0.8592,767.71,7062.94,260,706.29,1.255,1.19,0.347,0.02,1.478,0.337,0,0,Normal,3.48,2.93,0.75,0.0,0,None
2026-04-21 20:30:00,28.56,1,0,1,227.57,18.82,4.1,1.238,0.957,1.025,768.74,7072.37,260,707.24,1.397,1.19,0.338,0.02,1.943,0.402,0,0,Normal,2.58,3.29,0.44,0.0,0,None
2026-04-21 20:45:00,27.64,1,0,1,228.41,16.92,3.528,1.575,0.913,0.882,769.62,7080.48,260,708.05,1.055,1.19,0.352,0.02,1.749,0.352,0,0,Normal,3.93,1.48,0.79,0.0,0,None
2026-04-21 21:00:00,26.74,1,0,1,228.36,11.7,2.501,0.942,0.936,0.6253,770.24,7086.24,260,708.62,0.507,1.19,0.377,0.02,1.353,0.244,0,0,Normal,4.13,2.0,0.24,0.0,0,None
2026-04-21 21:15:00,26.54,1,0,1,229.09,11.95,2.479,1.163,0.905,0.6198,770.86,7091.94,260,709.19,0.584,1.19,0.356,0.124,1.209,0.206,0,0,Normal,2.32,3.09,0.99,0.0,0,None
2026-04-21 21:30:00,25.59,1,0,1,226.83,13.15,2.763,1.126,0.926,0.6908,771.55,7098.29,260,709.83,0.096,1.19,0.35,0.113,1.862,0.342,0,0,Normal,2.99,2.19,0.95,0.0,0,None
2026-04-21 21:45:00,27.4,1,0,1,228.31,14.18,3.051,1.085,0.942,0.7628,772.32,7105.31,260,710.53,0.808,1.19,0.339,0.02,1.482,0.402,0,0,Normal,4.4,2.6,0.67,0.0,0,None
2026-04-21 22:00:00,24.28,1,0,1,228.29,3.31,0.674,0.342,0.892,0.1685,772.48,7106.86,260,710.69,0.0,1.19,0.344,0.02,0.0,0.31,0,0,Normal,2.28,1.52,0.25,0.0,0,None
2026-04-21 22:15:00,25.21,1,0,1,230.31,3.84,0.831,0.3,0.94,0.2078,772.69,7108.77,260,710.88,0.0,1.19,0.367,0.02,0.0,0.444,0,0,Normal,4.41,2.71,0.55,0.0,0,None
2026-04-21 22:30:00,25.19,1,0,1,228.38,3.59,0.735,0.363,0.896,0.1838,772.88,7110.46,260,711.05,0.0,1.19,0.329,0.02,0.0,0.386,0,0,Normal,3.83,1.97,0.48,0.0,0,None
2026-04-21 22:45:00,25.14,1,0,1,230.08,3.19,0.69,0.248,0.941,0.1725,773.05,7112.05,260,711.2,0.0,1.191,0.347,0.114,0.0,0.229,0,0,Normal,2.26,3.67,0.78,0.0,0,None
2026-04-21 23:00:00,23.51,1,0,1,227.66,4.02,0.851,0.338,0.929,0.2128,773.26,7114.01,260,711.4,0.0,1.191,0.362,0.125,0.0,0.364,0,0,Normal,3.54,3.72,0.93,0.0,0,None
2026-04-21 23:15:00,24.17,1,0,1,230.67,2.79,0.615,0.193,0.954,0.1538,773.42,7115.42,260,711.54,0.0,1.191,0.352,0.02,0.0,0.243,0,0,Normal,3.97,1.76,0.56,0.0,0,None
2026-04-21 23:30:00,22.98,1,0,1,228.16,3.73,0.787,0.324,0.925,0.1967,773.61,7117.23,260,711.72,0.0,1.191,0.351,0.02,0.0,0.416,0,0,Normal,3.91,1.75,0.84,0.0,0,None
2026-04-21 23:45:00,23.72,1,0,1,230.56,2.97,0.639,0.247,0.933,0.1598,773.77,7118.7,260,711.87,0.0,1.191,0.341,0.02,0.0,0.278,0,0,Normal,3.92,3.47,0.86,0.0,0,None
2026-04-22 00:00:00,22.52,1,0,0,230.3,3.59,0.75,0.348,0.907,0.1875,773.96,7120.43,260,712.04,0.0,1.191,0.364,0.02,0.0,0.366,0,0,Normal,2.59,1.27,0.55,0.0,0,None
2026-04-22 00:15:00,22.47,1,0,0,229.15,4.69,0.956,0.493,0.889,0.239,774.2,7122.62,260,712.26,0.0,1.191,0.348,0.123,0.0,0.485,0,0,Normal,3.02,3.15,0.97,0.0,0,None
2026-04-22 00:30:00,23.02,1,0,0,231.1,4.29,0.897,0.423,0.904,0.2242,774.42,7124.69,260,712.47,0.0,1.191,0.354,0.119,0.0,0.424,0,0,Normal,2.41,2.82,0.97,0.0,0,None
2026-04-22 00:45:00,23.34,1,0,0,230.45,3.51,0.737,0.332,0.912,0.1843,774.61,7126.38,260,712.64,0.0,1.191,0.333,0.02,0.0,0.384,0,0,Normal,3.28,2.6,0.59,0.0,0,None
2026-04-22 01:00:00,22.03,1,0,0,231.28,2.86,0.594,0.293,0.897,0.1485,774.76,7127.75,260,712.77,0.0,1.191,0.359,0.02,0.0,0.215,0,0,Normal,4.22,3.18,0.41,0.0,0,None
2026-04-22 01:15:00,22.59,1,0,0,228.94,3.65,0.762,0.344,0.911,0.1905,774.95,7129.5,260,712.95,0.0,1.191,0.365,0.02,0.0,0.377,0,0,Normal,3.25,1.27,0.91,0.0,0,None
2026-04-22 01:30:00,22.23,1,0,0,230.46,2.86,0.602,0.269,0.913,0.1505,775.1,7130.89,260,713.09,0.0,1.191,0.359,0.02,0.0,0.223,0,0,Normal,3.56,1.29,0.3,0.0,0,None
2026-04-22 01:45:00,21.76,1,0,0,230.52,3.65,0.805,0.246,0.956,0.2012,775.3,7132.74,260,713.27,0.0,1.191,0.347,0.127,0.0,0.331,0,0,Normal,3.04,1.05,0.86,0.0,0,None
2026-04-22 02:00:00,21.87,1,0,0,231.8,3.93,0.861,0.296,0.946,0.2152,775.51,7134.72,260,713.47,0.0,1.191,0.353,0.118,0.0,0.39,0,0,Normal,3.93,1.54,0.98,0.0,0,None
2026-04-22 02:15:00,21.85,1,0,0,232.7,3.39,0.7,0.364,0.887,0.175,775.69,7136.33,260,713.63,0.0,1.191,0.353,0.02,0.0,0.327,0,0,Normal,4.32,3.74,0.75,0.0,0,None
2026-04-22 02:30:00,21.65,1,0,0,232.69,4.15,0.907,0.333,0.939,0.2268,775.91,7138.41,260,713.84,0.0,1.191,0.351,0.02,0.0,0.536,0,0,Normal,3.76,3.45,0.4,0.0,0,None
2026-04-22 02:45:00,22.21,1,0,0,231.68,3.23,0.678,0.316,0.906,0.1695,776.08,7139.97,260,714.0,0.0,1.191,0.364,0.02,0.0,0.294,0,0,Normal,3.89,1.5,0.85,0.0,0,None
2026-04-22 03:00:00,22.32,1,0,0,233.86,2.91,0.646,0.217,0.948,0.1615,776.25,7141.46,260,714.15,0.0,1.191,0.348,0.02,0.0,0.278,0,0,Normal,3.22,1.91,0.46,0.0,0,None
2026-04-22 03:15:00,21.41,1,0,0,231.83,3.61,0.778,0.308,0.93,0.1945,776.44,7143.25,260,714.32,0.0,1.191,0.338,0.123,0.0,0.317,0,0,Normal,4.32,1.29,0.59,0.0,0,None
2026-04-22 03:30:00,21.38,1,0,0,234.26,3.91,0.808,0.429,0.883,0.202,776.64,7145.11,260,714.51,0.0,1.191,0.343,0.116,0.0,0.349,0,0,Normal,2.19,1.0,0.47,0.0,0,None
2026-04-22 03:45:00,22.42,1,0,0,235.6,3.04,0.68,0.227,0.949,0.17,776.81,7146.67,260,714.67,0.0,1.191,0.361,0.02,0.0,0.299,0,0,Normal,3.48,1.56,0.89,0.0,0,None
2026-04-22 04:00:00,22.4,1,0,0,235.88,4.16,0.898,0.397,0.915,0.2245,777.04,7148.74,260,714.87,0.0,1.191,0.362,0.02,0.0,0.516,0,0,Normal,2.49,2.79,0.55,0.0,0,None
2026-04-22 04:15:00,22.95,1,0,0,233.09,3.07,0.65,0.298,0.909,0.1625,777.2,7150.23,260,715.02,0.0,1.191,0.332,0.02,0.0,0.298,0,0,Normal,2.57,2.63,0.49,0.0,0,None
2026-04-22 04:30:00,23.19,1,0,0,232.96,3.95,0.817,0.423,0.888,0.2042,777.4,7152.11,260,715.21,0.0,1.191,0.346,0.02,0.0,0.451,0,0,Normal,2.7,1.07,0.64,0.0,0,None
2026-04-22 04:45:00,22.17,1,0,0,234.03,4.29,0.931,0.378,0.926,0.2328,777.64,7154.25,260,715.43,0.0,1.191,0.36,0.122,0.0,0.449,0,0,Normal,4.49,1.78,0.58,0.0,0,None
2026-04-22 05:00:00,23.05,1,0,0,232.33,3.63,0.804,0.257,0.953,0.201,777.84,7156.1,260,715.61,0.0,1.191,0.347,0.117,0.0,0.34,0,0,Normal,3.25,2.34,0.58,0.0,0,None
2026-04-22 05:15:00,24.59,1,0,0,232.2,3.6,0.776,0.311,0.928,0.194,778.03,7157.89,260,715.79,0.0,1.192,0.374,0.02,0.0,0.382,0,0,Normal,4.35,3.01,0.94,0.0,0,None
2026-04-22 05:30:00,23.93,1,0,0,233.68,3.04,0.667,0.246,0.938,0.1668,778.2,7159.42,260,715.94,0.0,1.192,0.343,0.02,0.0,0.304,0,0,Normal,2.4,2.79,0.26,0.0,0,None
2026-04-22 05:45:00,23.55,1,0,0,233.89,3.9,0.856,0.316,0.938,0.214,778.41,7161.39,260,716.14,0.0,1.192,0.336,0.02,0.0,0.5,0,0,Normal,4.43,3.04,0.85,0.0,0,None
2026-04-22 06:00:00,24.53,1,0,0,234.04,10.02,2.09,1.064,0.891,0.5225,778.93,7166.2,260,716.62,0.0,1.192,0.354,0.02,1.33,0.386,0,0,Normal,3.19,1.09,1.0,0.0,0,None
2026-04-22 06:15:00,24.74,1,0,0,232.51,10.77,2.24,1.12,0.894,0.56,779.49,7171.35,260,717.13,0.0,1.192,0.346,0.128,1.468,0.298,0,0,Normal,3.37,3.76,0.53,0.0,0,None
2026-04-22 06:30:00,24.4,1,0,0,234.51,12.23,2.663,1.068,0.928,0.6658,780.16,7177.47,260,717.75,0.0,1.192,0.353,0.118,1.851,0.341,0,0,Normal,2.23,3.03,0.78,0.0,0,None
2026-04-22 06:45:00,25.44,1,0,0,236.04,11.74,2.462,1.274,0.888,0.6155,780.78,7183.13,260,718.31,0.045,1.192,0.349,0.02,1.686,0.362,0,0,Normal,4.31,1.1,0.45,0.0,0,None
2026-04-22 07:00:00,26.06,1,0,0,232.64,11.59,2.504,0.998,0.929,0.626,781.4,7188.89,260,718.89,0.184,1.192,0.055,0.02,1.921,0.324,0,0,Normal,3.27,1.59,0.33,0.0,0,None
2026-04-22 07:15:00,26.99,1,0,0,234.09,10.79,2.283,1.08,0.904,0.5708,781.97,7194.14,260,719.41,0.682,1.192,0.039,0.02,1.249,0.293,0,0,Normal,3.99,1.39,0.89,0.0,0,None
2026-04-22 07:30:00,26.25,1,0,0,234.64,10.98,2.304,1.151,0.895,0.576,782.55,7199.44,260,719.94,0.237,1.192,0.045,0.02,1.63,0.372,0,0,Normal,2.98,1.25,0.39,0.0,0,None
2026-04-22 07:45:00,25.93,1,0,0,233.48,9.88,2.2,0.696,0.953,0.55,783.1,7204.5,260,720.45,0.166,1.192,0.036,0.124,1.377,0.497,0,0,Normal,2.02,3.01,0.3,0.0,0,None
2026-04-22 08:00:00,27.79,1,0,0,235.45,13.01,2.848,1.127,0.93,0.712,783.81,7211.05,260,721.11,1.075,1.192,0.047,0.118,1.262,0.346,0,0,Normal,2.58,1.17,0.27,0.0,0,None
2026-04-22 08:15:00,26.69,1,0,0,233.65,10.67,2.364,0.792,0.948,0.591,784.4,7216.49,260,721.65,0.67,1.192,0.039,0.02,1.394,0.241,0,0,Normal,2.09,2.6,0.36,0.0,0,None
2026-04-22 08:30:00,27.94,1,0,0,232.45,14.3,3.104,1.189,0.934,0.776,785.18,7223.63,260,722.36,1.149,1.192,0.059,0.02,1.403,0.473,0,0,Normal,4.22,2.48,0.67,0.0,0,None
2026-04-22 08:45:00,27.91,1,0,0,234.62,15.56,3.398,1.337,0.931,0.8495,786.03,7231.45,260,723.14,1.118,1.192,0.074,0.02,1.816,0.37,0,0,Normal,3.7,1.93,0.77,0.0,0,None
2026-04-22 09:00:00,29.97,0,0,0,232.32,0.72,0.157,0.058,0.938,0.0392,786.07,7231.81,260,723.18,0.0,1.192,0.052,0.02,0.0,0.085,0,0,Normal,2.24,2.95,0.54,0.0,0,None
2026-04-22 09:15:00,28.61,0,0,0,233.91,1.21,0.253,0.129,0.892,0.0632,786.13,7232.39,260,723.24,0.0,1.192,0.05,0.12,0.0,0.083,0,0,Normal,3.36,2.49,0.54,0.0,0,None
2026-04-22 09:30:00,30.13,0,0,0,233.9,1.6,0.343,0.147,0.919,0.0857,786.22,7233.18,260,723.32,0.0,1.192,0.044,0.131,0.0,0.168,0,0,Normal,2.58,3.4,0.68,0.0,0,None
2026-04-22 09:45:00,29.96,0,0,0,232.97,0.97,0.198,0.107,0.88,0.0495,786.26,7233.63,260,723.36,0.0,1.192,0.062,0.02,0.0,0.116,0,0,Normal,4.48,3.38,0.84,0.0,0,None
2026-04-22 10:00:00,31.63,0,0,0,232.33,3.53,0.77,0.28,0.94,0.1925,786.46,7235.4,260,723.54,0.0,1.192,0.06,0.02,0.0,0.69,1,1,Phantom Standby Load,2.56,3.43,0.52,0.0,0,None
2026-04-22 10:15:00,30.97,0,0,0,232.61,4.24,0.886,0.436,0.897,0.2215,786.68,7237.44,260,723.74,0.0,1.192,0.063,0.02,0.0,0.803,1,1,Phantom Standby Load,3.19,3.25,0.35,0.0,0,None
2026-04-22 10:30:00,31.51,0,0,0,228.94,4.02,0.852,0.351,0.925,0.213,786.89,7239.4,260,723.94,0.0,1.192,0.056,0.02,0.0,0.776,1,1,Phantom Standby Load,3.31,1.92,0.66,0.0,0,None
2026-04-22 10:45:00,30.26,0,0,0,230.94,4.81,1.006,0.47,0.906,0.2515,787.14,7241.72,260,724.17,0.0,1.192,0.045,0.12,0.0,0.841,1,1,Phantom Standby Load,4.44,3.06,0.34,0.0,0,None
2026-04-22 11:00:00,32.6,0,0,0,230.47,4.76,0.984,0.486,0.897,0.246,787.39,7243.98,260,724.4,0.0,1.192,0.062,0.114,0.0,0.808,1,1,Phantom Standby Load,2.5,1.06,0.46,0.0,0,None
2026-04-22 11:15:00,31.86,0,0,0,230.43,4.05,0.872,0.329,0.936,0.218,787.61,7245.98,260,724.6,0.0,1.192,0.046,0.02,0.0,0.806,1,1,Phantom Standby Load,2.57,1.56,0.4,0.0,0,None
2026-04-22 11:30:00,31.42,0,0,0,230.49,3.79,0.805,0.342,0.92,0.2012,787.81,7247.84,260,724.78,0.0,1.192,0.049,0.02,0.0,0.736,1,1,Phantom Standby Load,2.67,2.75,0.9,0.0,0,None
2026-04-22 11:45:00,31.68,0,0,0,230.05,4.38,0.89,0.472,0.883,0.2225,788.03,7249.88,260,724.99,0.0,1.192,0.064,0.02,0.0,0.806,1,1,Phantom Standby Load,4.44,2.39,0.27,0.0,0,None
2026-04-22 12:00:00,33.2,0,0,0,229.63,4.11,0.852,0.407,0.902,0.213,788.24,7251.84,260,725.18,0.0,1.193,0.062,0.02,0.0,0.77,1,1,Phantom Standby Load,2.66,1.24,0.36,0.0,0,None
2026-04-22 12:15:00,32.78,0,0,0,230.22,4.16,0.905,0.313,0.945,0.2262,788.47,7253.92,260,725.39,0.0,1.193,0.063,0.124,0.0,0.718,1,1,Phantom Standby Load,4.48,2.56,0.35,0.0,0,None
2026-04-22 12:30:00,33.38,0,0,0,227.79,4.48,0.909,0.464,0.891,0.2272,788.7,7256.01,260,725.6,0.0,1.193,0.055,0.118,0.0,0.736,1,1,Phantom Standby Load,3.5,3.08,0.29,0.0,0,None
2026-04-22 12:45:00,32.29,0,0,0,228.29,3.83,0.832,0.27,0.951,0.208,788.91,7257.93,260,725.79,0.0,1.193,0.051,0.02,0.0,0.761,1,1,Phantom Standby Load,2.21,2.87,0.82,0.0,0,None
2026-04-22 13:00:00,32.73,0,0,0,228.9,4.35,0.891,0.445,0.895,0.2228,789.13,7259.98,260,726.0,0.0,1.193,0.049,0.02,0.0,0.822,1,1,Phantom Standby Load,2.02,1.01,0.37,0.0,0,None
2026-04-22 13:15:00,34.48,0,0,0,229.22,4.39,0.905,0.44,0.899,0.2262,789.35,7262.06,260,726.21,0.0,1.193,0.049,0.02,0.0,0.836,1,1,Phantom Standby Load,3.44,2.54,0.88,0.0,0,None
2026-04-22 13:30:00,34.25,0,0,0,229.5,3.74,0.793,0.327,0.925,0.1982,789.55,7263.88,260,726.39,0.0,1.193,0.051,0.02,0.0,0.722,1,1,Phantom Standby Load,2.85,3.31,0.48,0.0,0,None
2026-04-22 13:45:00,33.27,0,0,0,229.37,4.17,0.896,0.337,0.936,0.224,789.78,7265.94,260,726.59,0.0,1.193,0.053,0.113,0.0,0.73,1,1,Phantom Standby Load,4.1,2.4,0.58,0.0,0,None
2026-04-22 14:00:00,34.0,0,0,0,225.63,4.74,0.957,0.477,0.895,0.2392,790.02,7268.14,260,726.81,0.0,1.193,0.042,0.12,0.0,0.795,1,1,Phantom Standby Load,2.59,3.53,0.33,0.0,0,None
2026-04-22 14:15:00,34.51,0,0,0,228.36,4.02,0.828,0.397,0.902,0.207,790.22,7270.05,260,727.0,0.0,1.193,0.046,0.02,0.0,0.762,1,1,Phantom Standby Load,2.45,2.47,0.37,0.0,0,None
2026-04-22 14:30:00,34.21,0,0,0,226.15,4.0,0.816,0.389,0.902,0.204,790.43,7271.93,260,727.19,0.0,1.193,0.057,0.02,0.0,0.739,1,1,Phantom Standby Load,3.66,1.46,0.45,0.0,0,None
2026-04-22 14:45:00,34.07,0,0,0,226.51,4.27,0.867,0.428,0.897,0.2168,790.64,7273.92,260,727.39,0.0,1.193,0.059,0.02,0.0,0.788,1,1,Phantom Standby Load,4.0,2.21,0.74,0.0,0,None
2026-04-22 15:00:00,34.34,0,0,0,228.78,3.83,0.809,0.337,0.923,0.2022,790.85,7275.78,260,727.58,0.0,1.193,0.047,0.02,0.0,0.742,1,1,Phantom Standby Load,2.76,1.67,0.52,0.0,0,None
2026-04-22 15:15:00,33.43,0,0,0,225.99,4.18,0.849,0.417,0.898,0.2122,791.06,7277.73,260,727.77,0.0,1.193,0.046,0.116,0.0,0.687,1,1,Phantom Standby Load,3.24,1.57,0.68,0.0,0,None
2026-04-22 15:30:00,33.81,0,0,0,226.36,4.6,0.968,0.386,0.929,0.242,791.3,7279.96,260,728.0,0.0,1.193,0.052,0.121,0.0,0.795,1,1,Phantom Standby Load,3.94,2.59,0.36,0.0,0,None
2026-04-22 15:45:00,33.79,0,0,0,227.07,3.98,0.796,0.426,0.882,0.199,791.5,7281.79,260,728.18,0.0,1.193,0.045,0.02,0.0,0.731,1,1,Phantom Standby Load,4.05,2.17,0.24,0.0,0,None
2026-04-22 16:00:00,33.06,0,0,0,224.48,1.31,0.279,0.095,0.947,0.0697,791.57,7282.43,260,728.24,0.0,1.193,0.051,0.02,0.0,0.208,0,0,Normal,3.44,3.32,0.41,0.0,0,None
2026-04-22 16:15:00,33.0,0,0,0,228.86,1.3,0.284,0.09,0.954,0.071,791.64,7283.09,260,728.31,0.0,1.193,0.034,0.02,0.0,0.23,0,0,Normal,3.74,3.14,0.42,0.0,0,None
2026-04-22 16:30:00,33.23,0,0,0,227.46,0.99,0.2,0.105,0.885,0.05,791.69,7283.55,260,728.35,0.0,1.193,0.054,0.02,0.0,0.126,0,0,Normal,3.08,1.05,0.32,0.0,0,None
2026-04-22 16:45:00,33.21,0,0,0,225.88,1.39,0.299,0.095,0.953,0.0748,791.76,7284.23,260,728.42,0.0,1.193,0.04,0.115,0.0,0.144,0,0,Normal,2.04,3.53,0.66,0.0,0,None
2026-04-22 17:00:00,31.72,0,0,0,226.22,1.37,0.292,0.104,0.942,0.073,791.84,7284.9,260,728.49,0.0,1.193,0.048,0.122,0.0,0.122,0,0,Normal,2.83,1.66,0.98,0.0,0,None
2026-04-22 17:15:00,32.64,0,0,0,226.0,1.36,0.276,0.135,0.898,0.069,791.91,7285.54,260,728.55,0.0,1.193,0.034,0.02,0.0,0.222,0,0,Normal,4.42,2.37,0.94,0.0,0,None
2026-04-22 17:30:00,31.75,0,0,0,227.7,1.42,0.307,0.099,0.951,0.0768,791.98,7286.25,260,728.62,0.0,1.193,0.041,0.02,0.0,0.246,0,0,Normal,2.08,2.49,0.94,0.0,0,None
2026-04-22 17:45:00,32.13,0,0,0,227.11,1.6,0.327,0.161,0.898,0.0818,792.06,7287.0,260,728.7,0.0,1.193,0.057,0.02,0.0,0.25,0,0,Normal,2.26,2.14,0.35,0.0,0,None
2026-04-22 18:00:00,30.85,1,0,1,226.91,14.88,3.159,1.19,0.936,0.7897,792.85,7294.26,260,729.43,2.489,1.193,0.346,0.02,0.0,0.304,0,0,Normal,2.58,1.59,0.67,0.0,0,None
2026-04-22 18:15:00,31.18,1,0,1,228.01,16.3,3.454,1.374,0.929,0.8635,793.72,7302.21,260,730.22,2.64,1.193,0.364,0.123,0.0,0.327,0,0,Normal,3.54,3.82,0.66,0.0,0,None
2026-04-22 18:30:00,29.94,1,0,1,227.17,13.8,2.89,1.215,0.922,0.7225,794.44,7308.85,260,730.89,2.079,1.194,0.347,0.117,0.0,0.347,0,0,Normal,3.45,1.28,0.82,0.0,0,None
2026-04-22 18:45:00,31.45,1,0,1,224.46,16.93,3.576,1.285,0.941,0.894,795.33,7317.08,260,731.71,2.809,1.194,0.354,0.02,0.0,0.393,0,0,Normal,4.24,3.09,0.52,0.0,0,None
2026-04-22 19:00:00,29.21,1,0,1,227.6,20.19,4.362,1.446,0.949,1.0905,796.43,7327.11,260,732.71,1.745,1.194,0.352,0.02,1.838,0.407,0,0,Normal,4.13,2.33,0.56,0.0,0,None
2026-04-22 19:15:00,30.16,1,0,1,225.17,19.99,4.228,1.546,0.939,1.057,797.48,7336.84,260,733.68,2.203,1.194,0.348,0.02,1.397,0.26,0,0,Normal,4.44,2.03,0.94,0.0,0,None
2026-04-22 19:30:00,29.31,1,0,1,225.52,17.62,3.778,1.229,0.951,0.9445,798.43,7345.53,260,734.55,1.73,1.194,0.337,0.02,1.378,0.313,0,0,Normal,2.1,2.55,0.32,0.0,0,None
2026-04-22 19:45:00,29.53,1,0,1,226.78,18.24,3.847,1.519,0.93,0.9617,799.39,7354.37,260,735.44,1.858,1.194,0.324,0.122,1.279,0.264,0,0,Normal,4.44,3.42,0.43,0.0,0,None
2026-04-22 20:00:00,28.96,1,0,1,226.29,19.72,4.095,1.773,0.918,1.0238,800.41,7363.79,260,736.38,1.643,1.194,0.36,0.122,1.737,0.233,0,0,Normal,3.17,1.3,0.53,0.0,0,None
2026-04-22 20:15:00,27.86,1,0,1,226.0,16.43,3.289,1.722,0.886,0.8223,801.23,7371.36,260,737.14,1.071,1.194,0.332,0.02,1.602,0.264,0,0,Normal,3.85,1.53,0.27,0.0,0,None
2026-04-22 20:30:00,28.62,1,0,1,226.16,16.49,3.49,1.317,0.936,0.8725,802.11,7379.38,260,737.94,1.48,1.194,0.354,0.02,1.276,0.36,0,0,Normal,2.92,2.16,0.49,0.0,0,None
2026-04-22 20:45:00,28.02,1,0,1,226.45,18.14,3.918,1.235,0.954,0.9795,803.09,7388.4,260,738.84,1.262,1.194,0.353,0.02,1.927,0.356,0,0,Normal,2.16,3.65,0.4,0.0,0,None
2026-04-22 21:00:00,26.65,1,0,1,227.95,12.45,2.708,0.852,0.954,0.677,803.76,7394.62,260,739.46,0.558,1.194,0.36,0.02,1.381,0.389,0,0,Normal,3.27,2.34,0.74,0.0,0,None
2026-04-22 21:15:00,26.48,1,0,1,227.68,13.7,2.835,1.301,0.909,0.7088,804.47,7401.14,260,740.11,0.413,1.194,0.352,0.111,1.59,0.369,0,0,Normal,4.13,1.97,0.94,0.0,0,None
2026-04-22 21:30:00,26.87,1,0,1,229.4,17.7,3.631,1.815,0.894,0.9078,805.38,7409.5,260,740.95,0.803,1.194,0.35,0.124,1.972,0.382,0,0,Normal,3.64,2.79,0.27,0.0,0,None
2026-04-22 21:45:00,26.1,1,0,1,226.31,11.88,2.577,0.768,0.958,0.6443,806.02,7415.42,260,741.54,0.249,1.194,0.348,0.02,1.493,0.467,0,0,Normal,2.79,2.34,0.68,0.0,0,None
2026-04-22 22:00:00,24.51,1,0,1,228.14,3.55,0.714,0.384,0.881,0.1785,806.2,7417.07,260,741.71,0.0,1.194,0.343,0.02,0.0,0.351,0,0,Normal,2.31,1.96,0.83,0.0,0,None
2026-04-22 22:15:00,24.68,1,0,1,227.66,3.83,0.82,0.298,0.94,0.205,806.41,7418.95,260,741.9,0.0,1.194,0.354,0.02,0.0,0.446,0,0,Normal,4.11,1.25,0.95,0.0,0,None
2026-04-22 22:30:00,25.05,1,0,1,226.83,3.27,0.697,0.256,0.939,0.1743,806.58,7420.55,260,742.06,0.0,1.194,0.36,0.02,0.0,0.317,0,0,Normal,2.02,3.43,0.37,0.0,0,None
2026-04-22 22:45:00,24.89,1,0,1,225.59,4.11,0.826,0.42,0.892,0.2065,806.79,7422.45,260,742.25,0.0,1.194,0.35,0.119,0.0,0.357,0,0,Normal,3.22,3.25,0.92,0.0,0,None
2026-04-22 23:00:00,24.11,1,0,1,229.3,3.95,0.807,0.413,0.89,0.2017,806.99,7424.31,260,742.43,0.0,1.194,0.358,0.117,0.0,0.332,0,0,Normal,3.21,1.52,0.22,0.0,0,None
2026-04-22 23:15:00,24.41,1,0,1,229.01,3.5,0.756,0.265,0.944,0.189,807.18,7426.05,260,742.6,0.0,1.194,0.338,0.02,0.0,0.398,0,0,Normal,3.89,2.28,0.27,0.0,0,None
2026-04-22 23:30:00,23.27,1,0,1,231.36,3.06,0.627,0.327,0.887,0.1568,807.34,7427.49,260,742.75,0.0,1.194,0.348,0.02,0.0,0.259,0,0,Normal,3.08,1.72,0.22,0.0,0,None
2026-04-22 23:45:00,23.39,1,0,1,229.9,3.86,0.838,0.291,0.944,0.2095,807.55,7429.42,260,742.94,0.0,1.194,0.346,0.02,0.0,0.472,0,0,Normal,2.31,3.89,0.57,0.0,0,None
2026-04-23 00:00:00,22.09,1,0,0,231.57,3.36,0.695,0.349,0.894,0.1738,807.72,7431.02,260,743.1,0.0,1.194,0.345,0.02,0.0,0.33,0,0,Normal,3.19,2.02,0.97,0.0,0,None
2026-04-23 00:15:00,23.82,1,0,0,230.17,3.51,0.738,0.33,0.913,0.1845,807.9,7432.71,260,743.27,0.0,1.194,0.361,0.114,0.0,0.263,0,0,Normal,2.84,1.77,0.52,0.0,0,None
2026-04-23 00:30:00,22.96,1,0,0,230.93,3.88,0.821,0.361,0.916,0.2052,808.11,7434.6,260,743.46,0.0,1.194,0.353,0.122,0.0,0.346,0,0,Normal,3.94,1.29,0.6,0.0,0,None
2026-04-23 00:45:00,23.04,1,0,0,231.22,3.02,0.623,0.315,0.892,0.1558,808.26,7436.04,260,743.6,0.0,1.194,0.363,0.02,0.0,0.24,0,0,Normal,3.34,1.22,0.84,0.0,0,None
2026-04-23 01:00:00,21.53,1,0,0,232.04,3.57,0.767,0.313,0.926,0.1918,808.46,7437.8,260,743.78,0.0,1.195,0.354,0.02,0.0,0.393,0,0,Normal,2.97,1.83,0.31,0.0,0,None
2026-04-23 01:15:00,22.2,1,0,0,229.94,3.98,0.871,0.28,0.952,0.2178,808.67,7439.8,260,743.98,0.0,1.195,0.352,0.02,0.0,0.499,0,0,Normal,4.27,2.24,0.97,0.0,0,None
2026-04-23 01:30:00,22.46,1,0,0,232.26,3.14,0.678,0.27,0.929,0.1695,808.84,7441.36,260,744.14,0.0,1.195,0.355,0.02,0.0,0.303,0,0,Normal,2.17,3.43,0.24,0.0,0,None
2026-04-23 01:45:00,22.08,1,0,0,231.54,4.12,0.881,0.367,0.923,0.2202,809.06,7443.39,260,744.34,0.0,1.195,0.337,0.121,0.0,0.423,0,0,Normal,2.54,3.37,0.32,0.0,0,None
2026-04-23 02:00:00,22.54,1,0,0,232.02,4.08,0.841,0.435,0.888,0.2102,809.27,7445.32,260,744.53,0.0,1.195,0.352,0.12,0.0,0.369,0,0,Normal,2.88,2.95,0.88,0.0,0,None
2026-04-23 02:15:00,23.16,1,0,0,233.32,3.88,0.806,0.412,0.891,0.2015,809.48,7447.18,260,744.72,0.0,1.195,0.347,0.02,0.0,0.439,0,0,Normal,2.8,1.57,0.47,0.0,0,None
2026-04-23 02:30:00,21.53,1,0,0,233.36,3.56,0.743,0.369,0.896,0.1858,809.66,7448.89,260,744.89,0.0,1.195,0.341,0.02,0.0,0.382,0,0,Normal,2.05,2.47,0.46,0.0,0,None
2026-04-23 02:45:00,21.49,1,0,0,234.23,3.49,0.769,0.278,0.941,0.1922,809.85,7450.65,260,745.07,0.0,1.195,0.351,0.02,0.0,0.398,0,0,Normal,4.0,1.83,0.46,0.0,0,None
2026-04-23 03:00:00,21.77,1,0,0,232.6,2.94,0.63,0.263,0.923,0.1575,810.01,7452.1,260,745.21,0.0,1.195,0.342,0.02,0.0,0.268,0,0,Normal,4.23,2.61,0.99,0.0,0,None
2026-04-23 03:15:00,23.01,1,0,0,233.76,4.64,1.009,0.397,0.931,0.2522,810.26,7454.42,260,745.44,0.0,1.195,0.36,0.118,0.0,0.531,0,0,Normal,4.45,3.3,0.23,0.0,0,None
2026-04-23 03:30:00,22.73,1,0,0,233.17,4.22,0.9,0.4,0.914,0.225,810.49,7456.49,260,745.65,0.0,1.195,0.337,0.117,0.0,0.446,0,0,Normal,3.29,2.23,0.46,0.0,0,None
2026-04-23 03:45:00,22.14,1,0,0,232.79,3.18,0.67,0.317,0.904,0.1675,810.66,7458.04,260,745.8,0.0,1.195,0.37,0.02,0.0,0.28,0,0,Normal,2.41,3.77,0.72,0.0,0,None
2026-04-23 04:00:00,22.82,1,0,0,232.95,3.49,0.73,0.359,0.897,0.1825,810.84,7459.71,260,745.97,0.0,1.195,0.346,0.02,0.0,0.364,0,0,Normal,2.04,1.38,0.77,0.0,0,None
2026-04-23 04:15:00,22.4,1,0,0,234.37,3.12,0.692,0.233,0.948,0.173,811.01,7461.31,260,746.13,0.0,1.195,0.364,0.02,0.0,0.308,0,0,Normal,2.86,1.52,0.85,0.0,0,None
2026-04-23 04:30:00,23.25,1,0,0,234.36,3.32,0.745,0.224,0.958,0.1862,811.2,7463.02,260,746.3,0.0,1.195,0.361,0.02,0.0,0.364,0,0,Normal,3.77,3.82,0.42,0.0,0,None
2026-04-23 04:45:00,22.61,1,0,0,233.47,3.82,0.822,0.346,0.922,0.2055,811.4,7464.91,260,746.49,0.0,1.195,0.366,0.116,0.0,0.34,0,0,Normal,3.43,2.91,0.4,0.0,0,None
2026-04-23 05:00:00,23.63,1,0,0,234.39,4.11,0.871,0.41,0.905,0.2178,811.62,7466.91,260,746.69,0.0,1.195,0.35,0.123,0.0,0.398,0,0,Normal,4.01,2.99,0.55,0.0,0,None
2026-04-23 05:15:00,24.06,1,0,0,233.7,3.27,0.701,0.303,0.918,0.1753,811.8,7468.53,260,746.85,0.0,1.195,0.352,0.02,0.0,0.329,0,0,Normal,2.19,3.56,0.41,0.0,0,None
2026-04-23 05:30:00,23.66,1,0,0,233.16,3.0,0.615,0.331,0.881,0.1538,811.95,7469.94,260,746.99,0.0,1.195,0.363,0.02,0.0,0.232,0,0,Normal,2.64,1.47,0.28,0.0,0,None
2026-04-23 05:45:00,23.64,1,0,0,233.36,3.0,0.643,0.277,0.918,0.1608,812.11,7471.42,260,747.14,0.0,1.195,0.357,0.02,0.0,0.266,0,0,Normal,3.71,1.3,0.3,0.0,0,None
2026-04-23 06:00:00,25.01,1,0,0,232.55,11.78,2.571,0.944,0.939,0.6428,812.75,7477.33,260,747.73,0.0,1.195,0.352,0.02,1.874,0.325,0,0,Normal,2.43,3.54,0.61,0.0,0,None
2026-04-23 06:15:00,25.4,1,0,0,235.17,12.86,2.673,1.413,0.884,0.6682,813.42,7483.48,260,748.35,0.015,1.195,0.353,0.124,1.956,0.225,0,0,Normal,3.14,3.79,0.97,0.0,0,None
2026-04-23 06:30:00,25.82,1,0,0,233.92,11.69,2.481,1.15,0.907,0.6202,814.04,7489.19,260,748.92,0.211,1.195,0.36,0.115,1.363,0.432,0,0,Normal,3.44,1.44,0.38,0.0,0,None
2026-04-23 06:45:00,25.29,1,0,0,233.74,12.22,2.636,1.102,0.923,0.659,814.7,7495.25,260,749.52,0.0,1.195,0.362,0.02,1.949,0.305,0,0,Normal,2.8,3.67,0.2,0.0,0,None
2026-04-23 07:00:00,26.85,1,0,0,233.55,11.99,2.665,0.862,0.951,0.6662,815.37,7501.38,260,750.14,0.664,1.195,0.056,0.02,1.539,0.386,0,0,Normal,3.68,1.62,0.28,0.0,0,None
2026-04-23 07:15:00,26.35,1,0,0,233.46,11.7,2.45,1.207,0.897,0.6125,815.98,7507.01,260,750.7,0.328,1.195,0.051,0.02,1.769,0.282,0,0,Normal,3.05,3.22,0.67,0.0,0,None
2026-04-23 07:30:00,26.09,1,0,0,234.6,9.76,2.125,0.855,0.928,0.5312,816.51,7511.9,260,751.19,0.308,1.196,0.044,0.02,1.565,0.188,0,0,Normal,2.75,2.91,0.42,0.0,0,None
2026-04-23 07:45:00,26.77,1,0,0,234.98,11.92,2.474,1.315,0.883,0.6185,817.13,7517.59,260,751.76,0.623,1.196,0.033,0.12,1.446,0.252,0,0,Normal,3.04,3.44,0.83,0.0,0,None
2026-04-23 08:00:00,28.09,1,0,0,233.33,16.39,3.595,1.304,0.94,0.8988,818.03,7525.86,260,752.59,1.295,1.196,0.064,0.114,1.706,0.416,0,0,Normal,4.27,2.35,0.9,0.0,0,None
2026-04-23 08:15:00,27.29,1,0,0,233.86,14.68,3.043,1.591,0.886,0.7607,818.79,7532.86,260,753.29,0.863,1.196,0.054,0.02,1.751,0.355,0,0,Normal,3.37,1.58,0.21,0.0,0,None
2026-04-23 08:30:00,27.84,1,0,0,233.89,14.6,3.195,1.202,0.936,0.7988,819.59,7540.21,260,754.02,1.072,1.196,0.041,0.02,1.67,0.392,0,0,Normal,2.53,3.01,0.68,0.0,0,None
2026-04-23 08:45:00,27.96,1,0,0,230.67,15.76,3.451,1.141,0.949,0.8628,820.45,7548.14,260,754.81,1.184,1.196,0.044,0.02,1.889,0.314,0,0,Normal,2.57,2.71,0.4,0.0,0,None
2026-04-23 09:00:00,29.3,0,0,0,236.31,0.75,0.163,0.071,0.916,0.0407,820.49,7548.52,260,754.85,0.0,1.196,0.04,0.02,0.0,0.103,0,0,Normal,3.55,3.84,0.26,0.0,0,None
2026-04-23 09:15:00,30.29,0,0,0,236.28,1.55,0.344,0.123,0.941,0.086,820.58,7549.31,260,754.93,0.0,1.196,0.058,0.125,0.0,0.161,0,0,Normal,2.56,1.0,0.51,0.0,0,None
2026-04-23 09:30:00,29.79,0,0,0,231.12,1.89,0.409,0.15,0.939,0.1023,820.68,7550.25,260,755.03,0.0,1.196,0.055,0.116,0.0,0.238,0,0,Normal,3.34,3.72,0.22,0.0,0,None
2026-04-23 09:45:00,30.24,0,0,0,232.55,0.75,0.166,0.053,0.952,0.0415,820.72,7550.63,260,755.06,0.0,1.196,0.047,0.02,0.0,0.099,0,0,Normal,3.98,2.02,0.64,0.0,0,None
2026-04-23 10:00:00,31.13,0,0,0,233.37,1.39,0.312,0.093,0.959,0.078,820.8,7551.35,260,755.14,0.0,1.196,0.06,0.02,0.0,0.232,0,0,Normal,4.31,2.7,0.66,0.0,0,None
2026-04-23 10:15:00,31.04,0,0,0,232.34,1.29,0.273,0.126,0.908,0.0682,820.87,7551.98,260,755.2,0.0,1.196,0.056,0.02,0.0,0.197,0,0,Normal,3.47,3.16,0.36,0.0,0,None
2026-04-23 10:30:00,30.53,0,0,0,231.71,1.47,0.312,0.136,0.916,0.078,820.95,7552.7,260,755.27,0.0,1.196,0.048,0.02,0.0,0.244,0,0,Normal,4.42,1.43,0.35,0.0,0,None
2026-04-23 10:45:00,31.01,0,0,0,230.4,1.94,0.404,0.19,0.905,0.101,821.05,7553.63,260,755.36,0.0,1.196,0.05,0.114,0.0,0.24,0,0,Normal,2.98,2.17,0.27,0.0,0,None
2026-04-23 11:00:00,32.25,0,0,0,228.72,1.84,0.393,0.152,0.933,0.0982,821.14,7554.53,260,755.45,0.0,1.196,0.051,0.125,0.0,0.217,0,0,Normal,4.45,2.05,0.95,0.0,0,None
2026-04-23 11:15:00,31.56,0,0,0,231.73,1.21,0.252,0.123,0.899,0.063,821.21,7555.11,260,755.51,0.0,1.196,0.051,0.02,0.0,0.181,0,0,Normal,2.4,2.33,0.54,0.0,0,None
2026-04-23 11:30:00,31.97,0,0,0,232.77,1.0,0.211,0.096,0.91,0.0528,821.26,7555.59,260,755.56,0.0,1.196,0.055,0.02,0.0,0.136,0,0,Normal,2.34,3.0,0.37,0.0,0,None
2026-04-23 11:45:00,32.08,0,0,0,231.25,0.9,0.194,0.076,0.931,0.0485,821.31,7556.04,260,755.6,0.0,1.196,0.046,0.02,0.0,0.128,0,0,Normal,3.35,1.66,0.29,0.0,0,None
2026-04-23 12:00:00,33.4,0,0,0,230.25,1.34,0.28,0.127,0.91,0.07,821.38,7556.68,260,755.67,0.0,1.196,0.063,0.02,0.0,0.197,0,0,Normal,2.8,1.17,0.56,0.0,0,None
2026-04-23 12:15:00,33.43,0,0,0,230.11,1.19,0.25,0.114,0.91,0.0625,821.44,7557.26,260,755.73,0.0,1.196,0.053,0.112,0.0,0.085,0,0,Normal,2.66,1.66,0.94,0.0,0,None
2026-04-23 12:30:00,32.91,0,0,0,230.23,1.62,0.339,0.156,0.908,0.0847,821.53,7558.04,260,755.8,0.0,1.196,0.069,0.125,0.0,0.145,0,0,Normal,3.3,3.51,0.79,0.0,0,None
2026-04-23 12:45:00,33.43,0,0,0,230.27,0.92,0.202,0.06,0.959,0.0505,821.58,7558.5,260,755.85,0.0,1.196,0.05,0.02,0.0,0.132,0,0,Normal,2.35,3.46,0.59,0.0,0,None
2026-04-23 13:00:00,33.7,0,0,0,231.23,1.06,0.223,0.099,0.914,0.0558,821.63,7559.02,260,755.9,0.0,1.196,0.048,0.02,0.0,0.155,0,0,Normal,3.87,1.95,0.42,0.0,0,None
2026-04-23 13:15:00,32.36,0,0,0,227.78,1.53,0.308,0.162,0.885,0.077,821.71,7559.73,260,755.97,0.0,1.196,0.044,0.02,0.0,0.244,0,0,Normal,2.65,3.7,0.58,0.0,0,None
2026-04-23 13:30:00,33.55,0,0,0,229.61,0.67,0.136,0.073,0.882,0.034,821.74,7560.04,260,756.0,0.0,1.196,0.027,0.02,0.0,0.089,0,0,Normal,3.43,2.62,0.32,0.0,0,None
2026-04-23 13:45:00,34.34,0,0,0,227.34,1.89,0.407,0.138,0.947,0.1018,821.84,7560.97,260,756.1,0.0,1.196,0.054,0.113,0.0,0.24,0,0,Normal,2.0,2.38,0.84,0.0,0,None
2026-04-23 14:00:00,33.16,0,0,0,229.42,1.75,0.372,0.153,0.925,0.093,821.94,7561.83,260,756.18,0.0,1.197,0.073,0.122,0.0,0.177,0,0,Normal,3.68,3.5,0.88,0.0,0,None
2026-04-23 14:15:00,34.06,0,0,0,228.36,1.17,0.253,0.089,0.943,0.0632,822.0,7562.41,260,756.24,0.0,1.197,0.051,0.02,0.0,0.182,0,0,Normal,2.66,2.65,0.59,0.0,0,None
2026-04-23 14:30:00,34.79,0,0,0,228.86,0.71,0.145,0.075,0.889,0.0363,822.04,7562.74,260,756.27,0.0,1.197,0.043,0.02,0.0,0.082,0,0,Normal,4.26,3.74,0.22,0.0,0,None
2026-04-23 14:45:00,33.62,0,0,0,227.59,0.81,0.166,0.08,0.901,0.0415,822.08,7563.13,260,756.31,0.0,1.197,0.053,0.02,0.0,0.093,0,0,Normal,4.16,3.62,0.39,0.0,0,None
2026-04-23 15:00:00,33.8,0,0,0,228.9,1.01,0.205,0.109,0.882,0.0512,822.13,7563.6,260,756.36,0.0,1.197,0.061,0.02,0.0,0.124,0,0,Normal,2.54,3.82,0.56,0.0,0,None
2026-04-23 15:15:00,33.14,0,0,0,229.7,1.21,0.252,0.117,0.907,0.063,822.19,7564.18,260,756.42,0.0,1.197,0.057,0.114,0.0,0.081,0,0,Normal,2.99,2.1,0.79,0.0,0,None
2026-04-23 15:30:00,34.61,0,0,0,228.69,1.81,0.37,0.185,0.895,0.0925,822.29,7565.03,260,756.5,0.0,1.197,0.038,0.114,0.0,0.218,0,0,Normal,4.13,3.29,0.24,0.0,0,None
2026-04-23 15:45:00,33.75,0,0,0,226.8,1.19,0.24,0.121,0.893,0.06,822.35,7565.58,260,756.56,0.0,1.197,0.043,0.02,0.0,0.177,0,0,Normal,2.83,2.12,0.25,0.0,0,None
2026-04-23 16:00:00,33.22,0,0,0,225.66,1.26,0.266,0.103,0.933,0.0665,822.41,7566.19,260,756.62,0.0,1.197,0.038,0.02,0.0,0.208,0,0,Normal,2.53,1.47,0.52,0.0,0,None
2026-04-23 16:15:00,33.87,0,0,0,227.59,1.46,0.315,0.105,0.949,0.0788,822.49,7566.92,260,756.69,0.0,1.197,0.062,0.02,0.0,0.233,0,0,Normal,3.69,3.38,0.6,0.0,0,None
2026-04-23 16:30:00,33.53,0,0,0,226.52,0.89,0.194,0.058,0.958,0.0485,822.54,7567.36,260,756.74,0.0,1.197,0.058,0.02,0.0,0.116,0,0,Normal,3.54,3.96,0.68,0.0,0,None
2026-04-23 16:45:00,32.76,0,0,0,225.72,2.11,0.42,0.223,0.883,0.105,822.64,7568.33,260,756.83,0.0,1.197,0.056,0.115,0.0,0.249,0,0,Normal,4.48,3.2,0.5,0.0,0,None
2026-04-23 17:00:00,31.92,0,0,0,228.06,1.47,0.299,0.15,0.894,0.0748,822.72,7569.02,260,756.9,0.0,1.197,0.048,0.121,0.0,0.13,0,0,Normal,2.02,3.51,0.6,0.0,0,None
2026-04-23 17:15:00,32.49,0,0,0,225.76,0.8,0.163,0.077,0.904,0.0408,822.76,7569.39,260,756.94,0.0,1.197,0.031,0.02,0.0,0.112,0,0,Normal,2.16,1.89,0.68,0.0,0,None
2026-04-23 17:30:00,31.93,0,0,0,228.82,1.15,0.24,0.11,0.908,0.06,822.82,7569.94,260,756.99,0.0,1.197,0.065,0.02,0.0,0.155,0,0,Normal,3.37,3.87,0.88,0.0,0,None
2026-04-23 17:45:00,31.18,0,0,0,226.94,1.29,0.277,0.098,0.943,0.0693,822.89,7570.58,260,757.06,0.0,1.197,0.057,0.02,0.0,0.2,0,0,Normal,3.86,1.7,0.55,0.0,0,None
2026-04-23 18:00:00,30.97,1,0,1,225.75,16.24,3.471,1.18,0.947,0.8678,823.76,7578.56,260,757.86,2.634,1.197,0.36,0.02,0.0,0.457,0,0,Normal,3.7,3.91,0.94,0.0,0,None
2026-04-23 18:15:00,30.26,1,0,1,225.33,14.77,3.054,1.325,0.917,0.7635,824.52,7585.59,260,758.56,2.319,1.197,0.342,0.126,0.0,0.267,0,0,Normal,4.24,1.75,0.42,0.0,0,None
2026-04-23 18:30:00,31.81,1,0,1,225.27,18.36,3.825,1.574,0.925,0.9562,825.48,7594.39,260,759.44,2.869,1.197,0.347,0.133,0.0,0.476,0,0,Normal,3.78,3.88,0.62,0.0,0,None
2026-04-23 18:45:00,31.09,1,0,1,225.43,17.18,3.426,1.808,0.884,0.8565,826.33,7602.27,260,760.23,2.668,1.197,0.363,0.02,0.0,0.375,0,0,Normal,4.25,2.56,0.43,0.0,0,None
2026-04-23 19:00:00,29.1,1,0,1,225.15,17.19,3.677,1.209,0.95,0.9192,827.25,7610.72,260,761.07,1.649,1.197,0.346,0.02,1.35,0.312,0,0,Normal,3.34,2.86,0.56,0.0,0,None
2026-04-23 19:15:00,29.2,1,0,1,227.47,20.44,4.281,1.816,0.921,1.0703,828.32,7620.57,260,762.06,1.715,1.197,0.363,0.02,1.885,0.298,0,0,Normal,4.08,1.01,0.49,0.0,0,None
2026-04-23 19:30:00,28.61,1,0,1,225.34,18.94,4.035,1.392,0.945,1.0088,829.33,7629.85,260,762.98,1.469,1.197,0.344,0.02,1.826,0.376,0,0,Normal,3.11,3.67,0.73,0.0,0,None
2026-04-23 19:45:00,29.0,1,0,1,227.17,21.24,4.486,1.777,0.93,1.1215,830.45,7640.17,260,764.02,1.706,1.197,0.35,0.122,1.997,0.311,0,0,Normal,3.24,1.49,0.7,0.0,0,None
2026-04-23 20:00:00,28.51,1,0,1,225.8,17.71,3.694,1.531,0.924,0.9235,831.38,7648.66,260,764.87,1.522,1.197,0.359,0.12,1.408,0.285,0,0,Normal,4.14,2.79,0.79,0.0,0,None
2026-04-23 20:15:00,29.12,1,0,1,227.19,19.72,3.984,2.048,0.889,0.996,832.37,7657.83,260,765.78,1.618,1.197,0.352,0.02,1.623,0.371,0,0,Normal,2.4,1.41,0.65,0.0,0,None
2026-04-23 20:30:00,28.36,1,0,1,227.01,18.31,3.921,1.376,0.944,0.9802,833.35,7666.85,260,766.68,1.23,1.197,0.349,0.02,1.932,0.39,0,0,Normal,2.94,3.52,0.82,0.0,0,None
2026-04-23 20:45:00,27.95,1,0,1,227.75,15.95,3.393,1.297,0.934,0.8482,834.2,7674.65,260,767.46,1.279,1.198,0.342,0.02,1.429,0.323,0,0,Normal,3.0,2.75,0.78,0.0,0,None
2026-04-23 21:00:00,26.23,1,0,1,227.28,11.95,2.594,0.807,0.955,0.6485,834.85,7680.62,260,768.06,0.312,1.198,0.357,0.02,1.617,0.288,0,0,Normal,4.07,3.36,0.56,0.0,0,None
2026-04-23 21:15:00,25.97,1,0,1,226.2,13.19,2.671,1.331,0.895,0.6678,835.52,7686.76,260,768.68,0.215,1.198,0.353,0.11,1.645,0.348,0,0,Normal,2.76,2.31,0.43,0.0,0,None
2026-04-23 21:30:00,27.48,1,0,1,228.45,18.18,3.901,1.424,0.939,0.9752,836.49,7695.73,260,769.57,1.009,1.198,0.353,0.127,1.935,0.477,0,0,Normal,2.27,3.31,0.67,0.0,0,None
2026-04-23 21:45:00,26.35,1,0,1,227.48,13.45,2.868,1.068,0.937,0.717,837.21,7702.33,260,770.23,0.447,1.198,0.357,0.02,1.731,0.313,0,0,Normal,3.65,1.34,0.62,0.0,0,None
2026-04-23 22:00:00,26.06,1,0,1,227.04,4.69,1.008,0.343,0.947,0.252,837.46,7704.65,260,770.46,0.201,1.198,0.351,0.02,0.0,0.436,0,0,Normal,2.2,2.72,0.44,0.0,0,None
2026-04-23 22:15:00,25.7,1,0,1,227.04,4.04,0.809,0.432,0.882,0.2023,837.66,7706.51,260,770.65,0.094,1.198,0.319,0.02,0.0,0.376,0,0,Normal,3.65,3.72,0.47,0.0,0,None
2026-04-23 22:30:00,24.13,1,0,1,226.28,4.27,0.865,0.428,0.896,0.2162,837.88,7708.5,260,770.85,0.0,1.198,0.327,0.02,0.0,0.518,0,0,Normal,4.27,1.5,0.71,0.0,0,None
2026-04-23 22:45:00,24.67,1,0,1,228.41,4.18,0.863,0.407,0.905,0.2158,838.1,7710.48,260,771.05,0.0,1.198,0.354,0.118,0.0,0.391,0,0,Normal,2.71,1.47,0.42,0.0,0,None
2026-04-23 23:00:00,23.42,1,0,1,228.15,3.5,0.747,0.28,0.936,0.1868,838.28,7712.2,260,771.22,0.0,1.198,0.355,0.118,0.0,0.274,0,0,Normal,3.32,3.65,0.35,0.0,0,None
2026-04-23 23:15:00,23.72,1,0,1,230.63,3.54,0.772,0.264,0.946,0.193,838.48,7713.97,260,771.4,0.0,1.198,0.347,0.02,0.0,0.405,0,0,Normal,3.88,1.06,0.34,0.0,0,None
2026-04-23 23:30:00,23.73,1,0,1,230.47,3.11,0.634,0.334,0.885,0.1585,838.63,7715.43,260,771.54,0.0,1.198,0.348,0.02,0.0,0.266,0,0,Normal,2.16,2.56,0.4,0.0,0,None
2026-04-23 23:45:00,25.26,1,0,1,228.81,3.28,0.682,0.316,0.907,0.1705,838.8,7717.0,260,771.7,0.0,1.198,0.351,0.02,0.0,0.311,0,0,Normal,3.98,1.02,0.52,0.0,0,None
2026-04-24 00:00:00,22.27,1,0,0,229.41,3.77,0.822,0.271,0.95,0.2055,839.01,7718.89,260,771.89,0.0,1.198,0.366,0.02,0.0,0.436,0,0,Normal,4.33,2.07,0.41,0.0,0,None
2026-04-24 00:15:00,22.92,1,0,0,229.4,3.82,0.788,0.383,0.899,0.197,839.21,7720.7,260,772.07,0.0,1.198,0.33,0.115,0.0,0.343,0,0,Normal,3.82,2.44,0.8,0.0,0,None
2026-04-24 00:30:00,23.11,1,0,0,230.29,3.88,0.811,0.377,0.907,0.2027,839.41,7722.57,260,772.26,0.0,1.198,0.351,0.122,0.0,0.338,0,0,Normal,3.89,1.25,0.42,0.0,0,None
2026-04-24 00:45:00,22.8,1,0,0,229.86,3.46,0.752,0.257,0.946,0.188,839.6,7724.3,260,772.43,0.0,1.198,0.347,0.02,0.0,0.385,0,0,Normal,2.93,3.07,0.94,0.0,0,None
2026-04-24 01:00:00,22.26,1,0,0,231.6,3.38,0.706,0.336,0.903,0.1765,839.77,7725.92,260,772.59,0.0,1.198,0.336,0.02,0.0,0.35,0,0,Normal,3.59,3.76,0.34,0.0,0,None
2026-04-24 01:15:00,21.68,1,0,0,229.88,2.91,0.595,0.306,0.89,0.1488,839.92,7727.29,260,772.73,0.0,1.198,0.341,0.02,0.0,0.234,0,0,Normal,3.48,2.4,0.34,0.0,0,None
2026-04-24 01:30:00,22.26,1,0,0,231.87,3.71,0.759,0.405,0.882,0.1898,840.11,7729.04,260,772.9,0.0,1.198,0.347,0.02,0.0,0.392,0,0,Normal,2.58,3.64,0.65,0.0,0,None
2026-04-24 01:45:00,22.46,1,0,0,232.67,3.87,0.862,0.264,0.956,0.2155,840.33,7731.02,260,773.1,0.0,1.198,0.362,0.126,0.0,0.374,0,0,Normal,4.33,2.09,0.94,0.0,0,None
2026-04-24 02:00:00,22.16,1,0,0,232.59,3.8,0.793,0.39,0.897,0.1982,840.53,7732.84,260,773.28,0.0,1.198,0.361,0.125,0.0,0.307,0,0,Normal,4.05,2.94,0.25,0.0,0,None
2026-04-24 02:15:00,22.29,1,0,0,233.4,3.48,0.742,0.331,0.913,0.1855,840.71,7734.55,260,773.46,0.0,1.198,0.373,0.02,0.0,0.349,0,0,Normal,3.59,2.2,0.22,0.0,0,None
2026-04-24 02:30:00,22.71,1,0,0,231.95,3.98,0.844,0.376,0.913,0.211,840.92,7736.49,260,773.65,0.0,1.198,0.368,0.02,0.0,0.456,0,0,Normal,2.68,3.11,0.52,0.0,0,None
2026-04-24 02:45:00,22.47,1,0,0,232.06,3.64,0.753,0.385,0.891,0.1882,841.11,7738.22,260,773.82,0.0,1.198,0.348,0.02,0.0,0.385,0,0,Normal,3.3,2.33,0.94,0.0,0,None
2026-04-24 03:00:00,22.24,1,0,0,234.08,3.57,0.738,0.391,0.884,0.1845,841.3,7739.92,260,773.99,0.0,1.198,0.36,0.02,0.0,0.358,0,0,Normal,2.18,2.92,0.73,0.0,0,None
2026-04-24 03:15:00,21.62,1,0,0,234.09,3.48,0.737,0.346,0.905,0.1842,841.48,7741.62,260,774.16,0.0,1.199,0.352,0.123,0.0,0.262,0,0,Normal,4.04,3.87,0.32,0.0,0,None
2026-04-24 03:30:00,21.9,1,0,0,233.71,4.36,0.906,0.468,0.889,0.2265,841.71,7743.7,260,774.37,0.0,1.199,0.344,0.117,0.0,0.445,0,0,Normal,3.85,3.82,0.8,0.0,0,None
2026-04-24 03:45:00,22.09,1,0,0,234.62,3.09,0.691,0.22,0.953,0.1728,841.88,7745.29,260,774.53,0.0,1.199,0.347,0.02,0.0,0.324,0,0,Normal,3.54,2.67,0.96,0.0,0,None
2026-04-24 04:00:00,22.93,1,0,0,232.31,3.48,0.756,0.286,0.935,0.189,842.07,7747.03,260,774.7,0.0,1.199,0.367,0.02,0.0,0.369,0,0,Normal,3.51,1.74,0.89,0.0,0,None
2026-04-24 04:15:00,22.56,1,0,0,233.09,3.19,0.702,0.248,0.943,0.1755,842.24,7748.64,260,774.86,0.0,1.199,0.344,0.02,0.0,0.338,0,0,Normal,2.82,1.3,0.92,0.0,0,None
2026-04-24 04:30:00,22.34,1,0,0,233.29,3.43,0.766,0.234,0.956,0.1915,842.44,7750.4,260,775.04,0.0,1.199,0.369,0.02,0.0,0.377,0,0,Normal,4.47,2.03,0.44,0.0,0,None
2026-04-24 04:45:00,22.21,1,0,0,234.84,3.65,0.777,0.363,0.906,0.1942,842.63,7752.19,260,775.22,0.0,1.199,0.352,0.121,0.0,0.304,0,0,Normal,4.45,2.05,0.21,0.0,0,None
2026-04-24 05:00:00,22.93,1,0,0,232.63,3.32,0.74,0.222,0.958,0.185,842.81,7753.89,260,775.39,0.0,1.199,0.351,0.121,0.0,0.268,0,0,Normal,2.06,3.99,0.82,0.0,0,None
2026-04-24 05:15:00,23.64,1,0,0,232.63,3.28,0.675,0.356,0.884,0.1688,842.98,7755.45,260,775.54,0.0,1.199,0.347,0.02,0.0,0.308,0,0,Normal,3.74,3.03,0.45,0.0,0,None
2026-04-24 05:30:00,23.02,1,0,0,232.22,3.23,0.707,0.247,0.944,0.1768,843.16,7757.07,260,775.71,0.0,1.199,0.327,0.02,0.0,0.36,0,0,Normal,3.75,3.69,0.57,0.0,0,None
2026-04-24 05:45:00,23.26,1,0,0,233.84,3.15,0.672,0.302,0.912,0.168,843.33,7758.62,260,775.86,0.0,1.199,0.347,0.02,0.0,0.305,0,0,Normal,3.62,3.44,0.62,0.0,0,None
2026-04-24 06:00:00,24.8,1,0,0,234.35,10.53,2.198,1.12,0.891,0.5495,843.88,7763.67,260,776.37,0.0,1.199,0.35,0.02,1.389,0.439,0,0,Normal,3.53,2.37,0.39,0.0,0,None
2026-04-24 06:15:00,24.33,1,0,0,234.74,10.34,2.19,1.048,0.902,0.5475,844.42,7768.71,260,776.87,0.0,1.199,0.337,0.116,1.478,0.259,0,0,Normal,3.47,1.87,0.49,0.0,0,None
2026-04-24 06:30:00,25.19,1,0,0,234.26,13.2,2.75,1.412,0.89,0.6875,845.11,7775.03,260,777.5,0.0,1.199,0.361,0.122,1.953,0.314,0,0,Normal,2.46,3.63,0.46,0.0,0,None
2026-04-24 06:45:00,25.37,1,0,0,232.43,10.84,2.388,0.801,0.948,0.597,845.71,7780.53,260,778.05,0.0,1.199,0.353,0.02,1.484,0.531,0,0,Normal,2.38,1.01,0.21,0.0,0,None
2026-04-24 07:00:00,26.17,1,0,0,232.76,9.89,2.19,0.709,0.951,0.5475,846.26,7785.56,260,778.56,0.32,1.199,0.045,0.02,1.475,0.33,0,0,Normal,2.05,3.45,0.51,0.0,0,None
2026-04-24 07:15:00,26.23,1,0,0,233.87,10.02,2.245,0.675,0.958,0.5612,846.82,7790.73,260,779.07,0.446,1.199,0.052,0.02,1.358,0.369,0,0,Normal,3.8,2.52,0.41,0.0,0,None
2026-04-24 07:30:00,26.72,1,0,0,232.73,11.14,2.309,1.181,0.89,0.5772,847.4,7796.04,260,779.6,0.446,1.199,0.045,0.02,1.454,0.344,0,0,Normal,3.61,2.27,0.24,0.0,0,None
2026-04-24 07:45:00,26.09,1,0,0,234.24,12.53,2.607,1.348,0.888,0.6517,848.05,7802.03,260,780.2,0.225,1.199,0.037,0.122,1.81,0.413,0,0,Normal,3.16,3.77,0.82,0.0,0,None
2026-04-24 08:00:00,27.61,1,0,0,234.54,14.46,3.147,1.264,0.928,0.7867,848.83,7809.27,260,780.93,1.001,1.199,0.05,0.119,1.637,0.34,0,0,Normal,3.65,3.85,0.35,0.0,0,None
2026-04-24 08:15:00,28.6,1,0,0,234.86,15.01,3.278,1.297,0.93,0.8195,849.65,7816.81,260,781.68,1.576,1.199,0.047,0.02,1.302,0.333,0,0,Normal,2.58,3.52,0.9,0.0,0,None
2026-04-24 08:30:00,28.44,1,0,0,234.11,14.68,3.111,1.459,0.905,0.7778,850.43,7823.97,260,782.4,1.487,1.199,0.042,0.02,1.216,0.346,0,0,Normal,3.04,1.77,0.47,0.0,0,None
2026-04-24 08:45:00,28.3,1,0,0,235.63,14.54,3.238,1.116,0.945,0.8095,851.24,7831.41,260,783.14,1.394,1.199,0.03,0.02,1.422,0.372,0,0,Normal,4.43,3.58,0.84,0.0,0,None
2026-04-24 09:00:00,30.02,0,0,0,233.28,1.54,0.335,0.132,0.93,0.0837,851.32,7832.19,260,783.22,0.0,1.199,0.073,0.02,0.0,0.242,0,0,Normal,4.16,2.59,0.89,0.0,0,None
2026-04-24 09:15:00,28.56,0,0,0,232.09,1.56,0.321,0.17,0.884,0.0802,851.4,7832.92,260,783.29,0.0,1.199,0.044,0.116,0.0,0.161,0,0,Normal,4.45,2.79,0.96,0.0,0,None
2026-04-24 09:30:00,30.23,0,0,0,235.17,1.47,0.328,0.11,0.948,0.082,851.49,7833.68,260,783.37,0.0,1.199,0.043,0.117,0.0,0.168,0,0,Normal,2.43,2.91,0.43,0.0,0,None
2026-04-24 09:45:00,29.75,0,0,0,231.78,1.33,0.29,0.106,0.939,0.0725,851.56,7834.35,260,783.43,0.0,1.2,0.061,0.02,0.0,0.209,0,0,Normal,3.43,3.67,0.74,0.0,0,None
2026-04-24 10:00:00,31.51,0,0,0,232.9,1.04,0.215,0.113,0.885,0.0538,851.61,7834.84,260,783.48,0.0,1.2,0.039,0.02,0.0,0.156,0,0,Normal,2.78,1.96,0.69,0.0,0,None
2026-04-24 10:15:00,31.19,0,0,0,230.44,0.7,0.144,0.071,0.898,0.036,851.65,7835.17,260,783.52,0.0,1.2,0.043,0.02,0.0,0.081,0,0,Normal,3.15,3.76,0.94,0.0,0,None
2026-04-24 10:30:00,31.02,0,0,0,230.51,0.85,0.182,0.073,0.928,0.0455,851.69,7835.59,260,783.56,0.0,1.2,0.055,0.02,0.0,0.107,0,0,Normal,2.21,3.52,0.54,0.0,0,None
2026-04-24 10:45:00,30.86,0,0,0,230.66,1.69,0.368,0.131,0.942,0.092,851.79,7836.44,260,783.64,0.0,1.2,0.047,0.126,0.0,0.195,0,0,Normal,2.67,2.77,0.38,0.0,0,None
2026-04-24 11:00:00,32.43,0,0,0,229.72,1.81,0.374,0.182,0.899,0.0935,851.88,7837.3,260,783.73,0.0,1.2,0.036,0.116,0.0,0.222,0,0,Normal,2.47,3.49,0.33,0.0,0,None
2026-04-24 11:15:00,32.09,0,0,0,231.33,0.85,0.18,0.078,0.918,0.045,851.92,7837.71,260,783.77,0.0,1.2,0.064,0.02,0.0,0.096,0,0,Normal,2.82,1.34,0.85,0.0,0,None
2026-04-24 11:30:00,32.68,0,0,0,230.69,1.4,0.31,0.094,0.957,0.0775,852.0,7838.42,260,783.84,0.0,1.2,0.047,0.02,0.0,0.243,0,0,Normal,2.59,3.35,0.69,0.0,0,None
2026-04-24 11:45:00,31.45,0,0,0,231.9,0.98,0.205,0.1,0.899,0.0512,852.05,7838.89,260,783.89,0.0,1.2,0.06,0.02,0.0,0.125,0,0,Normal,3.38,3.67,0.91,0.0,0,None
2026-04-24 12:00:00,32.93,0,0,0,229.39,1.08,0.227,0.1,0.915,0.0568,852.11,7839.42,260,783.94,0.0,1.2,0.062,0.02,0.0,0.145,0,0,Normal,2.95,2.92,1.0,0.0,0,None
2026-04-24 12:15:00,34.22,0,0,0,229.79,1.89,0.388,0.197,0.891,0.097,852.21,7840.31,260,784.03,0.0,1.2,0.053,0.124,0.0,0.211,0,0,Normal,3.99,2.41,0.46,0.0,0,None
2026-04-24 12:30:00,32.88,0,0,0,229.43,1.89,0.4,0.167,0.923,0.1,852.31,7841.23,260,784.12,0.0,1.2,0.045,0.116,0.0,0.239,0,0,Normal,3.95,2.32,1.0,0.0,0,None
2026-04-24 12:45:00,33.08,0,0,0,228.78,1.15,0.241,0.108,0.913,0.0602,852.37,7841.78,260,784.18,0.0,1.2,0.042,0.02,0.0,0.179,0,0,Normal,2.17,2.7,0.3,0.0,0,None
2026-04-24 13:00:00,33.35,0,0,0,229.93,1.43,0.299,0.138,0.908,0.0748,852.44,7842.47,260,784.25,0.0,1.2,0.04,0.02,0.0,0.239,0,0,Normal,3.06,3.13,0.36,0.0,0,None
2026-04-24 13:15:00,33.96,0,0,0,228.88,1.24,0.267,0.095,0.943,0.0668,852.51,7843.09,260,784.31,0.0,1.2,0.061,0.02,0.0,0.186,0,0,Normal,4.06,1.58,0.38,0.0,0,None
2026-04-24 13:30:00,33.43,0,0,0,226.72,0.9,0.186,0.082,0.915,0.0465,852.56,7843.51,260,784.35,0.0,1.2,0.058,0.02,0.0,0.108,0,0,Normal,2.89,1.79,0.35,0.0,0,None
2026-04-24 13:45:00,33.7,0,0,0,227.58,1.35,0.273,0.142,0.887,0.0682,852.62,7844.14,260,784.41,0.0,1.2,0.071,0.112,0.0,0.09,0,0,Normal,2.77,2.84,0.5,0.0,0,None
2026-04-24 14:00:00,34.42,0,0,0,225.86,1.5,0.319,0.115,0.941,0.0798,852.7,7844.87,260,784.49,0.0,1.2,0.055,0.116,0.0,0.148,0,0,Normal,4.35,3.47,0.66,0.0,0,None
2026-04-24 14:15:00,33.65,0,0,0,227.38,0.92,0.186,0.096,0.89,0.0465,852.75,7845.3,260,784.53,0.0,1.2,0.062,0.02,0.0,0.104,0,0,Normal,2.92,2.74,0.36,0.0,0,None
2026-04-24 14:30:00,34.39,0,0,0,227.91,0.79,0.163,0.078,0.901,0.0408,852.79,7845.68,260,784.57,0.0,1.2,0.045,0.02,0.0,0.098,0,0,Normal,3.49,3.45,0.73,0.0,0,None
2026-04-24 14:45:00,34.41,0,0,0,227.5,1.21,0.259,0.094,0.94,0.0648,852.86,7846.27,260,784.63,0.0,1.2,0.066,0.02,0.0,0.173,0,0,Normal,4.15,2.66,0.54,0.0,0,None
2026-04-24 15:00:00,34.32,0,0,0,229.51,1.42,0.299,0.129,0.919,0.0748,852.93,7846.96,260,784.7,0.0,1.2,0.055,0.02,0.0,0.224,0,0,Normal,2.11,2.65,0.66,0.0,0,None
2026-04-24 15:15:00,33.87,0,0,0,225.73,1.54,0.326,0.124,0.935,0.0815,853.01,7847.71,260,784.77,0.0,1.2,0.047,0.117,0.0,0.162,0,0,Normal,3.37,3.96,0.24,0.0,0,None
2026-04-24 15:30:00,35.42,0,0,0,225.93,1.38,0.298,0.093,0.954,0.0745,853.09,7848.4,260,784.84,0.0,1.2,0.058,0.131,0.0,0.109,0,0,Normal,4.37,2.33,0.89,0.0,0,None
2026-04-24 15:45:00,34.32,0,0,0,227.11,1.18,0.237,0.126,0.883,0.0592,853.15,7848.94,260,784.89,0.0,1.2,0.049,0.02,0.0,0.168,0,0,Normal,2.03,1.93,0.93,0.0,0,None
2026-04-24 16:00:00,33.36,0,0,0,226.7,1.23,0.253,0.119,0.905,0.0632,853.21,7849.52,260,784.95,0.0,1.2,0.068,0.02,0.0,0.165,0,0,Normal,3.15,2.79,0.4,0.0,0,None
2026-04-24 16:15:00,32.76,0,0,0,225.05,0.94,0.193,0.085,0.916,0.0482,853.26,7849.97,260,785.0,0.0,1.201,0.032,0.02,0.0,0.141,0,0,Normal,3.63,2.22,0.84,0.0,0,None
2026-04-24 16:30:00,33.15,0,0,0,224.89,0.91,0.182,0.091,0.894,0.0455,853.3,7850.39,260,785.04,0.0,1.201,0.038,0.02,0.0,0.124,0,0,Normal,4.07,3.27,0.88,0.0,0,None
2026-04-24 16:45:00,33.91,0,0,0,226.46,1.35,0.288,0.103,0.941,0.072,853.37,7851.05,260,785.1,0.0,1.201,0.06,0.114,0.0,0.114,0,0,Normal,2.68,2.34,0.77,0.0,0,None
2026-04-24 17:00:00,33.1,0,0,0,226.06,1.61,0.339,0.134,0.93,0.0848,853.46,7851.83,260,785.18,0.0,1.201,0.025,0.115,0.0,0.199,0,0,Normal,4.43,2.06,0.46,0.0,0,None
2026-04-24 17:15:00,32.98,0,0,0,230.19,1.15,0.249,0.089,0.941,0.0622,853.52,7852.4,260,785.24,0.0,1.201,0.055,0.02,0.0,0.174,0,0,Normal,3.44,3.39,0.43,0.0,0,None
2026-04-24 17:30:00,32.64,0,0,0,226.31,1.05,0.213,0.105,0.897,0.0532,853.58,7852.89,260,785.29,0.0,1.201,0.044,0.02,0.0,0.149,0,0,Normal,4.27,1.8,0.98,0.0,0,None
2026-04-24 17:45:00,31.61,0,0,0,225.19,0.8,0.168,0.064,0.935,0.042,853.62,7853.28,260,785.33,0.0,1.201,0.05,0.02,0.0,0.098,0,0,Normal,2.44,1.07,0.45,0.0,0,None
2026-04-24 18:00:00,31.24,1,0,1,227.77,16.62,3.514,1.41,0.928,0.8785,854.5,7861.36,260,786.14,2.751,1.201,0.353,0.02,0.0,0.39,0,0,Normal,4.01,2.63,0.59,0.0,0,None
2026-04-24 18:15:00,30.38,1,0,1,226.29,14.07,3.021,1.007,0.949,0.7552,855.25,7868.31,260,786.83,2.243,1.201,0.328,0.122,0.0,0.328,0,0,Normal,2.5,1.6,0.83,0.0,0,None
2026-04-24 18:30:00,30.26,1,0,1,226.23,14.55,3.096,1.119,0.94,0.774,856.02,7875.43,260,787.54,2.31,1.201,0.369,0.119,0.0,0.298,0,0,Normal,2.99,2.3,0.82,0.0,0,None
2026-04-24 18:45:00,31.12,1,0,1,225.35,16.85,3.488,1.499,0.919,0.872,856.9,7883.45,260,788.35,2.749,1.201,0.337,0.02,0.0,0.382,0,0,Normal,3.29,1.71,0.95,0.0,0,None
2026-04-24 19:00:00,29.81,1,0,1,227.33,22.24,4.523,2.259,0.895,1.1308,858.03,7893.85,260,789.39,2.151,1.201,0.373,0.02,1.587,0.392,0,0,Normal,2.08,3.29,0.87,0.0,0,None
2026-04-24 19:15:00,30.0,1,0,1,225.41,20.82,4.455,1.474,0.949,1.1138,859.14,7904.1,260,790.41,2.194,1.201,0.354,0.02,1.552,0.335,0,0,Normal,3.02,2.58,0.33,0.0,0,None
2026-04-24 19:30:00,29.8,1,0,1,226.08,23.15,4.762,2.174,0.91,1.1905,860.33,7915.05,260,791.51,2.171,1.201,0.361,0.02,1.94,0.27,0,0,Normal,3.72,3.51,0.59,0.0,0,None
2026-04-24 19:45:00,29.82,1,0,1,226.88,21.5,4.67,1.405,0.958,1.1675,861.5,7925.79,260,792.58,2.118,1.201,0.341,0.122,1.808,0.281,0,0,Normal,4.12,2.69,0.97,0.0,0,None
2026-04-24 20:00:00,27.51,1,0,1,226.31,15.03,3.212,1.119,0.944,0.803,862.3,7933.18,260,793.32,1.051,1.201,0.344,0.11,1.311,0.396,0,0,Normal,3.86,2.24,0.78,0.0,0,None
2026-04-24 20:15:00,27.95,1,0,1,225.26,17.58,3.646,1.543,0.921,0.9115,863.21,7941.57,260,794.16,1.271,1.201,0.35,0.02,1.646,0.359,0,0,Normal,2.01,2.45,0.83,0.0,0,None
2026-04-24 20:30:00,27.25,1,0,1,228.87,13.28,2.721,1.353,0.895,0.6802,863.89,7947.82,260,794.78,0.839,1.201,0.35,0.02,1.248,0.264,0,0,Normal,3.74,3.79,0.38,0.0,0,None
2026-04-24 20:45:00,27.0,1,0,1,228.09,13.04,2.718,1.205,0.914,0.6795,864.57,7954.08,260,795.41,0.756,1.201,0.355,0.02,1.246,0.341,0,0,Normal,3.78,3.63,0.54,0.0,0,None
2026-04-24 21:00:00,26.82,1,0,1,230.61,14.27,3.096,1.117,0.941,0.774,865.35,7961.2,260,796.12,0.457,1.201,0.358,0.02,1.828,0.433,0,0,Normal,2.69,3.84,0.96,0.0,0,None
2026-04-24 21:15:00,26.07,1,0,1,225.18,11.62,2.351,1.15,0.898,0.5878,865.94,7966.6,260,796.66,0.272,1.201,0.353,0.12,1.288,0.318,0,0,Normal,4.27,3.91,0.22,0.0,0,None
2026-04-24 21:30:00,26.88,1,0,1,224.3,16.49,3.306,1.656,0.894,0.8265,866.76,7974.21,260,797.42,0.614,1.201,0.365,0.109,1.89,0.328,0,0,Normal,3.08,2.74,0.56,0.0,0,None
2026-04-24 21:45:00,27.0,1,0,1,226.68,12.96,2.677,1.208,0.911,0.6692,867.43,7980.37,260,798.04,0.668,1.201,0.351,0.02,1.28,0.358,0,0,Normal,3.38,1.22,0.32,0.0,0,None
2026-04-24 22:00:00,24.69,1,0,1,227.23,4.01,0.841,0.35,0.923,0.2102,867.64,7982.3,260,798.23,0.0,1.201,0.333,0.02,0.0,0.488,0,0,Normal,4.2,2.67,0.71,0.0,0,None
2026-04-24 22:15:00,25.3,1,0,1,227.49,3.58,0.759,0.293,0.933,0.1898,867.83,7984.05,260,798.4,0.0,1.201,0.355,0.02,0.0,0.384,0,0,Normal,2.3,1.72,0.85,0.0,0,None
2026-04-24 22:30:00,24.67,1,0,1,226.82,3.29,0.698,0.264,0.935,0.1745,868.01,7985.65,260,798.57,0.0,1.201,0.331,0.02,0.0,0.347,0,0,Normal,3.45,3.9,0.87,0.0,0,None
2026-04-24 22:45:00,24.08,1,0,1,228.7,4.04,0.872,0.306,0.944,0.218,868.22,7987.66,260,798.77,0.0,1.202,0.359,0.114,0.0,0.399,0,0,Normal,3.67,1.85,0.7,0.0,0,None
2026-04-24 23:00:00,23.82,1,0,1,228.93,4.56,0.952,0.431,0.911,0.238,868.46,7989.85,260,798.98,0.0,1.202,0.338,0.121,0.0,0.493,0,0,Normal,2.89,2.41,0.48,0.0,0,None
2026-04-24 23:15:00,23.52,1,0,1,227.03,3.45,0.694,0.364,0.886,0.1735,868.64,7991.44,260,799.14,0.0,1.202,0.349,0.02,0.0,0.325,0,0,Normal,2.67,1.36,0.2,0.0,0,None
2026-04-24 23:30:00,23.54,1,0,1,228.13,3.68,0.744,0.39,0.886,0.186,868.82,7993.15,260,799.32,0.0,1.202,0.345,0.02,0.0,0.379,0,0,Normal,2.68,1.17,0.47,0.0,0,None
2026-04-24 23:45:00,24.75,1,0,1,230.39,2.97,0.645,0.23,0.942,0.1612,868.98,7994.64,260,799.46,0.0,1.202,0.353,0.02,0.0,0.272,0,0,Normal,2.14,2.37,0.39,0.0,0,None
2026-04-25 00:00:00,22.04,1,1,0,230.03,3.53,0.735,0.348,0.904,0.1838,869.17,7996.33,260,799.63,0.0,1.202,0.356,0.02,0.0,0.359,0,0,Normal,3.22,2.3,0.24,0.0,0,None
2026-04-25 00:15:00,23.0,1,1,0,232.23,3.45,0.766,0.238,0.955,0.1915,869.36,7998.09,260,799.81,0.0,1.202,0.354,0.12,0.0,0.292,0,0,Normal,3.83,1.92,0.3,0.0,0,None
2026-04-25 00:30:00,22.31,1,1,0,230.04,3.92,0.852,0.298,0.944,0.213,869.57,8000.05,260,800.0,0.0,1.202,0.373,0.118,0.0,0.361,0,0,Normal,2.58,1.67,0.38,0.0,0,None
2026-04-25 00:45:00,23.26,1,1,0,231.76,3.35,0.728,0.268,0.938,0.182,869.75,8001.72,260,800.17,0.0,1.202,0.355,0.02,0.0,0.353,0,0,Normal,4.36,3.72,0.44,0.0,0,None
2026-04-25 01:00:00,22.35,1,1,0,230.19,3.41,0.729,0.291,0.929,0.1822,869.93,8003.4,260,800.34,0.0,1.202,0.355,0.02,0.0,0.354,0,0,Normal,3.53,1.01,0.55,0.0,0,None
2026-04-25 01:15:00,22.39,1,1,0,233.0,3.18,0.685,0.282,0.925,0.1713,870.11,8004.98,260,800.5,0.0,1.202,0.354,0.02,0.0,0.311,0,0,Normal,3.36,3.31,0.52,0.0,0,None
2026-04-25 01:30:00,21.73,1,1,0,232.07,3.12,0.687,0.229,0.949,0.1718,870.28,8006.56,260,800.66,0.0,1.202,0.332,0.02,0.0,0.335,0,0,Normal,2.69,3.75,0.83,0.0,0,None
2026-04-25 01:45:00,21.82,1,1,0,231.37,4.33,0.888,0.464,0.886,0.222,870.5,8008.6,260,800.86,0.0,1.202,0.335,0.127,0.0,0.426,0,0,Normal,2.59,1.23,0.99,0.0,0,None
2026-04-25 02:00:00,22.46,1,1,0,232.02,4.04,0.856,0.384,0.912,0.214,870.71,8010.57,260,801.06,0.0,1.202,0.34,0.116,0.0,0.4,0,0,Normal,3.04,3.16,0.91,0.0,0,None
2026-04-25 02:15:00,22.89,1,1,0,230.81,3.21,0.68,0.291,0.919,0.17,870.88,8012.13,260,801.21,0.0,1.202,0.338,0.02,0.0,0.322,0,0,Normal,3.9,3.57,0.84,0.0,0,None
2026-04-25 02:30:00,22.24,1,1,0,233.52,3.49,0.759,0.296,0.932,0.1898,871.07,8013.88,260,801.39,0.0,1.202,0.363,0.02,0.0,0.376,0,0,Normal,3.9,1.92,0.91,0.0,0,None
2026-04-25 02:45:00,21.55,1,1,0,231.4,2.56,0.566,0.176,0.955,0.1415,871.22,8015.18,260,801.52,0.0,1.202,0.344,0.02,0.0,0.202,0,0,Normal,3.32,2.65,0.79,0.0,0,None
2026-04-25 03:00:00,22.37,1,1,0,232.4,2.79,0.589,0.271,0.908,0.1472,871.36,8016.53,260,801.65,0.0,1.202,0.354,0.02,0.0,0.215,0,0,Normal,2.64,3.37,0.49,0.0,0,None
2026-04-25 03:15:00,23.42,1,1,0,232.83,3.08,0.674,0.246,0.94,0.1685,871.53,8018.08,260,801.81,0.0,1.202,0.349,0.117,0.0,0.208,0,0,Normal,4.07,2.21,0.83,0.0,0,None
2026-04-25 03:30:00,22.26,1,1,0,234.31,4.12,0.923,0.283,0.956,0.2308,871.76,8020.21,260,802.02,0.0,1.202,0.359,0.119,0.0,0.445,0,0,Normal,3.72,2.84,0.83,0.0,0,None
2026-04-25 03:45:00,22.94,1,1,0,233.02,3.96,0.827,0.408,0.897,0.2068,871.97,8022.11,260,802.21,0.0,1.202,0.362,0.02,0.0,0.445,0,0,Normal,2.82,3.58,0.72,0.0,0,None
2026-04-25 04:00:00,22.43,1,1,0,234.5,3.24,0.715,0.257,0.941,0.1788,872.15,8023.75,260,802.38,0.0,1.202,0.355,0.02,0.0,0.34,0,0,Normal,3.49,3.77,0.39,0.0,0,None
2026-04-25 04:15:00,22.78,1,1,0,233.82,3.02,0.639,0.301,0.905,0.1598,872.31,8025.22,260,802.52,0.0,1.202,0.332,0.02,0.0,0.287,0,0,Normal,3.0,2.84,0.93,0.0,0,None
2026-04-25 04:30:00,23.11,1,1,0,232.87,3.76,0.813,0.326,0.928,0.2033,872.51,8027.09,260,802.71,0.0,1.202,0.34,0.02,0.0,0.453,0,0,Normal,3.32,3.6,0.96,0.0,0,None
2026-04-25 04:45:00,23.0,1,1,0,233.18,3.36,0.731,0.281,0.933,0.1828,872.69,8028.77,260,802.88,0.0,1.202,0.361,0.121,0.0,0.249,0,0,Normal,2.46,2.96,0.48,0.0,0,None
2026-04-25 05:00:00,23.37,1,1,0,234.44,4.14,0.884,0.4,0.911,0.221,872.91,8030.81,260,803.08,0.0,1.202,0.347,0.114,0.0,0.423,0,0,Normal,3.69,2.92,0.79,0.0,0,None
2026-04-25 05:15:00,23.35,1,1,0,235.35,3.46,0.736,0.35,0.903,0.184,873.1,8032.5,260,803.25,0.0,1.203,0.352,0.02,0.0,0.364,0,0,Normal,3.3,2.03,0.31,0.0,0,None
2026-04-25 05:30:00,24.25,1,1,0,234.96,4.08,0.891,0.352,0.93,0.2228,873.32,8034.55,260,803.45,0.0,1.203,0.348,0.02,0.0,0.523,0,0,Normal,4.08,1.38,0.34,0.0,0,None
2026-04-25 05:45:00,24.35,1,1,0,233.78,2.87,0.619,0.257,0.923,0.1548,873.48,8035.97,260,803.6,0.0,1.203,0.362,0.02,0.0,0.237,0,0,Normal,2.19,2.61,0.57,0.0,0,None
2026-04-25 06:00:00,25.76,1,1,0,235.18,12.29,2.742,0.916,0.948,0.6855,874.16,8042.28,260,804.23,0.194,1.203,0.371,0.02,1.849,0.308,0,0,Normal,4.19,2.77,0.64,0.0,0,None
2026-04-25 06:15:00,25.9,1,1,0,232.52,10.64,2.292,0.93,0.927,0.573,874.73,8047.55,260,804.76,0.221,1.203,0.341,0.122,1.315,0.293,0,0,Normal,2.74,1.86,0.56,0.0,0,None
2026-04-25 06:30:00,25.07,1,1,0,232.07,12.01,2.567,1.088,0.921,0.6417,875.38,8053.45,260,805.35,0.0,1.203,0.352,0.116,1.747,0.352,0,0,Normal,2.78,1.66,0.76,0.0,0,None
2026-04-25 06:45:00,24.84,1,1,0,234.24,10.91,2.418,0.827,0.946,0.6045,875.98,8059.02,260,805.9,0.0,1.203,0.361,0.02,1.68,0.357,0,0,Normal,3.91,3.11,0.64,0.0,0,None
2026-04-25 07:00:00,27.12,1,1,0,237.19,13.1,2.882,1.16,0.928,0.7205,876.7,8065.64,260,806.56,0.824,1.203,0.063,0.02,1.602,0.373,0,0,Normal,4.24,1.82,0.83,0.0,0,None
2026-04-25 07:15:00,26.8,1,1,0,234.02,14.41,2.973,1.592,0.882,0.7432,877.44,8072.48,260,807.25,0.573,1.203,0.056,0.02,1.924,0.4,0,0,Normal,3.87,3.39,0.81,0.0,0,None
2026-04-25 07:30:00,25.96,1,1,0,232.71,9.38,2.017,0.832,0.925,0.5042,877.95,8077.12,260,807.71,0.192,1.203,0.038,0.02,1.48,0.287,0,0,Normal,3.38,1.48,0.56,0.0,0,None
2026-04-25 07:45:00,25.93,1,1,0,235.32,11.1,2.371,1.093,0.908,0.5928,878.54,8082.57,260,808.26,0.224,1.203,0.037,0.117,1.629,0.364,0,0,Normal,2.18,3.27,0.27,0.0,0,None
2026-04-25 08:00:00,28.25,1,1,0,233.48,15.97,3.566,1.089,0.956,0.8915,879.43,8090.78,260,809.08,1.298,1.203,0.059,0.127,1.722,0.36,0,0,Normal,2.46,2.7,0.85,0.0,0,None
2026-04-25 08:15:00,27.91,1,1,0,232.1,14.89,3.065,1.597,0.887,0.7663,880.2,8097.83,260,809.78,1.141,1.203,0.039,0.02,1.596,0.269,0,0,Normal,4.44,3.47,0.79,0.0,0,None
2026-04-25 08:30:00,27.99,1,1,0,233.08,14.55,3.23,1.035,0.952,0.8075,881.01,8105.26,260,810.53,1.277,1.203,0.049,0.02,1.588,0.296,0,0,Normal,4.27,2.75,0.25,0.0,0,None
2026-04-25 08:45:00,28.54,1,1,0,231.9,17.56,3.781,1.515,0.928,0.9452,881.95,8113.95,260,811.4,1.408,1.203,0.06,0.02,1.953,0.34,0,0,Normal,2.32,3.72,0.32,0.0,0,None
2026-04-25 09:00:00,29.93,1,1,0,235.03,11.95,2.565,1.143,0.913,0.6413,882.59,8119.85,260,811.99,2.088,1.203,0.055,0.02,0.0,0.402,0,0,Normal,3.16,2.07,0.74,0.0,0,None
2026-04-25 09:15:00,30.22,1,1,0,230.53,12.49,2.745,0.871,0.953,0.6862,883.28,8126.16,260,812.62,2.219,1.203,0.06,0.121,0.0,0.345,0,0,Normal,2.18,1.97,0.25,0.0,0,None
2026-04-25 09:30:00,28.59,1,1,0,234.36,9.12,2.045,0.62,0.957,0.5112,883.79,8130.87,260,813.09,1.527,1.203,0.054,0.122,0.0,0.342,0,0,Normal,2.85,2.45,0.83,0.0,0,None
2026-04-25 09:45:00,29.68,1,1,0,232.28,12.11,2.543,1.202,0.904,0.6358,884.43,8136.72,260,813.67,1.981,1.203,0.045,0.02,0.0,0.497,0,0,Normal,2.74,2.4,0.79,0.0,0,None
2026-04-25 10:00:00,31.35,1,1,0,233.54,15.68,3.342,1.495,0.913,0.8355,885.26,8144.4,260,814.44,2.872,1.203,0.063,0.02,0.0,0.387,0,0,Normal,3.85,1.91,0.35,0.0,0,None
2026-04-25 10:15:00,30.24,1,1,0,232.51,12.94,2.711,1.307,0.901,0.6778,885.94,8150.64,260,815.06,2.311,1.203,0.042,0.02,0.0,0.338,0,0,Normal,2.51,3.26,0.38,0.0,0,None
2026-04-25 10:30:00,30.67,1,1,0,230.64,13.26,2.927,0.883,0.957,0.7318,886.67,8157.37,260,815.74,2.49,1.203,0.057,0.02,0.0,0.36,0,0,Normal,3.21,3.96,0.66,0.0,0,None
2026-04-25 10:45:00,30.58,1,1,0,233.7,13.87,3.04,1.126,0.938,0.76,887.43,8164.36,260,816.44,2.486,1.203,0.051,0.118,0.0,0.385,0,0,Normal,3.03,3.75,0.65,0.0,0,None
2026-04-25 11:00:00,32.25,0,1,0,231.79,1.75,0.373,0.161,0.918,0.0932,887.52,8165.22,260,816.52,0.0,1.203,0.041,0.124,0.0,0.208,0,0,Normal,2.88,3.4,0.79,0.0,0,None
2026-04-25 11:15:00,33.06,0,1,0,230.35,1.25,0.255,0.132,0.888,0.0638,887.59,8165.81,260,816.58,0.0,1.203,0.061,0.02,0.0,0.174,0,0,Normal,2.53,3.77,0.71,0.0,0,None
2026-04-25 11:30:00,33.25,0,1,0,230.36,1.0,0.212,0.09,0.921,0.053,887.64,8166.29,260,816.63,0.0,1.203,0.059,0.02,0.0,0.133,0,0,Normal,3.95,3.0,0.78,0.0,0,None
2026-04-25 11:45:00,31.84,0,1,0,229.44,1.39,0.285,0.142,0.896,0.0712,887.71,8166.95,260,816.7,0.0,1.203,0.061,0.02,0.0,0.204,0,0,Normal,3.46,3.65,0.53,0.0,0,None
2026-04-25 12:00:00,33.46,0,1,0,228.39,0.65,0.133,0.067,0.892,0.0332,887.75,8167.26,260,816.73,0.0,1.204,0.032,0.02,0.0,0.081,0,0,Normal,2.46,1.72,0.37,0.0,0,None
2026-04-25 12:15:00,33.48,0,1,0,227.93,1.65,0.357,0.12,0.948,0.0892,887.83,8168.08,260,816.81,0.0,1.204,0.048,0.118,0.0,0.191,0,0,Normal,3.66,3.43,0.62,0.0,0,None
2026-04-25 12:30:00,33.39,0,1,0,227.42,1.3,0.278,0.098,0.943,0.0695,887.9,8168.72,260,816.87,0.0,1.204,0.055,0.12,0.0,0.103,0,0,Normal,4.42,3.54,0.53,0.0,0,None
2026-04-25 12:45:00,33.4,0,1,0,230.5,1.09,0.233,0.091,0.932,0.0582,887.96,8169.25,260,816.93,0.0,1.204,0.039,0.02,0.0,0.174,0,0,Normal,2.25,2.36,0.66,0.0,0,None
2026-04-25 13:00:00,33.95,0,1,0,230.71,1.03,0.221,0.089,0.928,0.0552,888.02,8169.76,260,816.98,0.0,1.204,0.047,0.02,0.0,0.154,0,0,Normal,2.35,3.57,0.71,0.0,0,None
2026-04-25 13:15:00,34.64,0,1,0,231.71,1.41,0.294,0.14,0.902,0.0735,888.09,8170.44,260,817.04,0.0,1.204,0.055,0.02,0.0,0.219,0,0,Normal,4.43,2.56,0.63,0.0,0,None
2026-04-25 13:30:00,34.35,0,1,0,226.11,1.02,0.22,0.069,0.954,0.055,888.15,8170.94,260,817.09,0.0,1.204,0.066,0.02,0.0,0.134,0,0,Normal,3.07,1.53,0.28,0.0,0,None
2026-04-25 13:45:00,33.27,0,1,0,224.99,1.45,0.291,0.147,0.892,0.0728,888.22,8171.61,260,817.16,0.0,1.204,0.032,0.115,0.0,0.144,0,0,Normal,4.47,1.5,0.75,0.0,0,None
2026-04-25 14:00:00,34.4,0,1,0,225.89,1.7,0.346,0.167,0.9,0.0865,888.31,8172.41,260,817.24,0.0,1.204,0.035,0.121,0.0,0.19,0,0,Normal,2.9,2.23,0.28,0.0,0,None
2026-04-25 14:15:00,34.45,0,1,0,228.7,1.32,0.268,0.14,0.887,0.067,888.37,8173.02,260,817.3,0.0,1.204,0.051,0.02,0.0,0.197,0,0,Normal,4.41,2.55,0.24,0.0,0,None
2026-04-25 14:30:00,34.16,0,1,0,226.31,1.33,0.271,0.129,0.903,0.0678,888.44,8173.65,260,817.36,0.0,1.204,0.067,0.02,0.0,0.184,0,0,Normal,3.63,2.74,0.79,0.0,0,None
2026-04-25 14:45:00,34.57,0,1,0,227.58,1.26,0.274,0.087,0.953,0.0685,888.51,8174.28,260,817.43,0.0,1.204,0.043,0.02,0.0,0.211,0,0,Normal,2.53,2.72,0.35,0.0,0,None
2026-04-25 15:00:00,33.89,1,1,0,226.76,21.05,4.395,1.863,0.921,1.0987,889.61,8184.39,260,818.44,4.043,1.204,0.056,0.02,0.0,0.276,0,0,Normal,3.42,3.48,0.69,0.0,0,None
2026-04-25 15:15:00,33.9,1,1,0,226.69,22.77,4.763,1.99,0.923,1.1908,890.8,8195.34,260,819.53,4.105,1.204,0.047,0.11,0.0,0.501,0,0,Normal,3.23,1.84,0.85,0.0,0,None
2026-04-25 15:30:00,33.86,1,1,0,225.37,21.04,4.518,1.437,0.953,1.1295,891.93,8205.73,260,820.57,4.052,1.204,0.039,0.12,0.0,0.307,0,0,Normal,3.89,3.96,0.23,0.0,0,None
2026-04-25 15:45:00,32.79,1,1,0,226.61,20.65,4.147,2.17,0.886,1.0368,892.96,8215.27,260,821.53,3.633,1.204,0.05,0.02,0.0,0.444,0,0,Normal,2.16,2.99,0.45,0.0,0,None
2026-04-25 16:00:00,33.16,1,1,0,226.44,20.24,4.327,1.51,0.944,1.0818,894.05,8225.22,260,822.52,3.716,1.204,0.058,0.02,0.0,0.533,0,0,Normal,2.67,2.58,0.58,0.0,0,None
2026-04-25 16:15:00,32.86,1,1,0,224.41,19.63,3.947,1.954,0.896,0.9868,895.03,8234.3,260,823.43,3.56,1.204,0.057,0.02,0.0,0.31,0,0,Normal,2.19,3.26,0.52,0.0,0,None
2026-04-25 16:30:00,32.6,1,1,0,227.72,19.08,3.849,2.016,0.886,0.9622,896.0,8243.15,260,824.32,3.514,1.204,0.07,0.02,0.0,0.245,0,0,Normal,3.5,3.13,0.33,0.0,0,None
2026-04-25 16:45:00,33.91,1,1,0,226.29,21.54,4.555,1.732,0.935,1.1388,897.13,8253.63,260,825.36,4.087,1.204,0.035,0.114,0.0,0.319,0,0,Normal,3.18,1.51,0.6,0.0,0,None
2026-04-25 17:00:00,32.49,1,1,0,227.07,18.34,3.849,1.589,0.924,0.9622,898.1,8262.48,260,826.25,3.372,1.204,0.054,0.127,0.0,0.296,0,0,Normal,3.45,1.29,0.87,0.0,0,None
2026-04-25 17:15:00,32.23,1,1,0,227.29,16.96,3.664,1.198,0.95,0.916,899.01,8270.91,260,827.09,3.242,1.204,0.068,0.02,0.0,0.334,0,0,Normal,2.19,1.6,0.84,0.0,0,None
2026-04-25 17:30:00,31.96,1,1,0,225.19,16.93,3.512,1.481,0.921,0.878,899.89,8278.99,260,827.9,2.989,1.204,0.066,0.02,0.0,0.437,0,0,Normal,4.13,1.16,0.37,0.0,0,None
2026-04-25 17:45:00,32.39,1,1,0,225.28,17.13,3.675,1.178,0.952,0.9188,900.81,8287.44,260,828.74,3.28,1.204,0.053,0.02,0.0,0.322,0,0,Normal,3.79,1.84,0.26,0.0,0,None
2026-04-25 18:00:00,31.5,1,1,1,227.1,17.0,3.7,1.101,0.958,0.925,901.73,8295.95,260,829.6,2.978,1.204,0.346,0.02,0.0,0.356,0,0,Normal,3.27,3.58,0.83,0.0,0,None
2026-04-25 18:15:00,30.59,1,1,1,225.47,15.4,3.261,1.19,0.939,0.8152,902.55,8303.45,260,830.35,2.528,1.204,0.323,0.11,0.0,0.3,0,0,Normal,3.56,3.83,0.79,0.0,0,None
2026-04-25 18:30:00,31.0,1,1,1,226.29,16.64,3.568,1.2,0.948,0.892,903.44,8311.66,260,831.17,2.7,1.205,0.349,0.119,0.0,0.4,0,0,Normal,4.32,3.68,0.46,0.0,0,None
2026-04-25 18:45:00,31.43,1,1,1,226.86,16.51,3.509,1.308,0.937,0.8772,904.32,8319.73,260,831.97,2.775,1.205,0.34,0.02,0.0,0.374,0,0,Normal,3.81,2.82,0.86,0.0,0,None
2026-04-25 19:00:00,28.58,1,1,1,226.14,19.74,4.127,1.7,0.925,1.0318,905.35,8329.22,260,832.92,1.646,1.205,0.36,0.02,1.838,0.263,0,0,Normal,4.3,3.51,0.41,0.0,0,None
2026-04-25 19:15:00,29.52,1,1,1,226.52,17.9,3.865,1.226,0.953,0.9662,906.32,8338.11,260,833.81,1.761,1.205,0.351,0.02,1.315,0.418,0,0,Normal,2.15,1.11,0.21,0.0,0,None
2026-04-25 19:30:00,29.34,1,1,1,225.29,21.27,4.44,1.803,0.927,1.11,907.43,8348.32,260,834.83,1.981,1.205,0.358,0.02,1.803,0.278,0,0,Normal,2.41,3.63,0.49,0.0,0,None
2026-04-25 19:45:00,29.49,1,1,1,225.06,18.74,4.035,1.23,0.957,1.0088,908.44,8357.6,260,835.76,1.893,1.205,0.372,0.117,1.269,0.384,0,0,Normal,3.23,3.69,0.38,0.0,0,None
2026-04-25 20:00:00,27.75,1,1,1,226.39,17.35,3.5,1.785,0.891,0.875,909.31,8365.65,260,836.57,1.2,1.205,0.351,0.116,1.544,0.289,0,0,Normal,3.56,1.14,0.2,0.0,0,None
2026-04-25 20:15:00,28.07,1,1,1,226.11,17.97,3.585,1.914,0.882,0.8962,910.21,8373.9,260,837.39,1.191,1.205,0.329,0.02,1.563,0.482,0,0,Normal,3.85,2.92,0.33,0.0,0,None
2026-04-25 20:30:00,28.96,1,1,1,226.17,17.73,3.749,1.423,0.935,0.9372,911.14,8382.52,260,838.25,1.67,1.205,0.35,0.02,1.386,0.323,0,0,Normal,2.54,2.5,0.23,0.0,0,None
2026-04-25 20:45:00,27.84,1,1,1,229.12,17.17,3.561,1.671,0.905,0.8902,912.03,8390.71,260,839.07,1.193,1.205,0.344,0.02,1.711,0.293,0,0,Normal,4.2,3.62,0.59,0.0,0,None
2026-04-25 21:00:00,26.59,1,1,1,225.88,13.57,2.882,1.046,0.94,0.7205,912.75,8397.34,260,839.73,0.568,1.205,0.35,0.02,1.632,0.312,0,0,Normal,4.06,1.01,0.25,0.0,0,None
2026-04-25 21:15:00,27.44,1,1,1,228.36,15.51,3.282,1.334,0.926,0.8205,913.57,8404.89,260,840.49,0.962,1.205,0.343,0.118,1.526,0.333,0,0,Normal,3.79,1.29,0.85,0.0,0,None
2026-04-25 21:30:00,26.17,1,1,1,225.63,14.77,3.059,1.321,0.918,0.7648,914.34,8411.92,260,841.19,0.283,1.205,0.344,0.124,1.858,0.45,0,0,Normal,2.72,2.69,0.67,0.0,0,None
2026-04-25 21:45:00,27.35,1,1,1,227.55,15.13,3.03,1.633,0.88,0.7575,915.1,8418.89,260,841.89,0.857,1.205,0.349,0.02,1.322,0.482,0,0,Normal,2.27,2.26,0.46,0.0,0,None
2026-04-25 22:00:00,25.0,1,1,1,225.85,2.95,0.635,0.203,0.953,0.1588,915.26,8420.35,260,842.04,0.0,1.205,0.339,0.02,0.0,0.276,0,0,Normal,2.86,2.95,0.46,0.0,0,None
2026-04-25 22:15:00,25.89,1,1,1,228.01,3.99,0.87,0.263,0.957,0.2175,915.47,8422.35,260,842.24,0.214,1.205,0.364,0.02,0.0,0.272,0,0,Normal,4.05,2.98,0.69,0.0,0,None
2026-04-25 22:30:00,25.38,1,1,1,228.99,3.97,0.835,0.358,0.919,0.2088,915.68,8424.27,260,842.43,0.0,1.205,0.365,0.02,0.0,0.45,0,0,Normal,2.5,2.33,0.83,0.0,0,None
2026-04-25 22:45:00,25.15,1,1,1,230.86,4.09,0.85,0.413,0.899,0.2125,915.89,8426.23,260,842.62,0.0,1.205,0.34,0.12,0.0,0.39,0,0,Normal,3.56,2.08,0.73,0.0,0,None
2026-04-25 23:00:00,23.72,1,1,1,227.71,3.6,0.754,0.323,0.919,0.1885,916.08,8427.96,260,842.8,0.0,1.205,0.348,0.121,0.0,0.285,0,0,Normal,2.36,2.74,0.67,0.0,0,None
2026-04-25 23:15:00,23.45,1,1,1,229.18,3.28,0.692,0.292,0.922,0.173,916.26,8429.56,260,842.96,0.0,1.205,0.353,0.02,0.0,0.319,0,0,Normal,2.45,1.26,0.81,0.0,0,None
2026-04-25 23:30:00,23.8,1,1,1,227.44,3.17,0.641,0.328,0.89,0.1602,916.42,8431.03,260,843.1,0.0,1.205,0.351,0.02,0.0,0.27,0,0,Normal,4.35,1.1,0.41,0.0,0,None
2026-04-25 23:45:00,24.21,1,1,1,229.2,3.35,0.704,0.309,0.916,0.176,916.59,8432.65,260,843.26,0.0,1.205,0.369,0.02,0.0,0.315,0,0,Normal,2.98,2.01,0.7,0.0,0,None
2026-04-26 00:00:00,22.8,1,1,0,229.33,3.34,0.716,0.272,0.935,0.179,916.77,8434.3,260,843.43,0.0,1.205,0.355,0.02,0.0,0.341,0,0,Normal,3.38,3.1,0.86,0.0,0,None
2026-04-26 00:15:00,22.65,1,1,0,229.27,3.93,0.798,0.417,0.886,0.1995,916.97,8436.13,260,843.61,0.0,1.205,0.349,0.12,0.0,0.329,0,0,Normal,3.26,1.02,0.95,0.0,0,None
2026-04-26 00:30:00,22.68,1,1,0,231.99,3.31,0.733,0.229,0.955,0.1833,917.15,8437.82,260,843.78,0.0,1.205,0.33,0.125,0.0,0.278,0,0,Normal,4.09,1.64,0.58,0.0,0,None
2026-04-26 00:45:00,23.3,1,1,0,232.13,3.69,0.784,0.345,0.915,0.196,917.35,8439.62,260,843.96,0.0,1.205,0.342,0.02,0.0,0.422,0,0,Normal,3.04,1.78,0.39,0.0,0,None
2026-04-26 01:00:00,22.82,1,1,0,231.51,3.62,0.779,0.311,0.929,0.1948,917.54,8441.41,260,844.14,0.0,1.206,0.338,0.02,0.0,0.421,0,0,Normal,3.45,3.64,0.92,0.0,0,None
2026-04-26 01:15:00,21.87,1,1,0,230.88,3.5,0.716,0.376,0.885,0.179,917.72,8443.06,260,844.31,0.0,1.206,0.364,0.02,0.0,0.332,0,0,Normal,3.2,2.93,0.5,0.0,0,None
2026-04-26 01:30:00,21.87,1,1,0,231.41,2.89,0.62,0.249,0.928,0.155,917.88,8444.48,260,844.45,0.0,1.206,0.342,0.02,0.0,0.258,0,0,Normal,3.21,3.52,0.74,0.0,0,None
2026-04-26 01:45:00,22.39,1,1,0,233.62,3.8,0.823,0.334,0.927,0.2058,918.08,8446.38,260,844.64,0.0,1.206,0.357,0.125,0.0,0.341,0,0,Normal,2.14,1.93,0.57,0.0,0,None
2026-04-26 02:00:00,22.76,1,1,0,230.3,3.26,0.701,0.267,0.934,0.1752,918.26,8447.99,260,844.8,0.0,1.206,0.356,0.125,0.0,0.22,0,0,Normal,3.95,3.28,0.42,0.0,0,None
2026-04-26 02:15:00,22.57,1,1,0,231.02,4.01,0.849,0.373,0.916,0.2122,918.47,8449.94,260,844.99,0.0,1.206,0.353,0.02,0.0,0.476,0,0,Normal,3.74,2.8,1.0,0.0,0,None
2026-04-26 02:30:00,21.37,1,1,0,232.23,3.4,0.709,0.346,0.899,0.1773,918.65,8451.57,260,845.16,0.0,1.206,0.338,0.02,0.0,0.351,0,0,Normal,3.88,2.66,0.65,0.0,0,None
2026-04-26 02:45:00,21.87,1,1,0,232.3,3.03,0.632,0.312,0.897,0.158,918.81,8453.03,260,845.3,0.0,1.206,0.359,0.02,0.0,0.253,0,0,Normal,3.12,1.86,0.95,0.0,0,None
2026-04-26 03:00:00,21.74,1,1,0,232.59,2.95,0.657,0.199,0.957,0.1642,918.97,8454.54,260,845.45,0.0,1.206,0.351,0.02,0.0,0.286,0,0,Normal,3.77,2.22,0.48,0.0,0,None
2026-04-26 03:15:00,22.07,1,1,0,233.72,3.36,0.743,0.255,0.946,0.1858,919.16,8456.25,260,845.62,0.0,1.206,0.338,0.123,0.0,0.282,0,0,Normal,2.69,2.16,0.59,0.0,0,None
2026-04-26 03:30:00,23.01,1,1,0,232.7,3.65,0.769,0.358,0.907,0.1922,919.35,8458.02,260,845.8,0.0,1.206,0.343,0.111,0.0,0.315,0,0,Normal,3.0,1.41,0.22,0.0,0,None
2026-04-26 03:45:00,21.49,1,1,0,233.8,3.67,0.774,0.368,0.903,0.1935,919.54,8459.8,260,845.98,0.0,1.206,0.345,0.02,0.0,0.409,0,0,Normal,2.85,4.0,0.76,0.0,0,None
2026-04-26 04:00:00,21.99,1,1,0,234.02,3.68,0.776,0.374,0.901,0.194,919.74,8461.58,260,846.16,0.0,1.206,0.351,0.02,0.0,0.405,0,0,Normal,4.41,2.06,0.8,0.0,0,None
2026-04-26 04:15:00,22.39,1,1,0,231.89,3.52,0.742,0.341,0.909,0.1855,919.92,8463.29,260,846.33,0.0,1.206,0.344,0.02,0.0,0.378,0,0,Normal,2.8,1.77,0.92,0.0,0,None
2026-04-26 04:30:00,22.95,1,1,0,232.22,3.45,0.724,0.344,0.903,0.181,920.1,8464.95,260,846.5,0.0,1.206,0.343,0.02,0.0,0.361,0,0,Normal,2.98,1.89,0.52,0.0,0,None
2026-04-26 04:45:00,23.11,1,1,0,234.8,3.63,0.778,0.347,0.913,0.1945,920.3,8466.74,260,846.67,0.0,1.206,0.35,0.12,0.0,0.308,0,0,Normal,3.9,2.08,0.89,0.0,0,None
2026-04-26 05:00:00,23.98,1,1,0,235.65,3.59,0.805,0.259,0.952,0.2012,920.5,8468.59,260,846.86,0.0,1.206,0.358,0.116,0.0,0.331,0,0,Normal,2.36,1.28,0.83,0.0,0,None
2026-04-26 05:15:00,24.35,1,1,0,232.51,2.63,0.563,0.236,0.922,0.1408,920.64,8469.89,260,846.99,0.0,1.206,0.34,0.02,0.0,0.203,0,0,Normal,2.74,2.52,0.53,0.0,0,None
2026-04-26 05:30:00,22.88,1,1,0,234.94,3.7,0.798,0.347,0.917,0.1995,920.84,8471.72,260,847.17,0.0,1.206,0.346,0.02,0.0,0.432,0,0,Normal,4.1,3.6,0.27,0.0,0,None
2026-04-26 05:45:00,24.35,1,1,0,233.93,3.46,0.768,0.259,0.948,0.192,921.03,8473.49,260,847.35,0.0,1.206,0.353,0.02,0.0,0.395,0,0,Normal,3.62,3.3,0.77,0.0,0,None
2026-04-26 06:00:00,24.84,1,1,0,233.61,9.85,2.199,0.681,0.955,0.5498,921.58,8478.55,260,847.85,0.0,1.206,0.346,0.02,1.339,0.494,0,0,Normal,3.82,1.05,0.57,0.0,0,None
2026-04-26 06:15:00,25.37,1,1,0,232.0,11.44,2.341,1.253,0.882,0.5852,922.17,8483.93,260,848.39,0.0,1.206,0.371,0.122,1.54,0.308,0,0,Normal,3.65,3.19,0.22,0.0,0,None
2026-04-26 06:30:00,24.34,1,1,0,233.71,10.73,2.391,0.758,0.953,0.5978,922.76,8489.43,260,848.94,0.0,1.206,0.352,0.122,1.659,0.258,0,0,Normal,3.65,3.45,0.4,0.0,0,None
2026-04-26 06:45:00,25.0,1,1,0,234.0,11.66,2.567,0.928,0.94,0.6418,923.41,8495.34,260,849.53,0.0,1.206,0.348,0.02,1.806,0.393,0,0,Normal,2.4,3.4,0.62,0.0,0,None
2026-04-26 07:00:00,26.57,1,1,0,233.28,12.48,2.675,1.151,0.919,0.6688,924.07,8501.49,260,850.15,0.688,1.206,0.046,0.02,1.502,0.419,0,0,Normal,3.02,1.48,0.47,0.0,0,None
2026-04-26 07:15:00,27.02,1,1,0,233.77,14.47,2.978,1.604,0.88,0.7445,924.82,8508.34,260,850.83,0.673,1.206,0.057,0.02,1.774,0.454,0,0,Normal,3.48,1.98,0.39,0.0,0,None
2026-04-26 07:30:00,25.65,1,1,0,233.12,9.05,1.967,0.761,0.933,0.4918,925.31,8512.86,260,851.29,0.133,1.207,0.051,0.02,1.411,0.352,0,0,Normal,4.25,1.31,0.98,0.0,0,None
2026-04-26 07:45:00,26.46,1,1,0,233.73,13.78,2.964,1.258,0.92,0.741,926.05,8519.68,260,851.97,0.456,1.207,0.054,0.121,1.912,0.421,0,0,Normal,2.79,2.62,0.83,0.0,0,None
2026-04-26 08:00:00,27.46,1,1,0,232.48,14.41,3.111,1.24,0.929,0.7778,926.83,8526.83,260,852.68,0.89,1.207,0.039,0.123,1.691,0.368,0,0,Normal,3.65,2.23,0.39,0.0,0,None
2026-04-26 08:15:00,28.25,1,1,0,232.8,16.26,3.435,1.591,0.907,0.8588,927.69,8534.73,260,853.47,1.303,1.207,0.055,0.02,1.748,0.309,0,0,Normal,3.53,1.89,0.57,0.0,0,None
2026-04-26 08:30:00,28.39,1,1,0,232.75,15.57,3.273,1.553,0.903,0.8182,928.51,8542.26,260,854.23,1.365,1.207,0.048,0.02,1.547,0.293,0,0,Normal,3.9,2.5,0.71,0.0,0,None
2026-04-26 08:45:00,28.64,1,1,0,232.25,18.29,3.828,1.84,0.901,0.957,929.46,8551.07,260,855.11,1.478,1.207,0.042,0.02,1.887,0.401,0,0,Normal,2.19,2.59,0.28,0.0,0,None
2026-04-26 09:00:00,29.29,1,1,0,232.49,11.28,2.349,1.167,0.896,0.5873,930.05,8556.47,260,855.65,1.827,1.207,0.02,0.02,0.0,0.482,0,0,Normal,2.13,3.57,0.28,0.0,0,None
2026-04-26 09:15:00,30.02,1,1,0,232.95,11.67,2.558,0.921,0.941,0.6395,930.69,8562.35,260,856.24,2.101,1.207,0.033,0.124,0.0,0.3,0,0,Normal,2.31,2.61,0.69,0.0,0,None
2026-04-26 09:30:00,30.23,1,1,0,234.0,12.98,2.873,0.987,0.946,0.7183,931.41,8568.96,260,856.9,2.234,1.207,0.05,0.123,0.0,0.466,0,0,Normal,4.29,2.91,0.56,0.0,0,None
2026-04-26 09:45:00,28.73,1,1,0,232.95,9.07,1.956,0.802,0.925,0.489,931.9,8573.46,260,857.35,1.519,1.207,0.065,0.02,0.0,0.352,0,0,Normal,4.1,3.33,0.49,0.0,0,None
2026-04-26 10:00:00,31.31,1,1,0,232.88,15.05,3.294,1.2,0.94,0.8235,932.72,8581.04,260,858.1,2.88,1.207,0.044,0.02,0.0,0.35,0,0,Normal,4.36,3.02,0.71,0.0,0,None
2026-04-26 10:15:00,31.48,1,1,0,231.8,15.83,3.349,1.501,0.912,0.8372,933.56,8588.74,260,858.87,2.802,1.207,0.055,0.02,0.0,0.472,0,0,Normal,2.62,1.5,0.44,0.0,0,None
2026-04-26 10:30:00,30.87,1,1,0,231.22,14.49,3.085,1.304,0.921,0.7712,934.33,8595.83,260,859.58,2.67,1.207,0.047,0.02,0.0,0.348,0,0,Normal,2.41,2.84,0.85,0.0,0,None
2026-04-26 10:45:00,30.39,1,1,0,231.81,14.58,3.0,1.554,0.888,0.75,935.08,8602.73,260,860.27,2.401,1.207,0.056,0.121,0.0,0.422,0,0,Normal,2.99,2.75,0.58,0.0,0,None
2026-04-26 11:00:00,32.71,0,1,0,228.73,1.18,0.252,0.099,0.931,0.063,935.14,8603.31,260,860.33,0.0,1.207,0.038,0.133,0.0,0.081,0,0,Normal,2.54,2.13,0.72,0.0,0,None
2026-04-26 11:15:00,31.64,0,1,0,231.08,1.29,0.282,0.098,0.945,0.0705,935.21,8603.96,260,860.4,0.0,1.207,0.032,0.02,0.0,0.23,0,0,Normal,2.72,1.02,0.48,0.0,0,None
2026-04-26 11:30:00,32.15,0,1,0,231.22,1.42,0.289,0.154,0.883,0.0723,935.29,8604.63,260,860.46,0.0,1.207,0.035,0.02,0.0,0.234,0,0,Normal,3.73,1.09,0.52,0.0,0,None
2026-04-26 11:45:00,32.22,0,1,0,230.79,0.8,0.172,0.069,0.928,0.043,935.33,8605.02,260,860.5,0.0,1.207,0.046,0.02,0.0,0.106,0,0,Normal,3.85,1.52,0.68,0.0,0,None
2026-04-26 12:00:00,33.55,0,1,0,229.59,1.41,0.287,0.15,0.886,0.0718,935.4,8605.68,260,860.57,0.0,1.207,0.029,0.02,0.0,0.238,0,0,Normal,4.0,1.9,0.38,0.0,0,None
2026-04-26 12:15:00,32.88,0,1,0,229.0,1.64,0.352,0.129,0.939,0.088,935.49,8606.49,260,860.65,0.0,1.207,0.035,0.123,0.0,0.194,0,0,Normal,3.19,2.87,0.99,0.0,0,None
2026-04-26 12:30:00,32.85,0,1,0,230.22,1.65,0.349,0.152,0.917,0.0872,935.58,8607.29,260,860.73,0.0,1.207,0.07,0.116,0.0,0.163,0,0,Normal,2.05,3.97,0.25,0.0,0,None
2026-04-26 12:45:00,33.25,0,1,0,228.36,1.55,0.321,0.151,0.904,0.0802,935.66,8608.03,260,860.8,0.0,1.207,0.059,0.02,0.0,0.242,0,0,Normal,3.8,3.84,0.29,0.0,0,None
2026-04-26 13:00:00,34.3,0,1,0,227.63,0.83,0.176,0.068,0.933,0.044,935.7,8608.44,260,860.84,0.0,1.207,0.048,0.02,0.0,0.108,0,0,Normal,4.26,1.38,0.66,0.0,0,None
2026-04-26 13:15:00,34.94,0,1,0,229.14,0.81,0.169,0.075,0.913,0.0422,935.74,8608.83,260,860.88,0.0,1.207,0.042,0.02,0.0,0.107,0,0,Normal,2.29,2.03,0.49,0.0,0,None
2026-04-26 13:30:00,33.04,0,1,0,228.65,1.11,0.23,0.107,0.907,0.0575,935.8,8609.36,260,860.94,0.0,1.207,0.053,0.02,0.0,0.157,0,0,Normal,2.96,1.36,0.48,0.0,0,None
2026-04-26 13:45:00,33.95,0,1,0,229.21,1.36,0.278,0.143,0.889,0.0695,935.87,8609.99,260,861.0,0.0,1.207,0.058,0.124,0.0,0.096,0,0,Normal,4.05,2.29,0.86,0.0,0,None
2026-04-26 14:00:00,33.46,0,1,0,228.24,1.34,0.282,0.117,0.924,0.0705,935.94,8610.64,260,861.06,0.0,1.208,0.043,0.125,0.0,0.114,0,0,Normal,3.67,1.96,0.51,0.0,0,None
2026-04-26 14:15:00,34.51,0,1,0,231.3,0.73,0.157,0.064,0.925,0.0392,935.98,8611.0,260,861.1,0.0,1.208,0.031,0.02,0.0,0.106,0,0,Normal,4.48,2.41,0.44,0.0,0,None
2026-04-26 14:30:00,33.53,0,1,0,225.55,1.07,0.226,0.083,0.939,0.0565,936.04,8611.52,260,861.15,0.0,1.208,0.047,0.02,0.0,0.159,0,0,Normal,3.39,1.08,0.38,0.0,0,None
2026-04-26 14:45:00,33.66,0,1,0,226.12,1.02,0.207,0.103,0.896,0.0518,936.09,8612.0,260,861.2,0.0,1.208,0.052,0.02,0.0,0.135,0,0,Normal,4.48,3.35,0.21,0.0,0,None
2026-04-26 15:00:00,33.5,1,1,0,229.54,19.48,4.191,1.56,0.937,1.0478,937.13,8621.64,260,862.16,3.74,1.208,0.049,0.02,0.0,0.382,0,0,Normal,3.69,1.39,0.33,0.0,0,None
2026-04-26 15:15:00,33.76,1,1,0,226.76,20.97,4.449,1.679,0.936,1.1122,938.25,8631.87,260,863.19,3.997,1.208,0.06,0.123,0.0,0.269,0,0,Normal,2.4,3.81,0.76,0.0,0,None
2026-04-26 15:30:00,33.96,1,1,0,228.04,22.46,4.733,1.959,0.924,1.1833,939.43,8642.76,260,864.28,4.051,1.208,0.058,0.123,0.0,0.501,0,0,Normal,2.99,3.66,0.52,0.0,0,None
2026-04-26 15:45:00,34.04,1,1,0,224.82,22.12,4.59,1.911,0.923,1.1475,940.58,8653.32,260,865.33,4.158,1.208,0.061,0.02,0.0,0.351,0,0,Normal,4.39,2.31,0.68,0.0,0,None
2026-04-26 16:00:00,33.19,1,1,0,226.56,19.92,4.041,2.01,0.895,1.0103,941.59,8662.61,260,866.26,3.619,1.208,0.056,0.02,0.0,0.346,0,0,Normal,3.37,1.21,0.52,0.0,0,None
2026-04-26 16:15:00,32.53,1,1,0,227.2,18.08,3.814,1.526,0.928,0.9535,942.54,8671.38,260,867.14,3.519,1.208,0.052,0.02,0.0,0.223,0,0,Normal,2.21,2.77,0.98,0.0,0,None
2026-04-26 16:30:00,33.56,1,1,0,225.15,21.5,4.272,2.277,0.882,1.068,943.61,8681.21,260,868.12,3.753,1.208,0.054,0.02,0.0,0.445,0,0,Normal,3.95,1.68,0.55,0.0,0,None
2026-04-26 16:45:00,33.17,1,1,0,224.76,21.11,4.393,1.794,0.926,1.0982,944.71,8691.31,260,869.13,3.75,1.208,0.038,0.118,0.0,0.487,0,0,Normal,3.86,2.71,0.48,0.0,0,None
2026-04-26 17:00:00,32.82,1,1,0,224.87,20.33,4.104,2.015,0.898,1.026,945.73,8700.75,260,870.08,3.556,1.208,0.049,0.107,0.0,0.392,0,0,Normal,2.13,3.9,0.56,0.0,0,None
2026-04-26 17:15:00,31.89,1,1,0,227.94,16.1,3.479,1.17,0.948,0.8698,946.6,8708.75,260,870.88,3.094,1.208,0.038,0.02,0.0,0.327,0,0,Normal,3.14,2.34,0.9,0.0,0,None
2026-04-26 17:30:00,31.44,1,1,0,226.17,15.33,3.227,1.266,0.931,0.8068,947.41,8716.17,260,871.62,2.805,1.208,0.039,0.02,0.0,0.363,0,0,Normal,4.04,2.27,0.99,0.0,0,None
2026-04-26 17:45:00,32.23,1,1,0,226.84,17.26,3.536,1.681,0.903,0.884,948.29,8724.31,260,872.43,3.179,1.208,0.058,0.02,0.0,0.279,0,0,Normal,3.1,1.98,0.84,0.0,0,None
2026-04-26 18:00:00,31.65,1,1,1,228.25,18.24,3.689,1.928,0.886,0.9222,949.22,8732.79,260,873.28,2.902,1.208,0.345,0.02,0.0,0.422,0,0,Normal,2.2,2.73,0.56,0.0,0,None
2026-04-26 18:15:00,31.08,1,1,1,224.3,17.06,3.501,1.546,0.915,0.8752,950.09,8740.84,260,874.08,2.727,1.208,0.347,0.122,0.0,0.305,0,0,Normal,2.58,2.94,0.53,0.0,0,None
2026-04-26 18:30:00,30.9,1,1,1,225.1,16.99,3.4,1.753,0.889,0.85,950.94,8748.66,260,874.87,2.648,1.208,0.356,0.116,0.0,0.28,0,0,Normal,4.38,3.11,0.66,0.0,0,None
2026-04-26 18:45:00,30.56,1,1,1,226.59,14.82,3.135,1.204,0.934,0.7838,951.73,8755.87,260,875.59,2.357,1.208,0.338,0.02,0.0,0.42,0,0,Normal,2.18,1.15,0.52,0.0,0,None
2026-04-26 19:00:00,30.43,1,1,1,225.04,24.25,5.019,2.145,0.92,1.2548,952.98,8767.42,260,876.74,2.387,1.208,0.35,0.02,1.918,0.344,0,0,Normal,3.81,1.46,0.53,0.0,0,None
2026-04-26 19:15:00,29.04,1,1,1,225.17,21.41,4.401,1.968,0.913,1.1002,954.08,8777.54,260,877.75,1.729,1.208,0.353,0.02,1.881,0.418,0,0,Normal,2.2,1.26,0.65,0.0,0,None
2026-04-26 19:30:00,29.19,1,1,1,226.03,20.02,4.31,1.376,0.953,1.0775,955.16,8787.45,260,878.75,1.745,1.208,0.374,0.02,1.718,0.453,0,0,Normal,3.58,3.98,0.5,0.0,0,None
2026-04-26 19:45:00,29.84,1,1,1,227.0,21.63,4.546,1.855,0.926,1.1365,956.29,8797.91,260,879.79,2.019,1.208,0.336,0.117,1.672,0.402,0,0,Normal,2.94,1.96,0.53,0.0,0,None
2026-04-26 20:00:00,27.07,1,1,1,226.31,16.39,3.432,1.406,0.925,0.858,957.15,8805.8,260,880.58,0.692,1.208,0.325,0.11,1.963,0.342,0,0,Normal,3.15,2.88,0.63,0.0,0,None
2026-04-26 20:15:00,28.64,1,1,1,229.06,15.73,3.334,1.366,0.925,0.8335,957.99,8813.47,260,881.35,1.499,1.208,0.357,0.02,1.266,0.192,0,0,Normal,4.12,1.16,0.45,0.0,0,None
2026-04-26 20:30:00,28.31,1,1,1,226.76,19.83,4.049,1.956,0.9,1.0123,959.0,8822.78,260,882.28,1.215,1.209,0.359,0.02,1.965,0.49,0,0,Normal,2.94,2.4,0.49,0.0,0,None
2026-04-26 20:45:00,28.45,1,1,1,227.74,16.14,3.525,1.038,0.959,0.8812,959.88,8830.89,260,883.09,1.406,1.209,0.34,0.02,1.458,0.301,0,0,Normal,2.41,3.69,0.81,0.0,0,None
2026-04-26 21:00:00,26.73,1,1,1,227.8,12.92,2.659,1.261,0.903,0.6648,960.54,8837.01,260,883.7,0.481,1.209,0.358,0.02,1.45,0.35,0,0,Normal,2.25,3.82,0.6,0.0,0,None
2026-04-26 21:15:00,26.37,1,1,1,226.94,11.89,2.51,0.989,0.93,0.6275,961.17,8842.78,260,884.28,0.486,1.209,0.35,0.12,1.239,0.315,0,0,Normal,3.44,3.78,0.25,0.0,0,None
2026-04-26 21:30:00,25.92,1,1,1,227.43,12.39,2.513,1.277,0.892,0.6282,961.8,8848.56,260,884.86,0.248,1.209,0.337,0.114,1.543,0.271,0,0,Normal,3.56,2.36,0.48,0.0,0,None
2026-04-26 21:45:00,26.38,1,1,1,224.46,13.81,2.917,1.048,0.941,0.7292,962.53,8855.27,260,885.53,0.448,1.209,0.358,0.02,1.703,0.388,0,0,Normal,2.15,2.76,0.31,0.0,0,None
2026-04-26 22:00:00,24.51,1,1,1,227.93,4.21,0.865,0.418,0.901,0.2162,962.75,8857.26,260,885.73,0.0,1.209,0.356,0.02,0.0,0.489,0,0,Normal,2.24,1.03,0.26,0.0,0,None
2026-04-26 22:15:00,25.24,1,1,1,228.36,3.64,0.754,0.35,0.907,0.1885,962.93,8858.99,260,885.9,0.0,1.209,0.346,0.02,0.0,0.388,0,0,Normal,2.97,2.11,0.52,0.0,0,None
2026-04-26 22:30:00,25.4,1,1,1,229.95,3.61,0.767,0.32,0.923,0.1918,963.13,8860.76,260,886.08,0.0,1.209,0.35,0.02,0.0,0.397,0,0,Normal,4.18,2.2,0.98,0.0,0,None
2026-04-26 22:45:00,25.74,1,1,1,227.07,5.43,1.133,0.485,0.919,0.2832,963.41,8863.36,260,886.34,0.266,1.209,0.358,0.114,0.0,0.395,0,0,Normal,3.22,1.73,0.41,0.0,0,None
2026-04-26 23:00:00,23.94,1,1,1,227.56,4.74,1.003,0.397,0.93,0.2508,963.66,8865.67,260,886.57,0.0,1.209,0.362,0.117,0.0,0.524,0,0,Normal,4.08,3.87,0.41,0.0,0,None
2026-04-26 23:15:00,24.22,1,1,1,227.93,3.38,0.724,0.263,0.94,0.181,963.84,8867.33,260,886.73,0.0,1.209,0.341,0.02,0.0,0.363,0,0,Normal,3.56,2.61,0.77,0.0,0,None
2026-04-26 23:30:00,23.61,1,1,1,231.5,3.83,0.81,0.361,0.913,0.2025,964.04,8869.2,260,886.92,0.0,1.209,0.355,0.02,0.0,0.435,0,0,Normal,4.24,3.63,0.26,0.0,0,None
2026-04-26 23:45:00,23.52,1,1,1,229.36,3.88,0.792,0.407,0.889,0.198,964.24,8871.02,260,887.1,0.0,1.209,0.35,0.02,0.0,0.422,0,0,Normal,2.08,3.46,0.87,0.0,0,None
2026-04-27 00:00:00,23.04,1,0,0,230.58,3.82,0.79,0.388,0.898,0.1975,964.44,8872.84,260,887.28,0.0,1.209,0.345,0.02,0.0,0.425,0,0,Normal,2.93,2.48,0.22,0.0,0,None
2026-04-27 00:15:00,22.61,1,0,0,229.05,4.11,0.853,0.401,0.905,0.2132,964.65,8874.8,260,887.48,0.0,1.209,0.351,0.118,0.0,0.384,0,0,Normal,3.38,3.51,0.73,0.0,0,None
2026-04-27 00:30:00,22.94,1,0,0,231.0,3.68,0.76,0.38,0.895,0.19,964.84,8876.55,260,887.65,0.0,1.209,0.35,0.126,0.0,0.284,0,0,Normal,4.07,1.21,0.35,0.0,0,None
2026-04-27 00:45:00,22.27,1,0,0,231.28,2.87,0.59,0.303,0.89,0.1475,964.99,8877.9,260,887.79,0.0,1.209,0.361,0.02,0.0,0.209,0,0,Normal,2.32,3.04,0.88,0.0,0,None
2026-04-27 01:00:00,21.76,1,0,0,231.26,3.43,0.745,0.269,0.941,0.1862,965.18,8879.62,260,887.96,0.0,1.209,0.35,0.02,0.0,0.375,0,0,Normal,4.28,3.44,0.32,0.0,0,None
2026-04-27 01:15:00,22.52,1,0,0,230.85,3.02,0.656,0.235,0.942,0.164,965.34,8881.13,260,888.11,0.0,1.209,0.352,0.02,0.0,0.284,0,0,Normal,4.23,2.48,0.87,0.0,0,None
2026-04-27 01:30:00,22.65,1,0,0,230.02,3.71,0.76,0.386,0.892,0.19,965.53,8882.87,260,888.29,0.0,1.209,0.337,0.02,0.0,0.403,0,0,Normal,4.47,2.38,0.59,0.0,0,None
2026-04-27 01:45:00,21.71,1,0,0,232.8,4.34,0.919,0.422,0.909,0.2298,965.76,8884.99,260,888.5,0.0,1.209,0.343,0.114,0.0,0.462,0,0,Normal,2.0,3.25,0.59,0.0,0,None
2026-04-27 02:00:00,22.34,1,0,0,230.09,3.82,0.819,0.318,0.932,0.2047,965.96,8886.87,260,888.69,0.0,1.209,0.343,0.125,0.0,0.351,0,0,Normal,2.24,3.07,0.61,0.0,0,None
2026-04-27 02:15:00,21.73,1,0,0,232.62,3.13,0.661,0.306,0.908,0.1652,966.13,8888.39,260,888.84,0.0,1.209,0.334,0.02,0.0,0.307,0,0,Normal,3.47,3.72,0.4,0.0,0,None
2026-04-27 02:30:00,22.01,1,0,0,232.51,3.27,0.712,0.264,0.938,0.178,966.31,8890.03,260,889.0,0.0,1.209,0.351,0.02,0.0,0.341,0,0,Normal,4.05,1.99,0.36,0.0,0,None
2026-04-27 02:45:00,22.71,1,0,0,231.19,3.97,0.814,0.426,0.886,0.2035,966.51,8891.9,260,889.19,0.0,1.209,0.357,0.02,0.0,0.437,0,0,Normal,3.11,1.97,0.57,0.0,0,None
2026-04-27 03:00:00,22.61,1,0,0,233.93,3.43,0.736,0.318,0.918,0.184,966.7,8893.59,260,889.36,0.0,1.209,0.352,0.02,0.0,0.364,0,0,Normal,2.5,1.55,0.61,0.0,0,None
2026-04-27 03:15:00,22.6,1,0,0,235.0,3.72,0.83,0.272,0.95,0.2075,966.9,8895.5,260,889.55,0.0,1.21,0.347,0.12,0.0,0.363,0,0,Normal,2.44,1.28,0.63,0.0,0,None
2026-04-27 03:30:00,23.16,1,0,0,235.0,4.02,0.891,0.312,0.944,0.2228,967.13,8897.55,260,889.76,0.0,1.21,0.351,0.12,0.0,0.42,0,0,Normal,4.38,1.14,0.29,0.0,0,None
2026-04-27 03:45:00,21.85,1,0,0,234.32,3.83,0.833,0.331,0.929,0.2082,967.33,8899.47,260,889.95,0.0,1.21,0.338,0.02,0.0,0.475,0,0,Normal,2.76,1.77,0.41,0.0,0,None
2026-04-27 04:00:00,22.31,1,0,0,231.77,3.46,0.764,0.246,0.952,0.191,967.52,8901.23,260,890.12,0.0,1.21,0.333,0.02,0.0,0.411,0,0,Normal,2.27,1.75,0.6,0.0,0,None
2026-04-27 04:15:00,22.44,1,0,0,234.21,3.42,0.745,0.292,0.931,0.1863,967.71,8902.94,260,890.29,0.0,1.21,0.341,0.02,0.0,0.384,0,0,Normal,2.66,3.02,0.9,0.0,0,None
2026-04-27 04:30:00,22.68,1,0,0,231.48,4.03,0.829,0.428,0.889,0.2072,967.92,8904.85,260,890.48,0.0,1.21,0.349,0.02,0.0,0.46,0,0,Normal,3.11,1.8,0.75,0.0,0,None
2026-04-27 04:45:00,21.63,1,0,0,232.28,3.63,0.781,0.319,0.926,0.1952,968.11,8906.64,260,890.66,0.0,1.21,0.338,0.116,0.0,0.327,0,0,Normal,4.21,2.18,0.46,0.0,0,None
2026-04-27 05:00:00,23.65,1,0,0,235.12,3.79,0.806,0.383,0.903,0.2015,968.31,8908.5,260,890.85,0.0,1.21,0.347,0.118,0.0,0.341,0,0,Normal,3.8,1.89,0.28,0.0,0,None
2026-04-27 05:15:00,23.49,1,0,0,232.98,3.6,0.769,0.335,0.917,0.1922,968.51,8910.26,260,891.03,0.0,1.21,0.348,0.02,0.0,0.401,0,0,Normal,3.22,3.27,0.22,0.0,0,None
2026-04-27 05:30:00,24.15,1,0,0,234.26,3.42,0.748,0.285,0.935,0.187,968.69,8911.98,260,891.2,0.0,1.21,0.353,0.02,0.0,0.375,0,0,Normal,3.59,2.95,0.22,0.0,0,None
2026-04-27 05:45:00,23.93,1,0,0,233.38,3.86,0.855,0.281,0.95,0.2138,968.91,8913.95,260,891.4,0.0,1.21,0.348,0.02,0.0,0.487,0,0,Normal,3.48,2.84,0.24,0.0,0,None
2026-04-27 06:00:00,24.7,1,0,0,233.86,11.05,2.315,1.147,0.896,0.5788,969.49,8919.28,260,891.93,0.0,1.21,0.355,0.02,1.584,0.356,0,0,Normal,2.09,2.76,0.27,0.0,0,None
2026-04-27 06:15:00,25.29,1,0,0,235.29,11.43,2.523,0.931,0.938,0.6307,970.12,8925.08,260,892.51,0.0,1.21,0.345,0.12,1.782,0.276,0,0,Normal,2.17,2.28,0.27,0.0,0,None
2026-04-27 06:30:00,25.36,1,0,0,232.44,8.88,1.948,0.684,0.943,0.487,970.6,8929.56,260,892.96,0.0,1.21,0.356,0.121,1.207,0.264,0,0,Normal,4.41,2.04,0.22,0.0,0,None
2026-04-27 06:45:00,24.62,1,0,0,233.92,12.12,2.573,1.189,0.908,0.6432,971.25,8935.48,260,893.55,0.0,1.21,0.342,0.02,1.728,0.483,0,0,Normal,3.17,1.8,0.93,0.0,0,None
2026-04-27 07:00:00,26.2,1,0,0,233.34,12.05,2.607,1.055,0.927,0.6518,971.9,8941.47,260,894.15,0.319,1.21,0.063,0.02,1.818,0.387,0,0,Normal,3.76,2.45,0.76,0.0,0,None
2026-04-27 07:15:00,25.33,1,0,0,231.56,8.67,1.832,0.819,0.913,0.458,972.36,8945.69,260,894.57,0.0,1.21,0.058,0.02,1.436,0.318,0,0,Normal,3.47,2.86,0.67,0.0,0,None
2026-04-27 07:30:00,25.9,1,0,0,234.63,8.25,1.82,0.66,0.94,0.455,972.81,8949.87,260,894.99,0.25,1.21,0.062,0.02,1.253,0.235,0,0,Normal,4.05,3.43,0.72,0.0,0,None
2026-04-27 07:45:00,26.08,1,0,0,233.94,10.21,2.146,1.047,0.899,0.5365,973.35,8954.81,260,895.48,0.233,1.21,0.055,0.122,1.369,0.367,0,0,Normal,3.75,1.55,0.96,0.0,0,None
2026-04-27 08:00:00,28.04,1,0,0,233.07,14.87,3.319,0.999,0.958,0.8298,974.18,8962.44,260,896.24,1.242,1.21,0.045,0.127,1.554,0.351,0,0,Normal,3.04,3.22,0.52,0.0,0,None
2026-04-27 08:15:00,27.53,1,0,0,232.52,15.01,3.284,1.182,0.941,0.821,975.0,8970.0,260,897.0,0.956,1.21,0.059,0.02,1.884,0.365,0,0,Normal,4.26,2.69,0.83,0.0,0,None
2026-04-27 08:30:00,27.74,1,0,0,233.41,15.3,3.169,1.648,0.887,0.7922,975.79,8977.28,260,897.73,1.197,1.21,0.048,0.02,1.646,0.258,0,0,Normal,2.21,2.95,0.88,0.0,0,None
2026-04-27 08:45:00,27.39,1,0,0,232.91,14.98,3.232,1.313,0.927,0.808,976.6,8984.72,260,898.47,0.885,1.21,0.032,0.02,1.979,0.316,0,0,Normal,2.49,1.82,0.7,0.0,0,None
2026-04-27 09:00:00,29.64,0,0,0,231.91,1.35,0.299,0.095,0.953,0.0748,976.67,8985.41,260,898.54,0.0,1.21,0.047,0.02,0.0,0.232,0,0,Normal,2.22,3.23,0.69,0.0,0,None
2026-04-27 09:15:00,29.77,0,0,0,232.54,1.37,0.303,0.1,0.95,0.0758,976.75,8986.1,260,898.61,0.0,1.21,0.061,0.125,0.0,0.117,0,0,Normal,4.11,2.52,0.46,0.0,0,None
2026-04-27 09:30:00,29.75,0,0,0,231.5,1.28,0.269,0.126,0.906,0.0672,976.82,8986.72,260,898.67,0.0,1.21,0.044,0.118,0.0,0.107,0,0,Normal,3.3,1.35,0.85,0.0,0,None
2026-04-27 09:45:00,29.56,0,0,0,232.09,0.86,0.178,0.089,0.894,0.0445,976.86,8987.13,260,898.71,0.0,1.211,0.037,0.02,0.0,0.121,0,0,Normal,4.48,2.81,0.61,0.0,0,None
2026-04-27 10:00:00,30.23,0,0,0,231.11,1.0,0.22,0.074,0.948,0.055,976.92,8987.64,260,898.76,0.0,1.211,0.061,0.02,0.0,0.139,0,0,Normal,2.57,1.6,0.71,0.0,0,None
2026-04-27 10:15:00,30.69,0,0,0,229.56,0.95,0.205,0.075,0.939,0.0512,976.97,8988.11,260,898.81,0.0,1.211,0.047,0.02,0.0,0.138,0,0,Normal,3.89,3.34,0.3,0.0,0,None
2026-04-27 10:30:00,30.8,0,0,0,232.67,0.73,0.151,0.076,0.892,0.0378,977.01,8988.46,260,898.85,0.0,1.211,0.044,0.02,0.0,0.087,0,0,Normal,4.4,3.99,0.25,0.0,0,None
2026-04-27 10:45:00,30.8,0,0,0,231.65,1.61,0.338,0.157,0.907,0.0845,977.09,8989.23,260,898.92,0.0,1.211,0.041,0.123,0.0,0.174,0,0,Normal,3.74,2.6,0.71,0.0,0,None
2026-04-27 11:00:00,32.28,0,0,0,229.65,1.74,0.369,0.155,0.922,0.0922,977.18,8990.08,260,899.01,0.0,1.211,0.064,0.125,0.0,0.18,0,0,Normal,3.03,2.29,0.72,0.0,0,None
2026-04-27 11:15:00,32.96,0,0,0,231.77,0.91,0.199,0.073,0.938,0.0498,977.23,8990.54,260,899.05,0.0,1.211,0.046,0.02,0.0,0.133,0,0,Normal,4.35,2.38,0.42,0.0,0,None
2026-04-27 11:30:00,32.65,0,0,0,231.51,0.99,0.211,0.091,0.918,0.0528,977.29,8991.02,260,899.1,0.0,1.211,0.07,0.02,0.0,0.121,0,0,Normal,3.0,3.89,0.66,0.0,0,None
2026-04-27 11:45:00,31.75,0,0,0,230.22,1.14,0.231,0.124,0.881,0.0578,977.34,8991.56,260,899.16,0.0,1.211,0.041,0.02,0.0,0.17,0,0,Normal,3.02,2.65,0.32,0.0,0,None
2026-04-27 12:00:00,33.54,0,0,0,230.18,1.18,0.251,0.102,0.926,0.0628,977.41,8992.13,260,899.21,0.0,1.211,0.073,0.02,0.0,0.158,0,0,Normal,3.89,2.56,0.29,0.0,0,None
2026-04-27 12:15:00,33.52,0,0,0,228.47,1.33,0.269,0.142,0.884,0.0672,977.47,8992.75,260,899.28,0.0,1.211,0.051,0.123,0.0,0.095,0,0,Normal,4.43,2.94,0.56,0.0,0,None
2026-04-27 12:30:00,32.79,0,0,0,227.87,1.45,0.306,0.123,0.928,0.0765,977.55,8993.46,260,899.35,0.0,1.211,0.05,0.122,0.0,0.134,0,0,Normal,4.27,2.5,0.56,0.0,0,None
2026-04-27 12:45:00,33.62,0,0,0,229.16,1.44,0.305,0.127,0.923,0.0762,977.63,8994.16,260,899.42,0.0,1.211,0.057,0.02,0.0,0.228,0,0,Normal,3.07,1.95,0.74,0.0,0,None
2026-04-27 13:00:00,33.72,0,0,0,231.73,1.25,0.276,0.087,0.954,0.069,977.69,8994.79,260,899.48,0.0,1.211,0.066,0.02,0.0,0.19,0,0,Normal,4.12,1.09,0.99,0.0,0,None
2026-04-27 13:15:00,33.09,0,0,0,230.33,0.77,0.167,0.061,0.939,0.0417,977.74,8995.18,260,899.52,0.0,1.211,0.041,0.02,0.0,0.106,0,0,Normal,2.1,1.25,0.87,0.0,0,None
2026-04-27 13:30:00,34.02,0,0,0,227.13,0.96,0.203,0.078,0.933,0.0507,977.79,8995.64,260,899.56,0.0,1.211,0.036,0.02,0.0,0.147,0,0,Normal,3.11,1.87,0.65,0.0,0,None
2026-04-27 13:45:00,33.9,0,0,0,227.64,1.6,0.333,0.149,0.913,0.0832,977.87,8996.41,260,899.64,0.0,1.211,0.055,0.122,0.0,0.156,0,0,Normal,2.57,3.89,0.92,0.0,0,None
2026-04-27 14:00:00,33.89,0,0,0,228.58,1.8,0.381,0.157,0.925,0.0952,977.97,8997.28,260,899.73,0.0,1.211,0.049,0.123,0.0,0.209,0,0,Normal,4.42,3.0,0.74,0.0,0,None
2026-04-27 14:15:00,33.98,0,0,0,227.13,0.92,0.184,0.097,0.884,0.046,978.01,8997.71,260,899.77,0.0,1.211,0.058,0.02,0.0,0.106,0,0,Normal,2.24,2.56,0.92,0.0,0,None
2026-04-27 14:30:00,33.64,0,0,0,226.84,0.84,0.168,0.089,0.883,0.042,978.05,8998.09,260,899.81,0.0,1.211,0.044,0.02,0.0,0.104,0,0,Normal,2.22,3.05,0.51,0.0,0,None
2026-04-27 14:45:00,34.31,0,0,0,225.42,0.79,0.161,0.076,0.904,0.0402,978.09,8998.46,260,899.85,0.0,1.211,0.055,0.02,0.0,0.086,0,0,Normal,3.88,2.85,0.37,0.0,0,None
2026-04-27 15:00:00,33.77,0,0,0,226.0,1.11,0.239,0.074,0.955,0.0598,978.15,8999.01,260,899.9,0.0,1.211,0.03,0.02,0.0,0.189,0,0,Normal,3.2,1.16,0.53,0.0,0,None
2026-04-27 15:15:00,33.88,0,0,0,226.26,1.54,0.334,0.1,0.958,0.0835,978.24,8999.78,260,899.98,0.0,1.211,0.049,0.127,0.0,0.158,0,0,Normal,4.42,3.7,0.76,0.0,0,None
2026-04-27 15:30:00,33.97,0,0,0,225.05,1.64,0.353,0.104,0.959,0.0882,978.33,9000.59,260,900.06,0.0,1.211,0.044,0.128,0.0,0.181,0,0,Normal,3.59,1.76,0.84,0.0,0,None
2026-04-27 15:45:00,33.22,0,0,0,226.57,1.31,0.282,0.095,0.948,0.0705,978.4,9001.24,260,900.12,0.0,1.211,0.071,0.02,0.0,0.191,0,0,Normal,2.86,2.44,0.76,0.0,0,None
2026-04-27 16:00:00,32.75,0,0,0,226.48,0.8,0.162,0.079,0.899,0.0405,978.44,9001.62,260,900.16,0.0,1.211,0.054,0.02,0.0,0.088,0,0,Normal,2.74,2.37,0.51,0.0,0,None
2026-04-27 16:15:00,32.09,0,0,0,228.17,0.84,0.181,0.061,0.947,0.0452,978.48,9002.03,260,900.2,0.0,1.212,0.055,0.02,0.0,0.106,0,0,Normal,2.5,1.71,0.52,0.0,0,None
2026-04-27 16:30:00,33.48,0,0,0,227.18,1.1,0.238,0.077,0.951,0.0595,978.54,9002.58,260,900.26,0.0,1.212,0.053,0.02,0.0,0.165,0,0,Normal,3.24,2.6,0.36,0.0,0,None
2026-04-27 16:45:00,32.59,0,0,0,227.17,1.29,0.275,0.099,0.941,0.0688,978.61,9003.21,260,900.32,0.0,1.212,0.055,0.122,0.0,0.098,0,0,Normal,2.61,1.66,0.7,0.0,0,None
2026-04-27 17:00:00,32.31,0,0,0,227.83,1.22,0.246,0.13,0.885,0.0615,978.67,9003.78,260,900.38,0.0,1.212,0.056,0.107,0.0,0.083,0,0,Normal,3.01,1.61,0.7,0.0,0,None
2026-04-27 17:15:00,32.43,0,0,0,224.51,1.2,0.256,0.082,0.952,0.064,978.74,9004.37,260,900.44,0.0,1.212,0.056,0.02,0.0,0.18,0,0,Normal,3.85,1.17,0.48,0.0,0,None
2026-04-27 17:30:00,32.54,0,0,0,227.87,0.94,0.19,0.097,0.891,0.0475,978.78,9004.8,260,900.48,0.0,1.212,0.037,0.02,0.0,0.133,0,0,Normal,3.26,3.02,0.8,0.0,0,None
2026-04-27 17:45:00,31.64,0,0,0,227.07,0.95,0.197,0.088,0.913,0.0492,978.83,9005.26,260,900.53,0.0,1.212,0.044,0.02,0.0,0.133,0,0,Normal,3.53,3.46,0.22,0.0,0,None
2026-04-27 18:00:00,30.97,1,0,1,226.17,16.08,3.397,1.301,0.934,0.8492,979.68,9013.07,260,901.31,2.715,1.212,0.342,0.02,0.0,0.32,0,0,Normal,2.5,1.1,0.68,0.0,0,None
2026-04-27 18:15:00,31.84,1,0,1,227.11,18.1,3.877,1.37,0.943,0.9692,980.65,9021.99,260,902.2,3.003,1.212,0.356,0.131,0.0,0.387,0,0,Normal,2.12,1.45,0.64,0.0,0,None
2026-04-27 18:30:00,31.86,1,0,1,227.97,18.68,3.931,1.636,0.923,0.9828,981.63,9031.03,260,903.1,3.105,1.212,0.372,0.12,0.0,0.334,0,0,Normal,3.61,1.41,0.69,0.0,0,None
2026-04-27 18:45:00,31.49,1,0,1,223.62,17.84,3.529,1.86,0.885,0.8822,982.52,9039.14,260,903.91,2.8,1.212,0.354,0.02,0.0,0.355,0,0,Normal,3.85,2.0,0.62,0.0,0,None
2026-04-27 19:00:00,29.72,1,0,1,225.35,20.87,4.334,1.828,0.921,1.0835,983.6,9049.11,260,904.91,2.144,1.212,0.336,0.02,1.485,0.349,0,0,Normal,3.33,1.58,0.36,0.0,0,None
2026-04-27 19:15:00,29.05,1,0,1,226.07,18.04,3.641,1.839,0.893,0.9102,984.51,9057.49,260,905.75,1.637,1.212,0.341,0.02,1.2,0.443,0,0,Normal,3.32,2.14,0.41,0.0,0,None
2026-04-27 19:30:00,29.91,1,0,1,229.09,18.68,4.037,1.42,0.943,1.0092,985.52,9066.77,260,906.68,2.054,1.212,0.36,0.02,1.21,0.393,0,0,Normal,3.8,2.63,0.64,0.0,0,None
2026-04-27 19:45:00,29.47,1,0,1,226.44,21.8,4.36,2.316,0.883,1.09,986.61,9076.8,260,907.68,1.911,1.212,0.356,0.127,1.732,0.234,0,0,Normal,3.72,3.15,0.91,0.0,0,None
2026-04-27 20:00:00,28.28,1,0,1,227.46,20.0,4.329,1.395,0.952,1.0823,987.69,9086.76,260,908.68,1.381,1.212,0.338,0.122,1.99,0.498,0,0,Normal,2.35,3.07,0.24,0.0,0,None
2026-04-27 20:15:00,27.68,1,0,1,224.84,17.09,3.418,1.754,0.89,0.8545,988.55,9094.62,260,909.46,1.006,1.212,0.363,0.02,1.679,0.35,0,0,Normal,2.79,2.61,0.92,0.0,0,None
2026-04-27 20:30:00,27.91,1,0,1,228.17,17.24,3.707,1.315,0.942,0.9268,989.47,9103.14,260,910.31,1.226,1.212,0.344,0.02,1.735,0.382,0,0,Normal,3.72,1.93,0.24,0.0,0,None
2026-04-27 20:45:00,28.08,1,0,1,225.83,18.68,3.836,1.756,0.909,0.959,990.43,9111.97,260,911.2,1.327,1.212,0.347,0.02,1.844,0.298,0,0,Normal,3.77,2.93,0.51,0.0,0,None
2026-04-27 21:00:00,26.57,1,0,1,228.25,11.76,2.564,0.797,0.955,0.641,991.07,9117.86,260,911.79,0.399,1.212,0.346,0.02,1.496,0.303,0,0,Normal,2.95,3.94,0.21,0.0,0,None
2026-04-27 21:15:00,26.69,1,0,1,227.94,15.61,3.227,1.497,0.907,0.8068,991.88,9125.29,260,912.53,0.657,1.212,0.329,0.123,1.818,0.3,0,0,Normal,4.41,3.91,0.63,0.0,0,None
2026-04-27 21:30:00,26.16,1,0,1,228.84,14.6,3.149,1.118,0.942,0.7872,992.67,9132.53,260,913.25,0.28,1.212,0.364,0.125,1.924,0.456,0,0,Normal,2.55,1.22,0.89,0.0,0,None
2026-04-27 21:45:00,25.78,1,0,1,228.13,10.64,2.251,0.908,0.927,0.5628,993.23,9137.71,260,913.77,0.226,1.212,0.346,0.02,1.316,0.343,0,0,Normal,3.04,2.31,0.25,0.0,0,None
2026-04-27 22:00:00,25.81,1,0,1,228.59,4.46,0.924,0.429,0.907,0.231,993.46,9139.83,260,913.98,0.23,1.212,0.354,0.02,0.0,0.32,0,0,Normal,4.24,1.56,0.43,0.0,0,None
2026-04-27 22:15:00,26.24,1,0,1,226.69,5.61,1.183,0.466,0.93,0.2958,993.76,9142.55,260,914.26,0.307,1.212,0.336,0.02,0.0,0.52,0,0,Normal,2.65,3.93,0.58,0.0,0,None
2026-04-27 22:30:00,25.22,1,0,1,227.52,3.33,0.672,0.348,0.888,0.168,993.92,9144.1,260,914.41,0.0,1.212,0.36,0.02,0.0,0.292,0,0,Normal,2.42,3.22,0.87,0.0,0,None
2026-04-27 22:45:00,24.34,1,0,1,228.78,4.61,0.931,0.496,0.882,0.2328,994.16,9146.24,260,914.62,0.0,1.213,0.375,0.121,0.0,0.435,0,0,Normal,4.43,1.64,0.53,0.0,0,None
2026-04-27 23:00:00,23.37,1,0,1,229.6,3.62,0.79,0.255,0.952,0.1975,994.35,9148.06,260,914.81,0.0,1.213,0.327,0.124,0.0,0.339,0,0,Normal,2.54,2.77,0.84,0.0,0,None
2026-04-27 23:15:00,24.01,1,0,1,231.84,3.55,0.774,0.278,0.941,0.1935,994.55,9149.84,260,914.98,0.0,1.213,0.332,0.02,0.0,0.422,0,0,Normal,3.66,2.5,0.22,0.0,0,None
2026-04-27 23:30:00,24.43,1,0,1,227.66,3.07,0.658,0.232,0.943,0.1645,994.71,9151.35,260,915.14,0.0,1.213,0.35,0.02,0.0,0.288,0,0,Normal,2.65,1.95,0.86,0.0,0,None
2026-04-27 23:45:00,23.15,1,0,1,230.18,3.77,0.808,0.315,0.932,0.202,994.91,9153.21,260,915.32,0.0,1.213,0.34,0.02,0.0,0.448,0,0,Normal,3.03,1.26,0.83,0.0,0,None
2026-04-28 00:00:00,22.74,1,0,0,229.76,3.75,0.777,0.37,0.903,0.1942,995.11,9155.0,260,915.5,0.0,1.213,0.364,0.02,0.0,0.393,0,0,Normal,3.23,1.52,0.68,0.0,0,None
2026-04-28 00:15:00,22.9,1,0,0,229.9,3.98,0.874,0.274,0.954,0.2185,995.33,9157.01,260,915.7,0.0,1.213,0.333,0.125,0.0,0.416,0,0,Normal,2.31,1.06,0.7,0.0,0,None
2026-04-28 00:30:00,23.24,1,0,0,229.44,4.67,0.996,0.397,0.929,0.249,995.58,9159.3,260,915.93,0.0,1.213,0.363,0.119,0.0,0.514,0,0,Normal,3.08,3.73,0.53,0.0,0,None
2026-04-28 00:45:00,22.63,1,0,0,229.09,3.48,0.717,0.347,0.9,0.1793,995.76,9160.95,260,916.09,0.0,1.213,0.357,0.02,0.0,0.34,0,0,Normal,3.22,3.23,0.29,0.0,0,None
2026-04-28 01:00:00,21.42,1,0,0,232.54,3.45,0.74,0.309,0.923,0.185,995.94,9162.65,260,916.26,0.0,1.213,0.337,0.02,0.0,0.383,0,0,Normal,2.67,2.23,0.79,0.0,0,None
2026-04-28 01:15:00,22.52,1,0,0,230.46,3.62,0.757,0.349,0.908,0.1892,996.13,9164.39,260,916.44,0.0,1.213,0.345,0.02,0.0,0.392,0,0,Normal,4.24,3.91,0.22,0.0,0,None
2026-04-28 01:30:00,22.77,1,0,0,231.52,3.76,0.769,0.408,0.883,0.1922,996.32,9166.16,260,916.62,0.0,1.213,0.35,0.02,0.0,0.399,0,0,Normal,3.17,3.4,0.94,0.0,0,None
2026-04-28 01:45:00,22.16,1,0,0,230.79,4.25,0.908,0.372,0.925,0.227,996.55,9168.25,260,916.82,0.0,1.213,0.366,0.111,0.0,0.431,0,0,Normal,4.08,2.93,0.91,0.0,0,None
2026-04-28 02:00:00,22.2,1,0,0,232.34,4.12,0.875,0.386,0.915,0.2188,996.77,9170.26,260,917.03,0.0,1.213,0.361,0.116,0.0,0.398,0,0,Normal,2.49,3.82,0.85,0.0,0,None
2026-04-28 02:15:00,21.76,1,0,0,233.79,3.13,0.653,0.33,0.893,0.1632,996.93,9171.76,260,917.18,0.0,1.213,0.349,0.02,0.0,0.284,0,0,Normal,3.61,2.54,0.97,0.0,0,None
2026-04-28 02:30:00,21.58,1,0,0,231.92,3.18,0.655,0.339,0.888,0.1638,997.09,9173.27,260,917.33,0.0,1.213,0.351,0.02,0.0,0.284,0,0,Normal,3.74,3.09,0.37,0.0,0,None
2026-04-28 02:45:00,22.51,1,0,0,234.58,3.06,0.671,0.253,0.936,0.1678,997.26,9174.81,260,917.48,0.0,1.213,0.346,0.02,0.0,0.305,0,0,Normal,2.55,3.11,0.26,0.0,0,None
2026-04-28 03:00:00,22.4,1,0,0,233.53,3.57,0.757,0.347,0.909,0.1892,997.45,9176.55,260,917.66,0.0,1.213,0.358,0.02,0.0,0.379,0,0,Normal,2.72,3.17,0.37,0.0,0,None
2026-04-28 03:15:00,22.45,1,0,0,232.73,4.63,1.002,0.395,0.93,0.2505,997.7,9178.86,260,917.89,0.0,1.213,0.37,0.128,0.0,0.504,0,0,Normal,3.43,2.46,0.74,0.0,0,None
2026-04-28 03:30:00,22.96,1,0,0,235.03,3.46,0.757,0.298,0.93,0.1892,997.89,9180.6,260,918.06,0.0,1.213,0.348,0.116,0.0,0.293,0,0,Normal,2.96,1.89,0.94,0.0,0,None
2026-04-28 03:45:00,21.68,1,0,0,233.4,3.64,0.77,0.361,0.905,0.1925,998.08,9182.37,260,918.24,0.0,1.213,0.34,0.02,0.0,0.41,0,0,Normal,2.39,1.67,0.76,0.0,0,None
2026-04-28 04:00:00,22.53,1,0,0,234.0,3.84,0.827,0.349,0.921,0.2068,998.29,9184.27,260,918.43,0.0,1.213,0.344,0.02,0.0,0.463,0,0,Normal,3.41,1.2,0.98,0.0,0,None
2026-04-28 04:15:00,22.88,1,0,0,231.87,4.01,0.82,0.44,0.881,0.205,998.5,9186.16,260,918.62,0.0,1.213,0.353,0.02,0.0,0.447,0,0,Normal,2.39,2.33,0.69,0.0,0,None
2026-04-28 04:30:00,22.52,1,0,0,234.12,3.49,0.729,0.367,0.893,0.1823,998.68,9187.83,260,918.78,0.0,1.213,0.34,0.02,0.0,0.369,0,0,Normal,3.28,3.6,0.85,0.0,0,None
2026-04-28 04:45:00,23.2,1,0,0,234.95,3.29,0.723,0.275,0.935,0.1808,998.86,9189.5,260,918.95,0.0,1.213,0.344,0.108,0.0,0.271,0,0,Normal,3.05,3.56,0.97,0.0,0,None
2026-04-28 05:00:00,23.66,1,0,0,232.98,4.28,0.88,0.467,0.883,0.22,999.08,9191.52,260,919.15,0.0,1.213,0.375,0.12,0.0,0.385,0,0,Normal,2.71,1.76,0.84,0.0,0,None
2026-04-28 05:15:00,23.26,1,0,0,235.11,3.36,0.742,0.272,0.939,0.1855,999.26,9193.23,260,919.32,0.0,1.214,0.339,0.02,0.0,0.383,0,0,Normal,3.61,1.01,0.7,0.0,0,None
2026-04-28 05:30:00,23.79,1,0,0,233.71,3.85,0.812,0.385,0.904,0.203,999.47,9195.09,260,919.51,0.0,1.214,0.364,0.02,0.0,0.428,0,0,Normal,4.47,3.32,0.71,0.0,0,None
2026-04-28 05:45:00,23.84,1,0,0,230.71,3.04,0.631,0.308,0.898,0.1578,999.62,9196.55,260,919.65,0.0,1.214,0.349,0.02,0.0,0.262,0,0,Normal,3.58,1.54,0.36,0.0,0,None
2026-04-28 06:00:00,25.47,1,0,0,231.49,12.15,2.517,1.253,0.895,0.6293,1000.25,9202.33,260,920.23,0.0,1.214,0.352,0.02,1.727,0.418,0,0,Normal,3.44,3.8,0.41,0.0,0,None
2026-04-28 06:15:00,25.2,1,0,0,232.41,13.67,2.849,1.405,0.897,0.7122,1000.97,9208.89,260,920.89,0.0,1.214,0.355,0.123,1.968,0.403,0,0,Normal,3.37,2.28,0.64,0.0,0,None
2026-04-28 06:30:00,25.23,1,0,0,234.17,11.34,2.535,0.795,0.954,0.6337,1001.6,9214.72,260,921.47,0.0,1.214,0.356,0.108,1.732,0.339,0,0,Normal,3.56,1.81,0.55,0.0,0,None
2026-04-28 06:45:00,25.16,1,0,0,233.96,9.95,2.075,1.054,0.892,0.5187,1002.12,9219.49,260,921.95,0.0,1.214,0.349,0.02,1.253,0.453,0,0,Normal,3.4,2.63,0.34,0.0,0,None
2026-04-28 07:00:00,26.35,1,0,0,234.35,13.07,2.752,1.344,0.899,0.688,1002.81,9225.82,260,922.58,0.527,1.214,0.047,0.02,1.773,0.385,0,0,Normal,3.35,2.76,0.6,0.0,0,None
2026-04-28 07:15:00,26.09,1,0,0,233.8,11.61,2.537,0.967,0.934,0.6342,1003.44,9231.65,260,923.17,0.27,1.214,0.053,0.02,1.814,0.38,0,0,Normal,2.25,2.0,0.56,0.0,0,None
2026-04-28 07:30:00,26.59,1,0,0,234.94,12.61,2.826,0.89,0.954,0.7065,1004.15,9238.15,260,923.82,0.501,1.214,0.051,0.02,1.813,0.441,0,0,Normal,3.68,3.08,0.67,0.0,0,None
2026-04-28 07:45:00,26.28,1,0,0,233.64,9.53,2.045,0.879,0.919,0.5112,1004.66,9242.86,260,924.29,0.303,1.214,0.041,0.118,1.309,0.274,0,0,Normal,3.25,3.17,0.38,0.0,0,None
2026-04-28 08:00:00,28.84,1,0,0,233.22,15.81,3.308,1.627,0.897,0.827,1005.49,9250.47,260,925.05,1.563,1.214,0.056,0.118,1.209,0.362,0,0,Normal,2.38,3.43,0.69,0.0,0,None
2026-04-28 08:15:00,28.67,1,0,0,234.61,18.32,3.792,2.025,0.882,0.948,1006.43,9259.19,260,925.92,1.532,1.214,0.046,0.02,1.703,0.491,0,0,Normal,4.22,1.61,0.74,0.0,0,None
2026-04-28 08:30:00,28.32,1,0,0,235.38,15.35,3.452,1.063,0.956,0.863,1007.3,9267.13,260,926.71,1.347,1.214,0.044,0.02,1.582,0.459,0,0,Normal,3.08,1.86,0.58,0.0,0,None
2026-04-28 08:45:00,28.19,1,0,0,232.27,15.59,3.38,1.296,0.934,0.845,1008.14,9274.9,260,927.49,1.231,1.214,0.039,0.02,1.624,0.466,0,0,Normal,4.5,4.0,0.43,0.0,0,None
2026-04-28 09:00:00,29.51,0,0,0,231.78,0.86,0.183,0.08,0.916,0.0458,1008.19,9275.32,260,927.53,0.0,1.214,0.03,0.02,0.0,0.133,0,0,Normal,2.23,1.4,0.76,0.0,0,None
2026-04-28 09:15:00,28.92,0,0,0,233.63,1.38,0.285,0.152,0.882,0.0712,1008.26,9275.98,260,927.6,0.0,1.214,0.022,0.122,0.0,0.141,0,0,Normal,3.23,1.46,0.34,0.0,0,None
2026-04-28 09:30:00,29.44,0,0,0,234.0,1.15,0.25,0.1,0.928,0.0625,1008.32,9276.55,260,927.66,0.0,1.214,0.032,0.116,0.0,0.102,0,0,Normal,2.33,1.12,0.75,0.0,0,None
2026-04-28 09:45:00,29.6,0,0,0,231.66,1.31,0.285,0.105,0.938,0.0712,1008.39,9277.21,260,927.72,0.0,1.214,0.053,0.02,0.0,0.212,0,0,Normal,3.75,3.13,0.93,0.0,0,None
2026-04-28 10:00:00,31.11,0,0,0,235.38,1.15,0.255,0.094,0.939,0.0638,1008.46,9277.8,260,927.78,0.0,1.214,0.053,0.02,0.0,0.182,0,0,Normal,2.61,2.78,0.95,0.0,0,None
2026-04-28 10:15:00,31.23,0,0,0,230.54,0.95,0.208,0.066,0.954,0.052,1008.51,9278.27,260,927.83,0.0,1.214,0.058,0.02,0.0,0.13,0,0,Normal,2.63,1.73,0.76,0.0,0,None
2026-04-28 10:30:00,31.46,0,0,0,230.95,0.79,0.169,0.068,0.928,0.0422,1008.55,9278.66,260,927.87,0.0,1.214,0.035,0.02,0.0,0.114,0,0,Normal,4.49,3.64,0.42,0.0,0,None
2026-04-28 10:45:00,30.65,0,0,0,233.58,1.53,0.316,0.168,0.882,0.079,1008.63,9279.39,260,927.94,0.0,1.214,0.053,0.124,0.0,0.139,0,0,Normal,3.8,2.03,0.38,0.0,0,None
2026-04-28 11:00:00,31.9,0,0,0,231.12,1.58,0.344,0.124,0.941,0.086,1008.72,9280.18,260,928.02,0.0,1.214,0.056,0.118,0.0,0.17,0,0,Normal,2.66,1.63,0.44,0.0,0,None
2026-04-28 11:15:00,32.97,0,0,0,230.38,0.97,0.198,0.106,0.882,0.0495,1008.76,9280.64,260,928.06,0.0,1.214,0.036,0.02,0.0,0.142,0,0,Normal,2.43,1.9,0.88,0.0,0,None
2026-04-28 11:30:00,32.63,0,0,0,232.72,1.27,0.267,0.124,0.907,0.0668,1008.83,9281.25,260,928.12,0.0,1.214,0.045,0.02,0.0,0.202,0,0,Normal,2.7,3.84,0.42,0.0,0,None
2026-04-28 11:45:00,32.05,0,0,0,231.19,1.15,0.235,0.123,0.886,0.0588,1008.89,9281.79,260,928.18,0.0,1.214,0.059,0.02,0.0,0.156,0,0,Normal,2.09,1.94,0.83,0.0,0,None
2026-04-28 12:00:00,33.14,0,0,0,228.17,0.81,0.163,0.085,0.887,0.0407,1008.93,9282.17,260,928.22,0.0,1.215,0.037,0.02,0.0,0.106,0,0,Normal,3.15,1.03,0.8,0.0,0,None
2026-04-28 12:15:00,33.14,0,0,0,232.24,1.76,0.387,0.13,0.948,0.0968,1009.03,9283.06,260,928.31,0.0,1.215,0.046,0.125,0.0,0.216,0,0,Normal,2.45,1.7,0.24,0.0,0,None
2026-04-28 12:30:00,33.21,0,0,0,229.45,1.72,0.367,0.148,0.928,0.0918,1009.12,9283.9,260,928.39,0.0,1.215,0.036,0.112,0.0,0.219,0,0,Normal,2.91,3.28,0.64,0.0,0,None
2026-04-28 12:45:00,33.43,0,0,0,229.82,0.77,0.167,0.06,0.941,0.0418,1009.16,9284.28,260,928.43,0.0,1.215,0.035,0.02,0.0,0.112,0,0,Normal,2.69,3.02,0.36,0.0,0,None
2026-04-28 13:00:00,35.06,0,0,0,231.04,1.06,0.226,0.096,0.92,0.0565,1009.22,9284.8,260,928.48,0.0,1.215,0.044,0.02,0.0,0.162,0,0,Normal,3.42,2.02,0.35,0.0,0,None
2026-04-28 13:15:00,33.89,0,0,0,226.82,0.62,0.128,0.06,0.905,0.032,1009.25,9285.1,260,928.51,0.0,1.215,0.024,0.02,0.0,0.084,0,0,Normal,3.95,1.57,0.97,0.0,0,None
2026-04-28 13:30:00,34.13,0,0,0,226.54,1.46,0.307,0.125,0.926,0.0768,1009.33,9285.8,260,928.58,0.0,1.215,0.041,0.02,0.0,0.246,0,0,Normal,3.17,1.81,0.78,0.0,0,None
2026-04-28 13:45:00,32.95,0,0,0,228.3,1.27,0.27,0.107,0.93,0.0675,1009.39,9286.42,260,928.64,0.0,1.215,0.039,0.122,0.0,0.109,0,0,Normal,2.49,1.87,0.66,0.0,0,None
2026-04-28 14:00:00,33.76,0,0,0,228.16,1.5,0.312,0.139,0.913,0.078,1009.47,9287.14,260,928.71,0.0,1.215,0.058,0.122,0.0,0.132,0,0,Normal,2.95,1.5,0.38,0.0,0,None
2026-04-28 14:15:00,34.61,0,0,0,228.34,0.85,0.177,0.08,0.911,0.0442,1009.52,9287.55,260,928.75,0.0,1.215,0.052,0.02,0.0,0.105,0,0,Normal,3.36,1.98,0.55,0.0,0,None
2026-04-28 14:30:00,34.2,0,0,0,227.94,0.58,0.122,0.05,0.924,0.0305,1009.55,9287.83,260,928.78,0.0,1.215,0.021,0.02,0.0,0.081,0,0,Normal,2.94,2.99,0.62,0.0,0,None
2026-04-28 14:45:00,31.81,0,0,0,228.24,0.88,0.18,0.09,0.895,0.045,1009.59,9288.24,260,928.82,0.0,1.215,0.057,0.02,0.0,0.103,0,0,Normal,2.77,1.35,0.78,0.0,0,None
2026-04-28 15:00:00,34.13,0,0,0,225.42,0.78,0.162,0.07,0.917,0.0405,1009.63,9288.62,260,928.86,0.0,1.215,0.059,0.02,0.0,0.083,0,0,Normal,2.6,3.42,0.43,0.0,0,None
2026-04-28 15:15:00,34.75,0,0,0,228.05,1.21,0.258,0.096,0.937,0.0645,1009.7,9289.21,260,928.92,0.0,1.215,0.033,0.115,0.0,0.11,0,0,Normal,3.14,3.53,0.92,0.0,0,None
2026-04-28 15:30:00,32.8,0,0,0,225.56,1.44,0.301,0.12,0.928,0.0753,1009.77,9289.9,260,928.99,0.0,1.215,0.053,0.117,0.0,0.131,0,0,Normal,3.16,2.13,0.85,0.0,0,None
2026-04-28 15:45:00,34.56,0,0,0,227.94,1.3,0.278,0.104,0.936,0.0695,1009.84,9290.54,260,929.05,0.0,1.215,0.035,0.02,0.0,0.223,0,0,Normal,3.51,1.55,0.5,0.0,0,None
2026-04-28 16:00:00,31.81,0,0,0,226.29,1.1,0.233,0.088,0.935,0.0582,1009.9,9291.08,260,929.11,0.0,1.215,0.062,0.02,0.0,0.151,0,0,Normal,4.41,3.86,0.51,0.0,0,None
2026-04-28 16:15:00,33.67,0,0,0,227.24,0.76,0.161,0.062,0.934,0.0402,1009.94,9291.45,260,929.14,0.0,1.215,0.053,0.02,0.0,0.088,0,0,Normal,3.5,1.01,0.2,0.0,0,None
2026-04-28 16:30:00,33.19,0,0,0,226.33,1.39,0.299,0.095,0.953,0.0748,1010.01,9292.14,260,929.21,0.0,1.215,0.049,0.02,0.0,0.23,0,0,Normal,2.84,2.62,0.82,0.0,0,None
2026-04-28 16:45:00,32.02,0,0,0,226.15,1.32,0.269,0.128,0.903,0.0672,1010.08,9292.75,260,929.28,0.0,1.215,0.047,0.116,0.0,0.106,0,0,Normal,2.44,3.61,0.86,0.0,0,None
2026-04-28 17:00:00,32.47,0,0,0,224.68,1.43,0.288,0.145,0.893,0.072,1010.15,9293.42,260,929.34,0.0,1.215,0.037,0.126,0.0,0.125,0,0,Normal,3.45,3.74,0.96,0.0,0,None
2026-04-28 17:15:00,32.82,0,0,0,225.09,0.85,0.184,0.056,0.957,0.046,1010.2,9293.84,260,929.38,0.0,1.215,0.04,0.02,0.0,0.124,0,0,Normal,3.54,3.07,0.31,0.0,0,None
2026-04-28 17:30:00,32.42,0,0,0,224.75,0.92,0.191,0.076,0.929,0.0478,1010.25,9294.28,260,929.43,0.0,1.215,0.05,0.02,0.0,0.121,0,0,Normal,4.11,1.94,0.53,0.0,0,None
2026-04-28 17:45:00,32.54,0,0,0,224.64,1.25,0.263,0.095,0.94,0.0658,1010.31,9294.88,260,929.49,0.0,1.215,0.031,0.02,0.0,0.212,0,0,Normal,2.01,2.1,0.51,0.0,0,None
2026-04-28 18:00:00,30.79,1,0,1,226.91,14.65,3.168,1.003,0.953,0.792,1011.11,9302.17,260,930.22,2.523,1.215,0.342,0.02,0.0,0.283,0,0,Normal,3.7,2.44,0.87,0.0,0,None
2026-04-28 18:15:00,30.07,1,0,1,225.32,16.09,3.219,1.667,0.888,0.8048,1011.91,9309.57,260,930.96,2.308,1.215,0.354,0.114,0.0,0.443,0,0,Normal,4.29,2.35,0.67,0.0,0,None
2026-04-28 18:30:00,31.35,1,0,1,227.97,18.2,3.67,1.934,0.885,0.9175,1012.83,9318.02,260,931.8,2.832,1.216,0.344,0.123,0.0,0.371,0,0,Normal,4.45,3.5,0.84,0.0,0,None
2026-04-28 18:45:00,31.87,1,0,1,224.56,18.6,3.879,1.551,0.929,0.9698,1013.8,9326.94,260,932.69,3.048,1.216,0.341,0.02,0.0,0.47,0,0,Normal,2.07,2.08,0.46,0.0,0,None
2026-04-28 19:00:00,30.12,1,0,1,225.69,21.7,4.68,1.446,0.955,1.17,1014.97,9337.7,260,933.77,2.273,1.216,0.342,0.02,1.819,0.226,0,0,Normal,2.21,1.88,0.47,0.0,0,None
2026-04-28 19:15:00,28.56,1,0,1,227.33,19.14,3.853,2.021,0.886,0.9632,1015.93,9346.56,260,934.66,1.388,1.216,0.353,0.02,1.68,0.412,0,0,Normal,3.91,3.59,0.56,0.0,0,None
2026-04-28 19:30:00,28.8,1,0,1,228.81,17.42,3.824,1.124,0.959,0.956,1016.89,9355.36,260,935.54,1.526,1.216,0.347,0.02,1.546,0.385,0,0,Normal,3.21,2.35,0.31,0.0,0,None
2026-04-28 19:45:00,29.13,1,0,1,226.76,18.54,3.946,1.451,0.939,0.9865,1017.87,9364.43,260,936.44,1.686,1.216,0.36,0.114,1.452,0.334,0,0,Normal,2.02,1.08,0.65,0.0,0,None
2026-04-28 20:00:00,27.2,1,0,1,225.92,15.96,3.228,1.606,0.895,0.807,1018.68,9371.86,260,937.19,0.768,1.216,0.361,0.133,1.578,0.388,0,0,Normal,3.83,3.54,0.94,0.0,0,None
2026-04-28 20:15:00,28.02,1,0,1,226.5,16.34,3.349,1.575,0.905,0.8372,1019.52,9379.56,260,937.96,1.246,1.216,0.338,0.02,1.416,0.329,0,0,Normal,2.05,3.46,0.29,0.0,0,None
2026-04-28 20:30:00,28.2,1,0,1,226.52,20.37,4.125,2.066,0.894,1.0313,1020.55,9389.05,260,938.9,1.3,1.216,0.344,0.02,1.997,0.464,0,0,Normal,3.39,3.11,0.69,0.0,0,None
2026-04-28 20:45:00,27.28,1,0,1,224.97,16.58,3.38,1.576,0.906,0.845,1021.39,9396.82,260,939.68,0.956,1.216,0.343,0.02,1.706,0.355,0,0,Normal,4.07,2.76,0.72,0.0,0,None
2026-04-28 21:00:00,26.84,1,0,1,227.87,15.73,3.175,1.665,0.886,0.7938,1022.19,9404.12,260,940.41,0.707,1.216,0.343,0.02,1.684,0.421,0,0,Normal,3.63,2.72,0.63,0.0,0,None
2026-04-28 21:15:00,26.75,1,0,1,228.49,13.76,2.841,1.345,0.904,0.7102,1022.9,9410.66,260,941.07,0.583,1.216,0.355,0.118,1.356,0.429,0,0,Normal,3.46,3.55,0.47,0.0,0,None
2026-04-28 21:30:00,26.17,1,0,1,226.53,14.06,2.987,1.105,0.938,0.7468,1023.64,9417.53,260,941.75,0.39,1.216,0.341,0.116,1.673,0.467,0,0,Normal,3.05,2.51,0.8,0.0,0,None
2026-04-28 21:45:00,26.36,1,0,1,226.71,14.46,3.132,0.965,0.956,0.783,1024.43,9424.73,260,942.47,0.561,1.216,0.329,0.02,1.948,0.274,0,0,Normal,4.34,1.72,0.39,0.0,0,None
2026-04-28 22:00:00,24.03,1,0,1,227.37,3.27,0.692,0.275,0.929,0.173,1024.6,9426.32,260,942.63,0.0,1.216,0.34,0.02,0.0,0.332,0,0,Normal,3.69,3.26,0.25,0.0,0,None
2026-04-28 22:15:00,24.83,1,0,1,229.53,3.83,0.801,0.362,0.911,0.2002,1024.8,9428.17,260,942.82,0.0,1.216,0.373,0.02,0.0,0.408,0,0,Normal,4.39,2.41,0.38,0.0,0,None
2026-04-28 22:30:00,25.0,1,0,1,228.67,4.17,0.847,0.44,0.887,0.2118,1025.01,9430.12,260,943.01,0.0,1.216,0.361,0.02,0.0,0.466,0,0,Normal,4.42,2.64,0.84,0.0,0,None
2026-04-28 22:45:00,25.08,1,0,1,229.3,3.79,0.821,0.283,0.945,0.2052,1025.22,9432.0,260,943.2,0.0,1.216,0.332,0.123,0.0,0.366,0,0,Normal,2.08,2.78,0.5,0.0,0,None
2026-04-28 23:00:00,23.95,1,0,1,227.72,4.32,0.921,0.346,0.936,0.2302,1025.45,9434.12,260,943.41,0.0,1.216,0.369,0.125,0.0,0.427,0,0,Normal,4.49,3.07,0.73,0.0,0,None
2026-04-28 23:15:00,23.88,1,0,1,230.24,4.24,0.863,0.456,0.884,0.2158,1025.66,9436.11,260,943.61,0.0,1.216,0.361,0.02,0.0,0.482,0,0,Normal,4.3,3.08,0.71,0.0,0,None
2026-04-28 23:30:00,23.63,1,0,1,228.01,3.27,0.7,0.26,0.938,0.175,1025.84,9437.72,260,943.77,0.0,1.216,0.342,0.02,0.0,0.338,0,0,Normal,4.3,1.97,0.2,0.0,0,None
2026-04-28 23:45:00,23.9,1,0,1,230.01,4.07,0.83,0.432,0.887,0.2075,1026.05,9439.63,260,943.96,0.0,1.216,0.347,0.02,0.0,0.463,0,0,Normal,4.42,1.31,0.7,0.0,0,None
2026-04-29 00:00:00,23.3,1,0,0,228.84,3.79,0.829,0.259,0.955,0.2072,1026.25,9441.53,260,944.15,0.0,1.216,0.37,0.02,0.0,0.439,0,0,Normal,3.47,3.0,0.51,0.0,0,None
2026-04-29 00:15:00,22.76,1,0,0,229.93,3.84,0.821,0.322,0.931,0.2052,1026.46,9443.42,260,944.34,0.0,1.216,0.348,0.119,0.0,0.354,0,0,Normal,3.56,3.51,0.88,0.0,0,None
2026-04-29 00:30:00,22.96,1,0,0,232.65,4.1,0.849,0.432,0.891,0.2122,1026.67,9445.37,260,944.54,0.0,1.216,0.352,0.12,0.0,0.377,0,0,Normal,4.09,3.27,0.23,0.0,0,None
2026-04-29 00:45:00,22.71,1,0,0,229.26,2.88,0.584,0.31,0.883,0.146,1026.82,9446.72,260,944.67,0.0,1.216,0.35,0.02,0.0,0.214,0,0,Normal,3.62,1.02,0.98,0.0,0,None
2026-04-29 01:00:00,21.88,1,0,0,229.97,3.46,0.702,0.375,0.882,0.1755,1026.99,9448.33,260,944.83,0.0,1.217,0.352,0.02,0.0,0.33,0,0,Normal,2.24,2.88,0.39,0.0,0,None
2026-04-29 01:15:00,22.47,1,0,0,233.4,3.23,0.707,0.26,0.939,0.1768,1027.17,9449.96,260,945.0,0.0,1.217,0.33,0.02,0.0,0.357,0,0,Normal,2.29,2.52,0.81,0.0,0,None
2026-04-29 01:30:00,21.93,1,0,0,233.15,3.45,0.759,0.264,0.944,0.1898,1027.36,9451.7,260,945.17,0.0,1.217,0.358,0.02,0.0,0.381,0,0,Normal,4.06,1.88,0.72,0.0,0,None
2026-04-29 01:45:00,22.4,1,0,0,231.39,3.73,0.812,0.295,0.94,0.203,1027.56,9453.57,260,945.36,0.0,1.217,0.355,0.128,0.0,0.329,0,0,Normal,3.69,2.76,0.86,0.0,0,None
2026-04-29 02:00:00,22.01,1,0,0,233.56,3.81,0.789,0.411,0.887,0.1972,1027.76,9455.39,260,945.54,0.0,1.217,0.337,0.126,0.0,0.326,0,0,Normal,4.35,1.89,0.74,0.0,0,None
2026-04-29 02:15:00,21.85,1,0,0,232.66,2.97,0.658,0.208,0.954,0.1645,1027.92,9456.9,260,945.69,0.0,1.217,0.354,0.02,0.0,0.284,0,0,Normal,3.55,3.62,0.58,0.0,0,None
2026-04-29 02:30:00,21.84,1,0,0,233.72,4.07,0.893,0.327,0.939,0.2232,1028.15,9458.95,260,945.9,0.0,1.217,0.368,0.02,0.0,0.505,0,0,Normal,2.71,2.0,0.34,0.0,0,None
2026-04-29 02:45:00,21.75,1,0,0,232.7,2.85,0.586,0.309,0.885,0.1465,1028.29,9460.3,260,946.03,0.0,1.217,0.34,0.02,0.0,0.226,0,0,Normal,2.15,2.32,0.24,0.0,0,None
2026-04-29 03:00:00,21.38,1,0,0,234.83,3.24,0.674,0.353,0.886,0.1685,1028.46,9461.85,260,946.19,0.0,1.217,0.348,0.02,0.0,0.306,0,0,Normal,2.4,1.87,1.0,0.0,0,None
2026-04-29 03:15:00,22.4,1,0,0,229.6,3.76,0.784,0.364,0.907,0.196,1028.66,9463.65,260,946.37,0.0,1.217,0.355,0.115,0.0,0.314,0,0,Normal,2.26,2.31,0.31,0.0,0,None
2026-04-29 03:30:00,22.32,1,0,0,232.61,3.58,0.778,0.297,0.934,0.1945,1028.85,9465.44,260,946.54,0.0,1.217,0.353,0.114,0.0,0.311,0,0,Normal,3.74,3.09,0.85,0.0,0,None
2026-04-29 03:45:00,22.63,1,0,0,232.55,2.66,0.547,0.287,0.886,0.1368,1028.99,9466.7,260,946.67,0.0,1.217,0.325,0.02,0.0,0.202,0,0,Normal,3.6,3.38,0.76,0.0,0,None
2026-04-29 04:00:00,22.54,1,0,0,232.43,3.74,0.8,0.34,0.92,0.2,1029.19,9468.54,260,946.85,0.0,1.217,0.359,0.02,0.0,0.421,0,0,Normal,3.89,1.77,0.45,0.0,0,None
2026-04-29 04:15:00,23.75,1,0,0,232.36,3.53,0.78,0.255,0.95,0.195,1029.38,9470.34,260,947.03,0.0,1.217,0.369,0.02,0.0,0.391,0,0,Normal,2.2,1.44,0.67,0.0,0,None
2026-04-29 04:30:00,22.61,1,0,0,236.22,2.67,0.59,0.221,0.937,0.1475,1029.53,9471.69,260,947.17,0.0,1.217,0.338,0.02,0.0,0.232,0,0,Normal,3.56,2.66,0.37,0.0,0,None
2026-04-29 04:45:00,22.37,1,0,0,232.52,3.75,0.816,0.304,0.937,0.204,1029.74,9473.57,260,947.36,0.0,1.217,0.356,0.121,0.0,0.339,0,0,Normal,2.24,1.72,0.67,0.0,0,None
2026-04-29 05:00:00,23.26,1,0,0,236.52,3.58,0.791,0.303,0.934,0.1977,1029.93,9475.39,260,947.54,0.0,1.217,0.361,0.111,0.0,0.319,0,0,Normal,2.19,3.38,0.45,0.0,0,None
2026-04-29 05:15:00,22.89,1,0,0,233.78,2.92,0.651,0.202,0.955,0.1628,1030.1,9476.89,260,947.69,0.0,1.217,0.359,0.02,0.0,0.272,0,0,Normal,2.34,3.55,0.87,0.0,0,None
2026-04-29 05:30:00,24.52,1,0,0,233.8,3.26,0.695,0.311,0.913,0.1738,1030.27,9478.48,260,947.85,0.0,1.217,0.344,0.02,0.0,0.331,0,0,Normal,2.81,3.41,0.65,0.0,0,None
2026-04-29 05:45:00,24.44,1,0,0,232.8,3.23,0.703,0.266,0.935,0.1758,1030.45,9480.1,260,948.01,0.0,1.217,0.342,0.02,0.0,0.341,0,0,Normal,3.32,1.94,0.25,0.0,0,None
2026-04-29 06:00:00,25.3,1,0,0,238.75,10.9,2.452,0.87,0.942,0.613,1031.06,9485.74,260,948.57,0.0,1.217,0.34,0.02,1.715,0.377,0,0,Normal,4.07,2.23,0.33,0.0,0,None
2026-04-29 06:15:00,24.55,1,0,0,232.91,13.31,2.824,1.277,0.911,0.706,1031.76,9492.24,260,949.22,0.0,1.217,0.354,0.124,1.862,0.484,0,0,Normal,2.41,1.94,0.57,0.0,0,None
2026-04-29 06:30:00,25.91,1,0,0,233.22,10.13,2.199,0.861,0.931,0.5498,1032.31,9497.29,260,949.73,0.19,1.217,0.36,0.129,1.28,0.24,0,0,Normal,2.98,2.69,0.4,0.0,0,None
2026-04-29 06:45:00,24.82,1,0,0,234.0,9.37,1.969,0.962,0.898,0.4922,1032.81,9501.82,260,950.18,0.0,1.217,0.351,0.02,1.267,0.331,0,0,Normal,2.37,1.35,0.47,0.0,0,None
2026-04-29 07:00:00,26.31,1,0,0,232.68,11.54,2.532,0.89,0.943,0.633,1033.44,9507.65,260,950.76,0.499,1.217,0.065,0.02,1.405,0.543,0,0,Normal,3.61,2.65,0.66,0.0,0,None
2026-04-29 07:15:00,27.17,1,0,0,234.42,13.46,2.914,1.212,0.923,0.7285,1034.17,9514.35,260,951.43,0.774,1.217,0.042,0.02,1.667,0.411,0,0,Normal,4.29,3.84,0.8,0.0,0,None
2026-04-29 07:30:00,26.78,1,0,0,233.36,13.44,2.772,1.466,0.884,0.693,1034.86,9520.72,260,952.07,0.678,1.218,0.063,0.02,1.521,0.49,0,0,Normal,3.84,1.22,0.43,0.0,0,None
2026-04-29 07:45:00,27.55,1,0,0,234.16,16.13,3.564,1.251,0.944,0.891,1035.75,9528.92,260,952.89,1.001,1.218,0.051,0.135,1.992,0.385,0,0,Normal,3.08,1.41,0.21,0.0,0,None
2026-04-29 08:00:00,28.12,1,0,0,235.27,14.16,3.149,1.085,0.945,0.7873,1036.54,9536.16,260,953.62,1.292,1.218,0.052,0.121,1.483,0.201,0,0,Normal,2.96,2.74,0.84,0.0,0,None
2026-04-29 08:15:00,27.8,1,0,0,230.56,15.66,3.225,1.623,0.893,0.8062,1037.35,9543.58,260,954.36,1.142,1.218,0.054,0.02,1.652,0.357,0,0,Normal,2.16,3.05,0.73,0.0,0,None
2026-04-29 08:30:00,27.69,1,0,0,234.15,15.15,3.144,1.645,0.886,0.786,1038.13,9550.81,260,955.08,1.034,1.218,0.045,0.02,1.686,0.359,0,0,Normal,2.2,3.43,0.78,0.0,0,None
2026-04-29 08:45:00,27.08,1,0,0,236.09,10.82,2.419,0.822,0.947,0.6048,1038.74,9556.38,260,955.64,0.824,1.218,0.041,0.02,1.281,0.253,0,0,Normal,2.45,2.47,0.68,0.0,0,None
2026-04-29 09:00:00,29.41,0,0,0,232.09,1.27,0.283,0.083,0.96,0.0708,1038.81,9557.03,260,955.7,0.0,1.218,0.046,0.02,0.0,0.217,0,0,Normal,3.22,3.56,0.43,0.0,0,None
2026-04-29 09:15:00,30.13,0,0,0,231.15,1.7,0.35,0.178,0.892,0.0875,1038.89,9557.83,260,955.78,0.0,1.218,0.072,0.122,0.0,0.156,0,0,Normal,4.26,2.84,0.52,0.0,0,None
2026-04-29 09:30:00,29.85,0,0,0,231.92,1.62,0.358,0.117,0.95,0.0895,1038.98,9558.66,260,955.87,0.0,1.218,0.06,0.124,0.0,0.174,0,0,Normal,2.98,3.64,1.0,0.0,0,None
2026-04-29 09:45:00,29.56,0,0,0,231.28,1.27,0.262,0.135,0.889,0.0655,1039.05,9559.26,260,955.93,0.0,1.218,0.05,0.02,0.0,0.192,0,0,Normal,2.62,1.82,0.67,0.0,0,None
2026-04-29 10:00:00,30.5,0,0,0,232.87,0.91,0.192,0.087,0.91,0.048,1039.1,9559.7,260,955.97,0.0,1.218,0.043,0.02,0.0,0.129,0,0,Normal,4.35,3.98,0.97,0.0,0,None
2026-04-29 10:15:00,31.11,0,0,0,232.59,0.79,0.17,0.069,0.927,0.0425,1039.14,9560.09,260,956.01,0.0,1.218,0.058,0.02,0.0,0.092,0,0,Normal,2.45,2.54,0.95,0.0,0,None
2026-04-29 10:30:00,31.51,0,0,0,232.02,1.22,0.262,0.109,0.923,0.0655,1039.21,9560.69,260,956.07,0.0,1.218,0.063,0.02,0.0,0.179,0,0,Normal,2.08,1.17,0.7,0.0,0,None
2026-04-29 10:45:00,31.22,0,0,0,230.8,1.73,0.356,0.179,0.893,0.089,1039.29,9561.51,260,956.15,0.0,1.218,0.03,0.112,0.0,0.214,0,0,Normal,3.66,3.67,0.63,0.0,0,None
2026-04-29 11:00:00,32.33,0,0,0,228.65,1.62,0.335,0.156,0.906,0.0837,1039.38,9562.28,260,956.23,0.0,1.218,0.051,0.127,0.0,0.157,0,0,Normal,3.17,3.8,0.71,0.0,0,None
2026-04-29 11:15:00,31.84,0,0,0,230.4,0.81,0.178,0.057,0.953,0.0445,1039.42,9562.69,260,956.27,0.0,1.218,0.041,0.02,0.0,0.117,0,0,Normal,2.26,1.04,0.56,0.0,0,None
2026-04-29 11:30:00,32.68,0,0,0,230.04,0.8,0.172,0.066,0.934,0.043,1039.47,9563.09,260,956.31,0.0,1.218,0.045,0.02,0.0,0.107,0,0,Normal,4.42,3.65,0.37,0.0,0,None
2026-04-29 11:45:00,30.68,0,0,0,230.49,1.57,0.332,0.147,0.915,0.083,1039.55,9563.85,260,956.39,0.0,1.218,0.062,0.02,0.0,0.25,0,0,Normal,3.14,1.13,1.0,0.0,0,None
2026-04-29 12:00:00,33.39,0,0,0,229.6,0.98,0.213,0.075,0.943,0.0532,1039.6,9564.34,260,956.43,0.0,1.218,0.059,0.02,0.0,0.134,0,0,Normal,2.97,2.29,0.28,0.0,0,None
2026-04-29 12:15:00,34.48,0,0,0,230.71,1.39,0.298,0.119,0.929,0.0745,1039.68,9565.03,260,956.5,0.0,1.218,0.06,0.118,0.0,0.12,0,0,Normal,2.22,3.99,0.4,0.0,0,None
2026-04-29 12:30:00,32.44,0,0,0,228.95,1.79,0.371,0.173,0.906,0.0928,1039.77,9565.88,260,956.59,0.0,1.218,0.045,0.12,0.0,0.206,0,0,Normal,3.94,3.02,0.39,0.0,0,None
2026-04-29 12:45:00,33.08,0,0,0,231.53,1.02,0.226,0.072,0.953,0.0565,1039.83,9566.4,260,956.64,0.0,1.218,0.043,0.02,0.0,0.163,0,0,Normal,3.78,2.11,0.98,0.0,0,None
2026-04-29 13:00:00,33.79,0,0,0,227.47,1.45,0.316,0.096,0.957,0.079,1039.9,9567.13,260,956.71,0.0,1.218,0.049,0.02,0.0,0.247,0,0,Normal,2.81,2.83,0.23,0.0,0,None
2026-04-29 13:15:00,33.56,0,0,0,228.28,1.05,0.228,0.075,0.949,0.057,1039.96,9567.65,260,956.77,0.0,1.218,0.047,0.02,0.0,0.161,0,0,Normal,2.56,3.19,0.71,0.0,0,None
2026-04-29 13:30:00,34.31,0,0,0,227.98,1.17,0.248,0.096,0.933,0.062,1040.02,9568.22,260,956.82,0.0,1.218,0.065,0.02,0.0,0.163,0,0,Normal,4.27,1.47,0.51,0.0,0,None
2026-04-29 13:45:00,34.03,0,0,0,228.12,1.41,0.307,0.094,0.956,0.0768,1040.1,9568.93,260,956.89,0.0,1.218,0.061,0.123,0.0,0.123,0,0,Normal,2.64,3.78,0.62,0.0,0,None
2026-04-29 14:00:00,34.08,0,0,0,226.47,1.56,0.323,0.144,0.913,0.0808,1040.18,9569.67,260,956.97,0.0,1.219,0.068,0.129,0.0,0.126,0,0,Normal,3.92,1.2,0.87,0.0,0,None
2026-04-29 14:15:00,34.4,0,0,0,226.72,1.41,0.301,0.106,0.943,0.0752,1040.26,9570.36,260,957.04,0.0,1.219,0.055,0.02,0.0,0.226,0,0,Normal,2.27,1.2,0.85,0.0,0,None
2026-04-29 14:30:00,34.01,0,0,0,227.77,0.84,0.169,0.089,0.885,0.0422,1040.3,9570.75,260,957.08,0.0,1.219,0.047,0.02,0.0,0.102,0,0,Normal,4.39,2.64,0.66,0.0,0,None
2026-04-29 14:45:00,35.59,0,0,0,228.1,1.42,0.295,0.136,0.908,0.0738,1040.37,9571.43,260,957.14,0.0,1.219,0.044,0.02,0.0,0.231,0,0,Normal,2.03,1.39,0.59,0.0,0,None
2026-04-29 15:00:00,33.87,0,0,0,226.97,1.26,0.261,0.118,0.912,0.0652,1040.44,9572.03,260,957.2,0.0,1.219,0.044,0.02,0.0,0.197,0,0,Normal,2.96,2.67,0.66,0.0,0,None
2026-04-29 15:15:00,33.89,0,0,0,226.18,1.32,0.276,0.111,0.928,0.069,1040.51,9572.66,260,957.27,0.0,1.219,0.052,0.128,0.0,0.096,0,0,Normal,2.34,2.57,0.58,0.0,0,None
2026-04-29 15:30:00,32.94,0,0,0,227.64,1.31,0.282,0.097,0.945,0.0705,1040.58,9573.31,260,957.33,0.0,1.219,0.045,0.116,0.0,0.121,0,0,Normal,4.21,3.52,0.55,0.0,0,None
2026-04-29 15:45:00,33.52,0,0,0,226.92,1.1,0.238,0.073,0.956,0.0595,1040.64,9573.86,260,957.39,0.0,1.219,0.046,0.02,0.0,0.172,0,0,Normal,3.57,3.88,0.49,0.0,0,None
2026-04-29 16:00:00,33.77,0,0,0,228.39,0.99,0.206,0.091,0.914,0.0515,1040.69,9574.33,260,957.43,0.0,1.219,0.052,0.02,0.0,0.134,0,0,Normal,2.43,2.63,0.49,0.0,0,None
2026-04-29 16:15:00,32.53,0,0,0,227.8,1.35,0.281,0.127,0.912,0.0703,1040.76,9574.98,260,957.5,0.0,1.219,0.071,0.02,0.0,0.19,0,0,Normal,3.31,2.7,0.67,0.0,0,None
2026-04-29 16:30:00,32.12,0,0,0,227.25,0.77,0.163,0.061,0.937,0.0407,1040.8,9575.36,260,957.54,0.0,1.219,0.057,0.02,0.0,0.086,0,0,Normal,3.54,2.85,0.22,0.0,0,None
2026-04-29 16:45:00,33.21,0,0,0,226.6,1.9,0.393,0.175,0.914,0.0982,1040.9,9576.26,260,957.63,0.0,1.219,0.049,0.12,0.0,0.224,0,0,Normal,4.42,2.15,0.76,0.0,0,None
2026-04-29 17:00:00,32.93,0,0,0,227.33,1.66,0.336,0.169,0.893,0.084,1040.98,9577.03,260,957.7,0.0,1.219,0.052,0.114,0.0,0.17,0,0,Normal,2.16,1.4,0.67,0.0,0,None
2026-04-29 17:15:00,32.26,0,0,0,224.93,1.41,0.287,0.137,0.902,0.0718,1041.05,9577.69,260,957.77,0.0,1.219,0.04,0.02,0.0,0.227,0,0,Normal,2.46,3.08,0.46,0.0,0,None
2026-04-29 17:30:00,32.07,0,0,0,224.98,0.93,0.19,0.09,0.903,0.0475,1041.1,9578.13,260,957.81,0.0,1.219,0.037,0.02,0.0,0.133,0,0,Normal,2.75,3.07,0.27,0.0,0,None
2026-04-29 17:45:00,31.31,0,0,0,225.22,0.94,0.194,0.085,0.916,0.0485,1041.15,9578.58,260,957.86,0.0,1.219,0.038,0.02,0.0,0.136,0,0,Normal,2.36,1.15,0.41,0.0,0,None
2026-04-29 18:00:00,31.23,1,0,1,227.59,17.16,3.62,1.467,0.927,0.905,1042.05,9586.9,260,958.69,2.897,1.219,0.36,0.02,0.0,0.343,0,0,Normal,3.87,2.45,0.27,0.0,0,None
2026-04-29 18:15:00,31.33,1,0,1,225.24,18.0,3.589,1.884,0.885,0.8972,1042.95,9595.16,260,959.52,2.742,1.219,0.341,0.122,0.0,0.384,0,0,Normal,3.23,3.74,0.35,0.0,0,None
2026-04-29 18:30:00,30.11,1,0,1,224.33,14.42,2.985,1.248,0.923,0.7463,1043.7,9602.02,260,960.2,2.145,1.219,0.353,0.115,0.0,0.372,0,0,Normal,3.72,3.19,0.63,0.0,0,None
2026-04-29 18:45:00,31.57,1,0,1,225.71,17.92,3.643,1.755,0.901,0.9108,1044.61,9610.4,260,961.04,2.904,1.219,0.343,0.02,0.0,0.376,0,0,Normal,2.19,1.95,0.65,0.0,0,None
2026-04-29 19:00:00,29.94,1,0,1,223.27,23.29,4.676,2.276,0.899,1.169,1045.78,9621.16,260,962.12,2.25,1.219,0.359,0.02,1.662,0.385,0,0,Normal,2.21,2.97,0.42,0.0,0,None
2026-04-29 19:15:00,30.12,1,0,1,226.56,23.85,4.89,2.299,0.905,1.2225,1047.0,9632.4,260,963.24,2.286,1.219,0.356,0.02,1.776,0.452,0,0,Normal,2.07,3.36,0.77,0.0,0,None
2026-04-29 19:30:00,29.84,1,0,1,225.14,21.71,4.598,1.659,0.941,1.1495,1048.15,9642.98,260,964.3,2.065,1.219,0.34,0.02,1.79,0.383,0,0,Normal,2.73,3.6,0.66,0.0,0,None
2026-04-29 19:45:00,29.88,1,0,1,223.86,19.87,4.26,1.277,0.958,1.065,1049.21,9652.78,260,965.28,2.113,1.219,0.343,0.11,1.326,0.368,0,0,Normal,3.82,2.58,0.39,0.0,0,None
2026-04-29 20:00:00,28.26,1,0,1,228.3,18.06,3.866,1.431,0.938,0.9665,1050.18,9661.67,260,966.17,1.317,1.219,0.352,0.12,1.674,0.403,0,0,Normal,4.23,1.9,0.28,0.0,0,None
2026-04-29 20:15:00,28.43,1,0,1,227.27,16.07,3.448,1.205,0.944,0.862,1051.04,9669.6,260,966.96,1.353,1.219,0.343,0.02,1.378,0.354,0,0,Normal,3.99,1.79,0.69,0.0,0,None
2026-04-29 20:30:00,27.09,1,0,1,226.02,13.95,2.806,1.436,0.89,0.7015,1051.74,9676.05,260,967.61,0.697,1.22,0.343,0.02,1.33,0.416,0,0,Normal,2.29,3.66,0.88,0.0,0,None
2026-04-29 20:45:00,27.25,1,0,1,229.06,13.65,2.998,0.891,0.959,0.7495,1052.49,9682.95,260,968.29,0.9,1.22,0.339,0.02,1.451,0.288,0,0,Normal,2.54,1.34,0.99,0.0,0,None
2026-04-29 21:00:00,26.08,1,0,1,226.76,13.02,2.696,1.204,0.913,0.674,1053.17,9689.15,260,968.91,0.282,1.22,0.365,0.02,1.642,0.387,0,0,Normal,3.71,1.64,0.21,0.0,0,None
2026-04-29 21:15:00,26.38,1,0,1,229.47,15.0,3.168,1.347,0.92,0.792,1053.96,9696.43,260,969.64,0.398,1.22,0.329,0.113,1.996,0.332,0,0,Normal,3.88,1.19,0.52,0.0,0,None
2026-04-29 21:30:00,26.64,1,0,1,228.56,14.12,2.929,1.354,0.908,0.7322,1054.69,9703.17,260,970.32,0.601,1.22,0.349,0.115,1.415,0.449,0,0,Normal,2.44,3.89,0.27,0.0,0,None
2026-04-29 21:45:00,26.61,1,0,1,226.11,15.28,3.148,1.423,0.911,0.787,1055.48,9710.41,260,971.04,0.558,1.22,0.337,0.02,1.892,0.341,0,0,Normal,2.22,2.73,0.6,0.0,0,None
2026-04-29 22:00:00,25.56,1,0,1,227.74,3.41,0.738,0.245,0.949,0.1845,1055.66,9712.11,260,971.21,0.0,1.22,0.344,0.02,0.0,0.374,0,0,Normal,2.93,2.12,0.23,0.0,0,None
2026-04-29 22:15:00,25.57,1,0,1,227.04,4.09,0.869,0.33,0.935,0.2172,1055.88,9714.11,260,971.41,0.034,1.22,0.335,0.02,0.0,0.48,0,0,Normal,4.02,3.36,0.67,0.0,0,None
2026-04-29 22:30:00,24.56,1,0,1,227.02,3.51,0.746,0.283,0.935,0.1865,1056.07,9715.82,260,971.58,0.0,1.22,0.357,0.02,0.0,0.369,0,0,Normal,2.51,1.25,0.94,0.0,0,None
2026-04-29 22:45:00,25.12,1,0,1,228.16,3.57,0.767,0.273,0.942,0.1917,1056.26,9717.59,260,971.76,0.0,1.22,0.361,0.117,0.0,0.289,0,0,Normal,2.83,2.68,0.83,0.0,0,None
2026-04-29 23:00:00,23.33,1,0,1,230.23,4.08,0.834,0.433,0.887,0.2085,1056.47,9719.51,260,971.95,0.0,1.22,0.349,0.119,0.0,0.366,0,0,Normal,2.34,2.54,0.62,0.0,0,None
2026-04-29 23:15:00,23.66,1,0,1,228.35,3.66,0.756,0.357,0.904,0.189,1056.66,9721.24,260,972.12,0.0,1.22,0.355,0.02,0.0,0.381,0,0,Normal,4.44,2.25,0.41,0.0,0,None
2026-04-29 23:30:00,23.92,1,0,1,229.15,3.56,0.735,0.353,0.901,0.1838,1056.84,9722.93,260,972.29,0.0,1.22,0.349,0.02,0.0,0.366,0,0,Normal,2.11,1.66,0.4,0.0,0,None
2026-04-29 23:45:00,22.05,1,0,1,229.31,3.12,0.661,0.275,0.923,0.1652,1057.01,9724.46,260,972.45,0.0,1.22,0.34,0.02,0.0,0.301,0,0,Normal,3.22,1.24,0.71,0.0,0,None
